idx	token	lemma	dialogism_score
0	at	at	0.1606357004642853
1	non	non	0.41864799612008574
2	in	in	0.1978304838181022
3	pharia	pharia	0.26062014112823756
4	manes	maneo	0.3712518590122154
5	iacuere	iaceo	0.23811629517986854
6	fauilla	fauilla	0.20865663975654844
7	nec	neque	0.2829151588008186
8	cinis	cinis	0.25871823769423186
9	exiguus	exiguus	0.23324811376621407
10	tantam	tantus	0.3632658018373798
11	conpescuit	compesco	0.2386770684037392
12	umbram	umbra	0.24678373010990648
13	prosiluit	prosilio	0.19101422105690824
14	busto	bustum	0.2286286963790729
15	semusta	semustus	0.23640037117538065
16	que	que	0.2012336315258229
17	membra	membrum	0.2161167073166522
18	relinquens	relinquo	0.24069646796860658
19	degenerem	degener	0.2671668058406764
20	que	que	0.2012336315258229
21	rogum	rogus	0.2386925815319514
22	sequitur	sequor	0.24065586947726203
23	conuexa	conuexus	0.2478369234575559
24	tonantis	tono	0.23855989347334483
25	qua	qua	0.28888361284606867
26	niger	niger	0.20639587745435747
27	astriferis	astrifer	0.2202806993661794
28	conectitur	conecto	0.22217076698015573
29	axibus	axis	0.21456831012598562
30	aer	aer	0.2028282772233796
31	quodque	quisque	0.28850703265727246
32	patet	pateo	0.2222757529588352
33	terras	terra	0.2647419532795139
34	inter	inter	0.18322509933303344
35	lunae	luna	0.2257268795485004
36	que	que	0.2012336315258229
37	meatus	meatus	0.2563387948579201
38	semidei	semides	0.2439513416543817
39	manes	maneo	0.3074196783285108
40	habitant	habito	0.24785280903285456
41	quos	qui	0.40175079268290337
42	ignea	igneus	0.2294138444825649
43	uirtus	uirtus	0.27612282785519643
44	innocuos	innocuus	0.23298040519626412
45	uita	uita	0.28654465641305227
46	patientes	patior	0.2583116448285028
47	aetheris	aether	0.19113433422434764
48	imi	imus	0.24590287184173093
49	fecit	facio	0.23998457755906463
50	et	et	0.15833624089312415
51	aeternos	aeternus	0.26458932032552873
52	animam	anima	0.29762868086169125
53	collegit	colligo	0.19712133776948793
54	in	in	0.1978304838181022
55	orbes	orbis	0.22439739476224693
56	non	non	0.41864799612008574
57	illuc	illic	0.2614751667984639
58	auro	aurum	0.18434785254331865
59	positi	pono	0.21594293416443483
60	nec	neque	0.2829151588008186
61	ture	tus	0.2126884228530802
62	sepulti	sepelio	0.23011922536022414
63	perueniunt	peruenio	0.23776567306641339
64	illic	illic	0.2614751667984639
65	postquam	postquam	0.2320209769739487
66	se	sui	0.20014995987546627
67	lumine	lumen	0.1969634278589538
68	uero	uero	0.1912936845066331
69	inpleuit	impleo	0.17706899959696223
70	stellas	stella	0.2373223854624759
71	que	que	0.2012336315258229
72	uagas	uago	0.22954138393003037
73	miratus	miror	0.20258936531959
74	et	et	0.15833624089312415
75	astra	astrum	0.25095284046112454
76	fixa	figo	0.20137920359964667
77	polis	polus	0.2089053832774578
78	uidit	uideo	0.24042353528065852
79	quanta	quantus	0.3117936464923038
80	sub	sub	0.2257075636269553
81	nocte	nox	0.19630855228866928
82	iaceret	iaceo	0.26904809540650454
83	nostra	noster	0.5047294415688401
84	dies	dies	0.23289740198284148
85	risit	rideo	0.21604119731686472
86	que	que	0.2012336315258229
87	sui	sui	0.1920571993373194
88	ludibria	ludibrium	0.2588519265229023
89	trunci	truncus	0.20103783753720889
90	hinc	hinc	0.23329927088887015
91	super	super	0.1891739530801819
92	emathiae	emathia	0.2616653990025134
93	campos	campus	0.20867139176361377
94	et	et	0.15833624089312415
95	signa	signum	0.23320731485829266
96	cruenti	cruentus	0.23171400431078404
97	caesaris	caesar	0.24877964761453203
98	ac	ac	0.15864200912649323
99	sparsas	spargo	0.19704121063783764
100	uolitauit	uolito	0.22772329190670684
101	in	in	0.1978304838181022
102	aequore	aequor	0.19835742767261574
103	classes	classis	0.2458831730238092
104	et	et	0.15833624089312415
105	scelerum	scelus	0.28138137928170914
106	uindex	uindex	0.2340963862648891
107	in	in	0.1978304838181022
108	sancto	sanctus	0.22472567832297483
109	pectore	pectus	0.17834214974671095
110	bruti	brutum	0.21549655265091247
111	sedit	sedeo	0.19515639362013032
112	et	et	0.15833624089312415
113	inuicti	inuictus	0.23125463363176785
114	posuit	pono	0.22559471933011574
115	se	sui	0.20014995987546627
116	mente	mens	0.23351777026889114
117	catonis	cato	0.23554938724960434
118	ille	ille	0.22548811421451656
119	ubi	ubi	0.27559131882881843
120	pendebant	pendo	0.21029248654656002
121	casus	casus	0.2548304129594036
122	dubium	dubius	0.23643858596417872
123	que	que	0.2012336315258229
124	manebat	maneo	0.2861674954649077
125	quem	qui	0.40807426186120543
126	dominum	dominus	0.23579789577844867
127	mundi	mundus	0.25188667932710695
128	facerent	facio	0.26368955586764115
129	ciuilia	ciuilis	0.2592879624796505
130	bella	bellum	0.2873119181044336
131	oderat	odi	0.23367718718071417
132	et	et	0.15833624089312415
133	magnum	magnus	0.2795751249037022
134	quamuis	quamuis	0.30154044275768344
135	comes	comes	0.2163235147249964
136	isset	eo	0.28061398784979874
137	in	in	0.1978304838181022
138	arma	arma	0.24886190800705116
139	auspiciis	auspicium	0.2257073658604743
140	raptus	rapio	0.20374266885380232
141	patriae	patria	0.3171286983860965
142	ductu	ductus	0.21739921421097042
143	que	que	0.2012336315258229
144	senatus	senatus	0.2229214853258596
145	at	at	0.1606357004642853
146	post	post	0.23400430681384726
147	thessalicas	thessalicus	0.25469387355528694
148	clades	clades	0.24399908351184088
149	iam	iam	0.2423169147710674
150	pectore	pectus	0.17834214974671095
151	toto	totus	0.23371265276574277
152	pompeianus	pompeianus	0.12880528110062514
153	erat	sum	0.39446734537716976
154	patriam	patria	0.3187570644628495
155	tutore	tutor	0.2074985778422529
156	carentem	careo	0.26548456022268163
157	excepit	excipio	0.2053886197294712
158	populi	populus	0.22816971735396674
159	trepidantia	trepido	0.23753451815666426
160	membra	membrum	0.2161167073166522
161	refouit	refoueo	0.23061296626483468
162	ignauis	ignauus	0.22157284703519536
163	manibus	manus	0.203517708708326
164	proiectos	proicio	0.21993464817110125
165	reddidit	reddo	0.25108962830025944
166	enses	ensis	0.18935821157836374
167	nec	neque	0.2829151588008186
168	regnum	regnum	0.32504068335516906
169	cupiens	cupio	0.24493413169757014
170	gessit	gero	0.22912007985135713
171	ciuilia	ciuilis	0.2592879624796505
172	bella	bellum	0.2873119181044336
173	nec	neque	0.2829151588008186
174	seruire	seruio	0.3114133566398123
175	timens	timeo	0.2598482053691845
176	nil	nihil	0.5376309956045434
177	causa	causa	0.2447281440744139
178	fecit	facio	0.23998457755906463
179	in	in	0.1978304838181022
180	armis	arma	0.2185418152102389
181	ille	ille	0.22548811421451656
182	sua	suus	0.226591481728214
183	totae	totus	0.2477651766404501
184	post	post	0.23400430681384726
185	magni	magnus	0.2587224555281922
186	funera	funus	0.2868618439872017
187	partes	pars	0.17100572382544102
188	libertatis	libertas	0.2503010343926291
189	erant	sum	0.3902516992583017
190	quas	qui	0.4173252507543872
191	ne	ne	0.4182298357594052
192	per	per	0.19585738350308546
193	litora	litus	0.22302933788088103
194	fusas	fundo	0.1672518702266479
195	colligeret	colligo	0.2244397270370942
196	rapido	rapidus	0.16645224709525225
197	uictoria	uictoria	0.2445321330734867
198	caesaris	caesar	0.24877964761453203
199	actu	actus	0.19909728300783472
200	corcyrae	corcyra	0.14904562761188558
201	secreta	secerno	0.23589464167375504
202	petit	peto	0.24791473468260355
203	ac	ac	0.15864200912649323
204	mille	mille	0.08777211825898495
205	carinis	carina	0.21181660816450046
206	abstulit	aufero	0.21061343935935078
207	emathiae	emathius	0.23851211964814098
208	secum	secus	0.189940449270729
209	fragmenta	fragmentum	0.23746686177386514
210	ruinae	ruina	0.2534581206565235
211	quis	quis	0.45278352088249413
212	ratibus	ratis	0.20180970910388035
213	tantis	tantus	0.32662223986226546
214	fugientia	fugio	0.24783681786610984
215	crederet	credo	0.2982833630567955
216	ire	eo	0.2989716515304487
217	agmina	agmen	0.1783217441861611
218	quis	quis	0.45278352088249413
219	pelagus	pelagus	0.24737979797248427
220	uictas	uinco	0.2787711265730375
221	artasse	arto	0.236846943272388
222	carinas	carina	0.24213670096131268
223	dorida	doridus	0.12066141361198747
224	tum	tum	0.17315010599734665
225	malean	malean	0.1717661744074685
226	et	et	0.15833624089312415
227	apertam	aperio	0.23565133195301186
228	taenaron	taenaron	0.23708696718053723
229	umbris	umbra	0.2101401681347922
230	inde	inde	0.2064228473602847
231	cythera	cythera	0.25998502778597987
232	petit	peto	0.24791473468260355
233	borea	boreas	0.18899319460074357
234	que	que	0.2012336315258229
235	urguente	urguens	0.24215943271608187
236	carinas	carina	0.24213670096131268
237	graia	graia	0.20733366914153245
238	fugit	fugio	0.23805372621094295
239	dictaea	dictaeus	0.23951839795323066
240	legit	lego	0.20372017371834356
241	cedentibus	cedo	0.23539043704319218
242	undis	unda	0.1826751395231377
243	litora	litus	0.22302933788088103
244	tunc	tunc	0.2257129983250269
245	ausum	aurum	0.18100079073088984
246	classi	classis	0.2730065990239795
247	praecludere	praecludo	0.28812308459385233
248	portus	portus	0.21977335917488044
249	inpulit	impello	0.2012597154375802
250	ac	ac	0.15864200912649323
251	saeuas	saeuus	0.2548920237223426
252	meritum	meritum	0.28444966593888715
253	phycunta	phycuntus	0.14830788245777082
254	rapinas	rapina	0.26551222205895175
255	sparsit	spargo	0.19419658861036798
256	et	et	0.15833624089312415
257	hinc	hinc	0.23329927088887015
258	placidis	placidus	0.19499404159514083
259	alto	altus	0.14625150677297483
260	delabitur	delabor	0.21902146924085023
261	auris	auris	0.23147479231888812
262	in	in	0.1978304838181022
263	litus	litus	0.2293528070591831
264	palinure	palinur	0.12400374611909955
265	tuum	tuus	0.5074329229217824
266	neque	neque	0.2829151588008186
267	enim	enim	0.35381180875983953
268	aequore	aequor	0.19835742767261574
269	tantum	tantum	0.31766075887298484
270	ausonio	ausonius	0.3273887043678537
271	monimenta	monimentum	0.26685503275523337
272	tenes	teneo	0.30588822147011585
273	portus	portus	0.21977335917488044
274	que	que	0.2012336315258229
275	quietos	quietus	0.2392880953544651
276	testatur	testor	0.2526845969706857
277	libye	libye	0.20733366914153245
278	phrygio	phrygio	0.1050869555405037
279	placuisse	placeo	0.28894891292274716
280	magistro	magister	0.24746182644456954
281	cum	cum	0.28550000025989547
282	procul	procul	0.2607864745479858
283	ex	ex	0.19918257400950565
284	alto	altum	0.20753264718106723
285	tendentes	tendo	0.21569864661733415
286	uela	uelum	0.2515768701548564
287	carinae	carina	0.23584244644478297
288	ancipites	anceps	0.22489813793308303
289	tenuere	teneo	0.21719044696377846
290	animos	animus	0.2422447953382303
291	sociosne	sociosne	0.12880528110062514
292	malorum	malum	0.2495162465427102
293	an	an	0.39867536446955243
294	ueherent	ueho	0.24733872397527312
295	hostes	hostis	0.23078327434814588
296	praeceps	praeceps	0.19854337492165897
297	facit	facio	0.2536403696778009
298	omne	omnis	0.279253992495763
299	timendum	timeo	0.29436093830511223
300	uictor	uictor	0.23544546989624737
301	et	et	0.15833624089312415
302	in	in	0.1978304838181022
303	nulla	nullus	0.28530592037031244
304	non	non	0.41864799612008574
305	creditur	credo	0.2797679221243843
306	esse	sum	0.4721995529199149
307	carina	carina	0.24216591562308504
308	ast	at	0.1606357004642853
309	illae	ille	0.2347391031076983
310	puppes	puppis	0.20935487843397974
311	luctus	luctus	0.22857013931449682
312	planctus	planctus	0.2260488145201802
313	que	que	0.2012336315258229
314	ferebant	fero	0.23648057502080885
315	et	et	0.15833624089312415
316	mala	malum	0.25114461261946325
317	uel	uel	0.2357473342493982
318	duri	durus	0.23342824925024644
319	lacrimas	lacrima	0.21642052825279104
320	motura	moueo	0.2630050594788913
321	catonis	cato	0.23554938724960434
322	nam	nam	0.33628882326213133
323	postquam	postquam	0.2320209769739487
324	frustra	frustra	0.26239887367452513
325	precibus	prex	0.2186507016161719
326	cornelia	cornelius	0.23739447990069829
327	nautas	nauta	0.2327976198592377
328	priuigni	priuignus	0.2351015833129509
329	que	que	0.2012336315258229
330	fugam	fuga	0.2591218442544247
331	tenuit	teneo	0.22080385792280818
332	ne	ne	0.4182298357594052
333	forte	forte	0.253720252933088
334	repulsus	repello	0.2140678032414997
335	litoribus	litus	0.1927092450840688
336	phariis	pharius	0.19949919044099296
337	remearet	remeo	0.25759962200593367
338	in	in	0.1978304838181022
339	aequora	aequor	0.22235405129112595
340	truncus	truncus	0.20736130671551095
341	ostendit	ostendo	0.2225308107364588
342	que	que	0.2012336315258229
343	rogum	rogus	0.2386925815319514
344	non	non	0.41864799612008574
345	iusti	iustus	0.24879704126573138
346	flamma	flamma	0.19753765800629097
347	sepulchri	sepulchrum	0.25985453682069026
348	ergo	ergo	0.2082319215402339
349	indigna	indignus	0.27149824783412885
350	fui	sum	0.4774062378683298
351	dixit	dico	0.16905737164348394
352	fortuna	fortuna	0.2987094485309642
353	marito	maritus	0.2635563864290816
354	accendisse	accendo	0.2111743683350744
355	rogum	rogus	0.2386925815319514
356	gelidos	gelidus	0.2094293431541205
357	que	que	0.2012336315258229
358	effusa	effundo	0.18713908626383177
359	per	per	0.19585738350308546
360	artus	artus	0.2211648407493434
361	incubuisse	incubo	0.22182223258664666
362	uiro	uir	0.22168527456976403
363	laceros	lacer	0.21223060960200463
364	exurere	exuro	0.286227799509592
365	crines	crinis	0.17989981361452664
366	membra	membrum	0.2161167073166522
367	que	que	0.2012336315258229
368	dispersi	dispergo	0.19493410299628613
369	pelago	pelagus	0.217059705175672
370	conponere	compono	0.29226235507863735
371	magni	magnus	0.24773309791011347
372	uolneribus	uolnus	0.2103875049492258
373	cunctis	cunctus	0.32798460856691125
374	largos	largus	0.20803502542455415
375	infundere	infundo	0.25271645574597007
376	fletus	fletus	0.21617386066549277
377	ossibus	os	0.16674447597579922
378	et	et	0.15833624089312415
379	tepida	tepidus	0.243631569996133
380	uestes	uestis	0.2077048033916012
381	inplere	impleo	0.2269750256471092
382	fauilla	fauilla	0.20865663975654844
383	quidquid	quidquid	0.31944625823902195
384	ab	ab	0.19208305618423893
385	exstincto	exstinctus	0.20981964767811462
386	licuisset	licet	0.3457749102664469
387	tollere	tollo	0.2501897821466136
388	busto	bustum	0.2286286963790729
389	in	in	0.1978304838181022
390	templis	templum	0.22807963357489006
391	sparsura	spargo	0.23879495640413928
392	deum	deus	0.29994909558115235
393	sine	sine	0.2704718843185471
394	funeris	funus	0.2915569470887508
395	ullo	ullus	0.29691571178042614
396	ardet	ardeo	0.1981562189049812
397	honore	honor	0.22545625209809445
398	rogus	rogus	0.23239832701542162
399	manus	manus	0.23383780150513822
400	hoc	hic	0.4324442720018331
401	aegyptia	aegyptius	0.2403841163345338
402	forsan	forsan	0.2975178760234555
403	obtulit	offero	0.21594592465742504
404	officium	officium	0.2879340230296167
405	graue	grauis	0.21289575469312227
406	manibus	manus	0.203517708708326
407	o	o	0.5610938669544605
408	bene	bene	0.28896541355112837
409	nudi	nudus	0.2012488328141681
410	crassorum	crassus	0.24225532086713042
411	cineres	cinis	0.25868902303245955
412	pompeio	pompeius	0.1050869555405037
413	contigit	contingo	0.23704002867043153
414	ignis	ignis	0.23187192093108364
415	inuidia	inuidia	0.23506598711824095
416	maiore	maior	0.21783099802971445
417	deum	deus	0.2919972603260973
418	similisne		0.12911279382078622
419	malorum	malum	0.2495162465427102
420	sors	sors	0.27280003208613224
421	mihi	ego	0.8291840257695525
422	semper	semper	0.3082980463941676
423	erit	sum	0.43508516753887483
424	numquam	numquam	0.31306704929845697
425	dare	do	0.3347008454221613
426	iusta	iustus	0.2633262414629393
427	licebit	licet	0.3490418240355543
428	coniugibus	coniunx	0.28765989247043866
429	numquam	numquam	0.31306704929845697
430	plenas	plenus	0.24113943718230782
431	plangemus	plango	0.3141714836755019
432	ad	ad	0.2070463735264641
433	urnas	urna	0.2566577398319495
434	quid	quis	0.4783020786977808
435	porro	porro	0.29361573576647265
436	tumulis	tumulus	0.26656555787797387
437	opus	opus	0.2391750391356675
438	est	sum	0.4103991028490287
439	aut	aut	0.2796425113942012
440	ulla	ullus	0.3401366386976933
441	requiris	requiro	0.3200740380147641
442	instrumenta	instrumentum	0.2588519265229023
443	dolor	dolor	0.2322480335921584
444	non	non	0.41864799612008574
445	toto	totus	0.23371265276574277
446	in	in	0.1978304838181022
447	pectore	pectus	0.17834214974671095
448	portas	porta	0.22456419460493054
449	inpia	impius	0.2972336849105718
450	pompeium	pompeius	0.13509953561715488
451	non	non	0.41864799612008574
452	imis	imus	0.20754534343625758
453	haeret	haereo	0.18308005367536118
454	imago	imago	0.22961410877567318
455	uisceribus	uiscus	0.2668221842968049
456	quaerat	quaero	0.2773233231305162
457	cineres	cinis	0.25868902303245955
458	uictura	uictura	0.2098203929280818
459	superstes	superstes	0.23726823225452712
460	nunc	nunc	0.38025600229896883
461	tamen	tamen	0.2923938340440465
462	hinc	hinc	0.23329927088887015
463	longe	longe	0.2539216207916641
464	qui	qui	0.40178000734467567
465	fulget	fulgeo	0.2067374272386301
466	luce	lux	0.22872489463163478
467	maligna	malignus	0.21857093507061592
468	ignis	ignis	0.23187192093108364
469	adhuc	adhuc	0.2728667279190589
470	aliquid	aliquis	0.36637065249254835
471	phario	pharius	0.22535447563821304
472	de	de	0.21528495638144768
473	litore	litus	0.19903271426237085
474	surgens	surgo	0.22716227326273997
475	ostendit	ostendo	0.2225308107364588
476	mihi	ego	0.8291840257695525
477	magne	magnus	0.28590078026022125
478	tui	tu	0.6476405995019823
479	iam	iam	0.2423169147710674
480	flamma	flamma	0.2215634962865735
481	resedit	resideo	0.21388155015825755
482	pompeium	pompeius	0.13509953561715488
483	que	que	0.2012336315258229
484	ferens	fero	0.2525642476754648
485	uanescit	uanesco	0.22622062580172514
486	solis	sol	0.22789764419002917
487	ad	ad	0.2070463735264641
488	ortus	ortus	0.21617386066549277
489	fumus	fumus	0.22671480255925358
490	et	et	0.15833624089312415
491	inuisi	inuiso	0.2153167837313842
492	tendunt	tendo	0.21688417704044416
493	mihi	ego	0.8291840257695525
494	carbasa	carbasa	0.2304034916374887
495	uenti	uentus	0.19918695272074968
496	linquere	linquo	0.2686169409171773
497	siqua	siquis	0.2723108535807196
498	fides	fides	0.2833496741662146
499	pelusia	pelusius	0.14830788245777082
500	litora	litus	0.22302933788088103
501	nolo	nolo	0.33580991346595457
502	non	non	0.41864799612008574
503	mihi	ego	0.8291840257695525
504	nunc	nunc	0.38025600229896883
505	tellus	tellus	0.2505410725382413
506	pompeio	pompeius	0.15589949243902312
507	siqua	siquis	0.27593148414622043
508	triumphos	triumphus	0.2602848697638894
509	uicta	uinco	0.2787878206654788
510	dedit	do	0.28479481937201434
511	non	non	0.41864799612008574
512	alta	alo	0.21440924183761487
513	terens	tero	0.24073403306709143
514	capitolia	capitolium	0.2606729409875487
515	currus	currus	0.1801422469511988
516	gratior	gratus	0.23441835968839325
517	elapsus	elabor	0.21956498153144244
518	felix	felix	0.28482979070436376
519	de	de	0.21528495638144768
520	pectore	pectus	0.17834214974671095
521	magnus	magnus	0.2540565670884155
522	hunc	hic	0.41321996870307615
523	uolumus	uolo	0.3199894277360952
524	quem	qui	0.40807426186120543
525	nilus	nilus	0.223479456227198
526	habet	habeo	0.2882137826931031
527	terrae	terra	0.2918653792796842
528	que	que	0.2012336315258229
529	nocenti	noceo	0.2736265548463555
530	non	non	0.41864799612008574
531	haerere	haereo	0.21933028760677192
532	queror	queror	0.3145844829806623
533	crimen	crimen	0.2776682455364501
534	commendat	commendo	0.2346636552240982
535	harenas	harena	0.2364641864720739
536	tu	tu	0.8062833186954053
537	pete	peto	0.35868410837438747
538	bellorum	bellum	0.2856835520276806
539	casus	casus	0.2611246674759334
540	et	et	0.15833624089312415
541	signa	signum	0.23320731485829266
542	per	per	0.19585738350308546
543	orbem	orbis	0.23072086394054897
544	sexte	sextus	0.2503401806052125
545	paterna	paternus	0.26611408638660594
546	moue	moueo	0.344900789247355
547	namque	namque	0.33913627385709744
548	haec	hic	0.42612080282353104
549	mandata	mandatum	0.2628559233482497
550	reliquit	relinquo	0.22822620627298035
551	pompeius	pompeius	0.12880528110062514
552	uobis	uos	0.5736208220087495
553	in	in	0.1978304838181022
554	nostra	noster	0.48070360328855755
555	condita	condo	0.2062427122765264
556	cura	cura	0.23098393825137947
557	me	ego	0.8083840689476842
558	cum	cum	0.2052975334096333
559	fatalis	fatalis	0.2414062685053579
560	leto	letum	0.2350357961768667
561	damnauerit	damno	0.2507168014635449
562	hora	hora	0.24665204598315477
563	excipite	excipio	0.3262003745809616
564	o	o	0.5610938669544605
565	nati	natis	0.23103058735016493
566	bellum	bellum	0.29363538728273564
567	ciuile	ciuilis	0.2656114316579526
568	nec	neque	0.2829151588008186
569	umquam	umquam	0.3150280631168124
570	dum	dum	0.32876745542494623
571	terris	terra	0.23442186048270164
572	aliquis	aliquis	0.3408520946772617
573	nostra	noster	0.48070360328855755
574	de	de	0.21528495638144768
575	stirpe	stirpes	0.24611796359558374
576	manebit	maneo	0.3209827716035121
577	caesaribus	caesar	0.2648845013348513
578	regnare	regno	0.28330006489413995
579	uacet	uaco	0.2650760029825337
580	uel	uel	0.2357473342493982
581	sceptra	sceptrum	0.27089352962862573
582	uel	uel	0.2357473342493982
583	urbes	urbs	0.26698261060205447
584	libertate	libertas	0.2216093076725699
585	sua	suus	0.19894501288243066
586	ualidas	ualidus	0.20766240040787748
587	inpellite	impello	0.3220714702890706
588	fama	fama	0.25860363284845517
589	nominis	nomen	0.2608349955824445
590	has	hic	0.42247095759625786
591	uobis	uos	0.5736208220087495
592	partes	pars	0.17729997834197073
593	haec	hic	0.42612080282353104
594	arma	arma	0.24886190800705116
595	relinquo	relinquo	0.3129724776698537
596	inueniet	inuenio	0.2587595808716125
597	classes	classis	0.2458831730238092
598	quisquis	quisquis	0.32735041254482855
599	pompeius	pompeius	0.12911279382078622
600	in	in	0.1978304838181022
601	undas	unda	0.21299523231994993
602	uenerit	uenio	0.2835652982400275
603	et	et	0.15833624089312415
604	noster	noster	0.4891549834973563
605	nullis	nullus	0.2789824511920104
606	non	non	0.41864799612008574
607	gentibus	gens	0.3293640059184729
608	heres	heres	0.23069893087398158
609	bella	bellum	0.2873119181044336
610	dabit	do	0.3196100955106187
611	tantum	tantum	0.31766075887298484
612	indomitos	indomitus	0.21880463845488776
613	memores	memor	0.24685304099788521
614	que	que	0.2012336315258229
615	paterni	paternus	0.27080918948815497
616	iuris	ius	0.28548886631360826
617	habete	habeo	0.3953697454258573
618	animos	animus	0.2422447953382303
619	uni	unus	0.30898492576877856
620	parere	paro	0.30782239602214195
621	decebit	decet	0.29268644130012755
622	si	si	0.5027294574644618
623	faciet	facio	0.27479985369766896
624	partes	pars	0.17729997834197073
625	pro	pro	0.2911763213301979
626	libertate	libertas	0.2216093076725699
627	catoni	cato	0.2579777101482256
628	exsolui	exsoluo	0.3032767269541493
629	tibi	tu	0.8015333168619974
630	magne	magnus	0.28590078026022125
631	fidem	fides	0.28964392868274424
632	mandata	mandatum	0.2628559233482497
633	peregi	perago	0.2840980496404685
634	insidiae	insidiae	0.22759314553191168
635	ualuere	ualeo	0.2579019377596944
636	tuae	tuus	0.49116535399967753
637	decepta	decipio	0.24176716035172205
638	que	que	0.2012336315258229
639	uixi	uiuo	0.30997156300192036
640	ne	ne	0.4182298357594052
641	mihi	ego	0.8291840257695525
642	commissas	committo	0.24165540610375685
643	auferrem	aufero	0.30902230790509416
644	perfida	perfidus	0.2659338631109968
645	uoces	uox	0.19696498843218385
646	iam	iam	0.2423169147710674
647	nunc	nunc	0.38025600229896883
648	te	tu	0.7807333600401292
649	per	per	0.19585738350308546
650	inane	inanis	0.27128613248683675
651	chaos	chaos	0.26892629121992173
652	per	per	0.19585738350308546
653	tartara	tartarus	0.2588519265229023
654	coniunx	coniunx	0.31430782155363224
655	si	si	0.5027294574644618
656	sunt	sum	0.4061834567301607
657	ulla	ullus	0.3401366386976933
658	sequar	sequor	0.3390647380230054
659	quam	quam	0.3311780972189745
660	longo	longus	0.21282720173998076
661	tradita	trado	0.22560821676814877
662	leto	letum	0.2861558457955472
663	incertum	incertus	0.23656456545776297
664	est	sum	0.4103991028490287
665	poenas	poena	0.29780941020377993
666	animae	anima	0.29600031478493816
667	uiuacis	uiuax	0.24555474617369877
668	ab	ab	0.19208305618423893
669	ipsa	ipse	0.26644197933656716
670	ante	ante	0.22209604880761186
671	feram	ferus	0.3516313086652079
672	potuit	possum	0.30514181297765275
673	cernens	cerno	0.2859294786519234
674	tua	tuus	0.5011094537434804
675	funera	funus	0.2868618439872017
676	magne	magnus	0.28590078026022125
677	non	non	0.41864799612008574
678	fugere	fugio	0.27430396014235364
679	in	in	0.1978304838181022
680	mortem	mors	0.294887671102794
681	planctu	planctus	0.20205219090166998
682	contusa	contundo	0.21549653330474927
683	peribit	pereo	0.27474158462819165
684	effluet	effluo	0.23774456088160406
685	in	in	0.1978304838181022
686	lacrimas	lacrima	0.21642052825279104
687	numquam	numquam	0.31306704929845697
688	ueniemus	uenio	0.35853925343013304
689	ad	ad	0.2070463735264641
690	enses	ensis	0.18935821157836374
691	aut	aut	0.2796425113942012
692	laqueos	laqueus	0.23526479712276083
693	aut	aut	0.2796425113942012
694	praecipites	praeceps	0.19851416025988666
695	per	per	0.19585738350308546
696	inania	inanis	0.2652701760286958
697	iactus	iactus	0.20591317551448457
698	turpe	turpis	0.28246866606703736
699	mori	morior	0.2777222403295279
700	post	post	0.23400430681384726
701	te	tu	0.7807333600401292
702	solo	solus	0.2999353324217273
703	non	non	0.41864799612008574
704	posse	possum	0.3550478390277997
705	dolore	dolor	0.20822219531187586
706	sic	sic	0.21619464466528485
707	ubi	ubi	0.27559131882881843
708	fata	fatum	0.3082749818072536
709	caput	caput	0.2474480722258332
710	ferali	feralis	0.21351831272629804
711	obduxit	obduco	0.2269951676839837
712	amictu	amictus	0.1847408713446137
713	decreuit	decerno	0.22774291690154197
714	que	que	0.2012336315258229
715	pati	patior	0.28727162665426775
716	tenebras	tenebra	0.24747711850828624
717	puppis	puppis	0.21564913295050944
718	que	que	0.2012336315258229
719	cauernis	cauerna	0.21813253358376394
720	delituit	delitesco	0.23870363026060443
721	saeuum	saeuus	0.2456410348291609
722	que	que	0.2012336315258229
723	arte	ars	0.22079133411834723
724	conplexa	complexo	0.1996205427078643
725	dolorem	dolor	0.2385422881086881
726	perfruitur	perfruor	0.13190128998192857
727	lacrimis	lacrima	0.18610043545597882
728	et	et	0.15833624089312415
729	amat	amo	0.24227159358076716
730	pro	pro	0.2911763213301979
731	coniuge	coniunx	0.258437770101544
732	luctum	luctus	0.23486439383102659
733	illam	ille	0.24735682680253004
734	non	non	0.41864799612008574
735	fluctus	fluctus	0.1966513783683997
736	stridens	strido	0.2032724939773841
737	que	que	0.2012336315258229
738	rudentibus	rudeo	0.267510708636729
739	eurus	eurus	0.23249296453894297
740	mouit	moueo	0.22047562343683486
741	et	et	0.15833624089312415
742	exurgens	exurgeo	0.22827583135078805
743	ad	ad	0.2070463735264641
744	summa	superus	0.24301897534594172
745	pericula	periculum	0.27797097373961205
746	clamor	clamor	0.16642210364785828
747	uota	uotum	0.2692803291937341
748	que	que	0.2012336315258229
749	sollicitis	sollicitus	0.23581900563368763
750	faciens	facio	0.25245483925469087
751	contraria	contrarius	0.25076604179801887
752	nautis	nauta	0.25359757668110594
753	conposita	compositus	0.24126813584077467
754	in	in	0.1978304838181022
755	mortem	mors	0.294887671102794
756	iacuit	iaceo	0.24172970613889827
757	fauit	faueo	0.2227055239091006
758	que	que	0.2012336315258229
759	procellis	procella	0.2067653258676769
760	prima	primus	0.21846343140388003
761	ratem	ratis	0.2384532710789946
762	cypros	cyper	0.12877606643885284
763	spumantibus	spumo	0.21821707101945406
764	accipit	accipio	0.2536784825953948
765	undis	unda	0.1826751395231377
766	inde	inde	0.2064228473602847
767	tenens	teneo	0.23327411961843442
768	pelagus	pelagus	0.24737979797248427
769	sed	sed	0.22991636605070076
770	iam	iam	0.2423169147710674
771	moderatior	moderatus	0.23505554875328016
772	eurus	eurus	0.23249296453894297
773	in	in	0.1978304838181022
774	libycas	libycus	0.2550758388698048
775	egit	ago	0.27381956517215444
776	sedes	sedes	0.26886391446904345
777	et	et	0.15833624089312415
778	castra	castra	0.2092836132426163
779	catonis	cato	0.23554938724960434
780	tristis	tristis	0.22288632295225536
781	ut	ut	0.27774099822990284
782	in	in	0.1978304838181022
783	multo	multus	0.24312500333218684
784	mens	mens	0.2575436085491737
785	est	sum	0.4103991028490287
786	praesaga	praesagus	0.24057056909854369
787	timore	timor	0.21802153258486034
788	aspexit	aspicio	0.2819756019273705
789	patrios	patrius	0.2319063835510452
790	comites	comes	0.2162943000632241
791	a	ab	0.19208305618423893
792	litore	litus	0.19903271426237085
793	magnus	magnus	0.2540565670884155
794	et	et	0.15833624089312415
795	fratrem	frater	0.2508900592785283
796	medias	medius	0.18756281496096627
797	praeceps	praeceps	0.19854337492165897
798	tunc	tunc	0.2257129983250269
799	fertur	fero	0.24889693431503368
800	in	in	0.1978304838181022
801	undas	unda	0.21299523231994993
802	dic	dico	0.29348253745400416
803	ubi	ubi	0.23809223003318064
804	sit	sum	0.4422705569945694
805	germane	germanus	0.30544324759137254
806	parens	parens	0.2884541349119779
807	stat	sto	0.22045097132213676
808	summa	summa	0.2385621988164223
809	caput	caput	0.2474480722258332
810	que	que	0.2012336315258229
811	orbis	orbis	0.22909249786379593
812	an	an	0.39867536446955243
813	occidimus	occido	0.3148967127599815
814	romana	romanus	0.21658958059190397
815	que	que	0.2012336315258229
816	magnus	magnus	0.2540565670884155
817	ad	ad	0.2070463735264641
818	umbras	umbra	0.24046026093160444
819	abstulit	aufero	0.21061343935935078
820	haec	hic	0.42250017225803016
821	fatur	for	0.1919115683810967
822	quem	qui	0.40807426186120543
823	contra	contra	0.19925112422853195
824	talia	talis	0.26492147779782893
825	frater	frater	0.2445958047619986
826	o	o	0.5610938669544605
827	felix	felix	0.3166740038761695
828	quem	qui	0.40807426186120543
829	sors	sors	0.27280003208613224
830	alias	alius	0.2896885821105678
831	dispersit	dispergo	0.20458588816196704
832	in	in	0.1978304838181022
833	oras	ora	0.250009680399889
834	quique	quisque	0.30733091132860113
835	nefas	nefas	0.25702722172592724
836	audis	audio	0.3166272392226099
837	oculos	oculus	0.1953018476080902
838	germane	germanus	0.30544324759137254
839	nocentis	noceo	0.24650312884618525
840	spectato	specto	0.214206705115522
841	genitore	genitor	0.23933473156376067
842	fero	ferus	0.22771416714223663
843	non	non	0.41864799612008574
844	caesaris	caesar	0.24877964761453203
845	armis	arma	0.2185418152102389
846	occubuit	occubo	0.21016415592614568
847	digno	dignus	0.2667029340581899
848	que	que	0.2012336315258229
849	perit	pereo	0.2399263084895873
850	auctore	auctor	0.22077498927803535
851	ruinae	ruina	0.2534581206565235
852	rege	rex	0.20065282645624796
853	sub	sub	0.2257075636269553
854	inpuro	impurus	0.1050869555405037
855	nilotica	niloticus	0.2410151104661991
856	rura	rus	0.2276187193805721
857	tenente	teneo	0.22844475949912085
858	hospitii	hospitium	0.27322965909933294
859	fretus	fretus	0.22852189400208
860	superis	superus	0.24428711614889198
861	et	et	0.15833624089312415
862	munere	munus	0.24738033881830634
863	tanto	tantus	0.3365955542678407
864	in	in	0.1978304838181022
865	proauos	proauus	0.2425639637520429
866	cecidit	cado	0.21344457165308894
867	donati	dono	0.21833824764991577
868	uictima	uictima	0.2328442120930171
869	regni	regnum	0.323412317278416
870	uidi	uideo	0.3115140145587957
871	ego	ego	0.8020898144311546
872	magnanimi	magnanimus	0.2257256855559287
873	lacerantes	lacero	0.2396292010100433
874	pectora	pectus	0.20233877336522116
875	patris	pater	0.2703324080378013
876	nec	neque	0.2829151588008186
877	credens	credo	0.2834352354848155
878	pharium	pharius	0.23614275241610727
879	tantum	tantum	0.32340592021506676
880	potuisse	possum	0.3311502028200113
881	tyrannum	tyrannus	0.22764573330001367
882	litore	litus	0.19903271426237085
883	niliaco	niliacus	0.3204643844342347
884	socerum	socer	0.28050767123417775
885	iam	iam	0.2423169147710674
886	stare	sto	0.25670120525354745
887	putaui	puto	0.30739324944437485
888	sed	sed	0.22991636605070076
889	me	ego	0.8083840689476842
890	nec	neque	0.2829151588008186
891	sanguis	sanguis	0.25730496934820674
892	nec	neque	0.2829151588008186
893	tantum	tantum	0.31766075887298484
894	uolnera	uolnero	0.24070759774603806
895	nostri	noster	0.48283151431905424
896	adfecere	adficio	0.20252127848648382
897	senis	senex	0.21976055161623625
898	quantum	quantum	0.35466394972641835
899	gestata	gesto	0.21894062922678476
900	per	per	0.19585738350308546
901	urbem	urbs	0.27330607978035654
902	ora	os	0.19706456877261144
903	ducis	dux	0.23496770228391017
904	quae	qui	0.4173544654161595
905	transfixo	transfigo	0.2015172149913516
906	sublimia	sublimis	0.23536422009892102
907	pilo	pilo	0.22836140675020128
908	uidimus	uideo	0.30790060359976595
909	haec	hic	0.42250017225803016
910	fama	fama	0.25860363284845517
911	est	sum	0.4103991028490287
912	oculis	oculus	0.16498175481127791
913	uictoris	uictor	0.2401113583360241
914	iniqui	iniquus	0.24366464389941606
915	seruari	seruo	0.27477629665639314
916	sceleris	scelus	0.2877048484600112
917	que	que	0.2012336315258229
918	fidem	fides	0.28964392868274424
919	quaesisse	quaero	0.26235753158653224
920	tyrannum	tyrannus	0.22764573330001367
921	nam	nam	0.33628882326213133
922	corpus	corpus	0.23636179095061682
923	phariaene	phariaene	0.12248181192232309
924	canes	canis	0.20228363595410848
925	auidae	auidus	0.20844792304898402
926	que	que	0.2012336315258229
927	uolucres	uolucer	0.21952275040226077
928	distulerint	distulesco	0.14680331995530999
929	an	an	0.39867536446955243
930	furtiuus	furtiuus	0.23300961985803642
931	quem	qui	0.40807426186120543
932	uidimus	uideo	0.30790060359976595
933	ignis	ignis	0.23187192093108364
934	soluerit	soleo	0.2454921180080693
935	ignoro	ignoro	0.29870701875887185
936	quaecumque	quicumque	0.3532658404546729
937	iniuria	iniuria	0.2679293419760788
938	fati	fatum	0.3129700849088026
939	abstulit	aufero	0.21061343935935078
940	hos	hic	0.40689649952477414
941	artus	artus	0.2211648407493434
942	superis	superus	0.24428711614889198
943	haec	hic	0.42612080282353104
944	crimina	crimen	0.271344776358148
945	dono	donum	0.2874861565994026
946	seruata	seruo	0.2224950129014785
947	de	de	0.21528495638144768
948	parte	pars	0.15330335472346054
949	queror	queror	0.3145844829806623
950	cum	cum	0.28550000025989547
951	talia	talis	0.26492147779782893
952	magnus	magnus	0.2540565670884155
953	audisset	audio	0.26309123804479917
954	non	non	0.41864799612008574
955	in	in	0.1978304838181022
956	gemitus	gemitus	0.18009643878291773
957	lacrimas	lacrima	0.21642052825279104
958	que	que	0.2012336315258229
959	dolorem	dolor	0.2385422881086881
960	effudit	effundo	0.18427777014392077
961	iusta	iustus	0.23567977261715597
962	que	que	0.2012336315258229
963	furens	furo	0.20289967326582417
964	pietate	pietas	0.25664606433540205
965	profatur	profor	0.20370860293468207
966	praecipitate	praecipito	0.20528026361473323
967	rates	ratis	0.2258355473841629
968	e	ex	0.19918257400950565
969	sicco	siccus	0.20163831736354232
970	litore	litus	0.19903271426237085
971	nautae	nauta	0.22650336534270793
972	classis	classis	0.24591238768558152
973	in	in	0.1978304838181022
974	aduersos	aduerto	0.21397141898431776
975	erumpat	erumpo	0.24856868198019538
976	remige	remex	0.17500803816315452
977	uentos	uentus	0.20548120723727942
978	ite	eo	0.3698773803317922
979	duces	dux	0.2302725991823612
980	mecum	mecus	0.34054638939374504
981	nusquam	nusquam	0.26903892248879585
982	ciuilibus	ciuilis	0.22896786968283828
983	armis	arma	0.2185418152102389
984	tanta	tantus	0.35697154732085
985	fuit	sum	0.39446734537716976
986	merces	merces	0.2750605709672865
987	inhumatos	inhumatus	0.2671646463119458
988	condere	condo	0.2670164726526381
989	manes	maneo	0.3074196783285108
990	sanguine	sanguis	0.2332791310679242
991	semiuiri	semiuir	0.24541571751863178
992	magnum	magnus	0.2603508216049452
993	satiare	satio	0.2955690496068255
994	tyranni	tyrannus	0.21502800960518187
995	non	non	0.41864799612008574
996	ego	ego	0.8020898144311546
997	pellaeas	pellaeus	0.2555095940157902
998	arces	arx	0.23649489015597025
999	adytis	adytum	0.2617721875116173
1000	que	que	0.2012336315258229
1001	retectum	retectus	0.1546313516360729
1002	corpus	corpus	0.23636179095061682
1003	alexandri	alexander	0.23282984373681465
1004	pigra	piger	0.22033979453143426
1005	mareotide	mareotis	0.12035390089182639
1006	mergam	mergo	0.3384984834055251
1007	non	non	0.41864799612008574
1008	mihi	ego	0.8291840257695525
1009	pyramidum	pyramis	0.22811427634574422
1010	tumulis	tumulus	0.21544550825929332
1011	euolsus	euello	0.22848015693311802
1012	amasis	amasus	0.09876348636220166
1013	atque	atque	0.17570308892570702
1014	alii	alium	0.24144091454230726
1015	reges	rex	0.22464945007475817
1016	nilo	nihilum	0.22336242031551234
1017	torrente	torrens	0.21014229176120608
1018	natabunt	nato	0.2420906666803042
1019	omnia	omnis	0.2729305233174609
1020	dent	do	0.32215558979932707
1021	poenas	poena	0.29780941020377993
1022	nudo	nudo	0.1618956184225422
1023	tibi	tu	0.8015333168619974
1024	magne	magnus	0.28590078026022125
1025	sepulchra	sepulchrum	0.25515943371914124
1026	euoluam	euoluo	0.3175661242110921
1027	busto	bustum	0.2286286963790729
1028	iam	iam	0.2423169147710674
1029	numen	numen	0.3132088416872928
1030	gentibus	gens	0.3293640059184729
1031	isim	isim	0.1717661744074685
1032	et	et	0.15833624089312415
1033	tectum	tectum	0.22613387651742606
1034	lino	linum	0.2247360244127093
1035	spargam	spargo	0.30010234402710945
1036	per	per	0.19585738350308546
1037	uolgus	uolgus	0.2437903309521672
1038	osirim	osiris	0.24771930700778266
1039	et	et	0.15833624089312415
1040	sacer	sacer	0.22451348322592163
1041	in	in	0.1978304838181022
1042	magni	magnus	0.2587224555281922
1043	cineres	cinis	0.25868902303245955
1044	mactabitur	macto	0.25438863087564023
1045	apis	apis	0.23388740004844139
1046	suppositis	suppono	0.21143510049950487
1047	que	que	0.2012336315258229
1048	deis	deus	0.3144255832247186
1049	uram	uro	0.23790222998925692
1050	caput	caput	0.2474480722258332
1051	has	hic	0.42247095759625786
1052	mihi	ego	0.8291840257695525
1053	poenas	poena	0.29780941020377993
1054	terra	terra	0.2647711679412862
1055	dabit	do	0.3196100955106187
1056	linquam	linquo	0.32461667028377184
1057	uacuos	uacuus	0.2020327667064769
1058	cultoribus	cultor	0.24386837980459147
1059	agros	ager	0.20814169505094268
1060	nec	neque	0.2829151588008186
1061	nilus	nilus	0.223479456227198
1062	cui	qui	0.42887421868307374
1063	crescat	cresco	0.24597832001318187
1064	erit	sum	0.43508516753887483
1065	solus	solus	0.32396117070200986
1066	que	que	0.2012336315258229
1067	tenebis	teneo	0.32704770548998396
1068	aegypton	aegypton	0.1543238389159118
1069	genitor	genitor	0.2633605698440432
1070	populis	populus	0.244274571074286
1071	superis	superus	0.24428711614889198
1072	que	que	0.2012336315258229
1073	fugatis	fugo	0.19878420251475495
1074	dixerat	dico	0.17328734474537472
1075	et	et	0.15833624089312415
1076	classem	classis	0.2522066422021112
1077	saeuus	saeuus	0.23934678031263118
1078	rapiebat	rapio	0.20978104306045348
1079	in	in	0.1978304838181022
1080	undas	unda	0.21299523231994993
1081	sed	sed	0.22991636605070076
1082	cato	catus	0.192797409030462
1083	laudatam	laudo	0.22334702434294193
1084	iuuenis	iuuenis	0.1852853536425174
1085	conpescuit	compesco	0.2386770684037392
1086	iram	ira	0.20524812383674113
1087	interea	interea	0.21913037673535324
1088	totis	totus	0.2081648802886838
1089	audito	audio	0.22276076719349355
1090	funere	funus	0.26286522036869153
1091	magni	magnus	0.27794675882694914
1092	litoribus	litus	0.1927092450840688
1093	sonuit	sono	0.17690743785594082
1094	percussus	percutio	0.17564269823358747
1095	planctibus	planctus	0.19572872172336792
1096	aether	aether	0.18646844578457095
1097	exemplo	exemplum	0.223237264449632
1098	que	que	0.2012336315258229
1099	carens	careo	0.2529881530295311
1100	et	et	0.15833624089312415
1101	nulli	nullus	0.28743383140080914
1102	cognitus	cognosco	0.2390598281645217
1103	aeuo	aeuum	0.2435057396610456
1104	luctus	luctus	0.22857013931449682
1105	erat	sum	0.39446734537716976
1106	mortem	mors	0.294887671102794
1107	populos	populus	0.22347461425241774
1108	deflere	defleo	0.25497072871134296
1109	potentis	possum	0.31112705048993317
1110	sed	sed	0.22991636605070076
1111	magis	magis	0.2893968784392875
1112	ut	ut	0.27774099822990284
1113	uisa	uideo	0.24328485140056952
1114	est	sum	0.4103991028490287
1115	lacrimis	lacrima	0.18610043545597882
1116	exhausta	exhaurio	0.23160396175586806
1117	solutas	solutus	0.21373342352819924
1118	in	in	0.1978304838181022
1119	uoltus	uoltus	0.23593513042038433
1120	effusa	effundo	0.18713908626383177
1121	comas	coma	0.19861457286900538
1122	cornelia	cornelius	0.23739447990069829
1123	puppe	puppis	0.19165250933199923
1124	egrediens	egredior	0.21649271846233686
1125	rursus	rursus	0.255456147172153
1126	geminato	gemino	0.20137257080607507
1127	uerbere	uerber	0.23102828520683655
1128	plangunt	plango	0.22192152037749668
1129	ut	ut	0.27774099822990284
1130	primum	primum	0.2599517437859483
1131	in	in	0.1978304838181022
1132	sociae	socius	0.2318080691869122
1133	peruenit	peruenio	0.2413790840254431
1134	litora	litus	0.22302933788088103
1135	terrae	terra	0.26943705638106286
1136	collegit	colligo	0.19712133776948793
1137	uestes	uestis	0.2077048033916012
1138	miseri	miser	0.26801774410998697
1139	que	que	0.2012336315258229
1140	insignia	insigne	0.23460403106564998
1141	magni	magnus	0.2587224555281922
1142	arma	arma	0.24886190800705116
1143	que	que	0.2012336315258229
1144	et	et	0.15833624089312415
1145	inpressas	imprimo	0.21424570253892522
1146	auro	aurum	0.18434785254331865
1147	quas	qui	0.4173252507543872
1148	gesserat	gero	0.23335005295324793
1149	olim	olim	0.2885327886730953
1150	exuuias	exuuia	0.24684536569185328
1151	pictas	pingo	0.225633022252691
1152	que	que	0.2012336315258229
1153	togas	toga	0.25577071400337226
1154	uelamina	uelamen	0.23296060651010286
1155	summo	summus	0.21603744220355348
1156	ter	ter	0.23940872671229446
1157	conspecta	conspicio	0.19337341321525395
1158	ioui	iouus	0.1714739505105069
1159	funesto	funestus	0.24365641292383522
1160	que	que	0.2012336315258229
1161	intulit	infero	0.21382130281076508
1162	igni	ignis	0.2589661322694816
1163	ille	ille	0.22548811421451656
1164	fuit	sum	0.39446734537716976
1165	miserae	miser	0.31700988269817076
1166	magni	magnus	0.2587224555281922
1167	cinis	cinis	0.25871823769423186
1168	accipit	accipio	0.2536784825953948
1169	omnis	omnis	0.26930989275196016
1170	exemplum	exemplum	0.25355735724644424
1171	pietas	pietas	0.28067190261568453
1172	et	et	0.15833624089312415
1173	toto	totus	0.23371265276574277
1174	litore	litus	0.19903271426237085
1175	busta	bustum	0.24633106548105338
1176	surgunt	surgo	0.22473439272682028
1177	thessalicis	thessalicus	0.2243737807584747
1178	reddentia	reddo	0.27093179520757416
1179	manibus	manus	0.203517708708326
1180	ignem	ignis	0.23816617544761337
1181	sic	sic	0.21619464466528485
1182	ubi	ubi	0.27559131882881843
1183	depastis	depasco	0.30987886433997663
1184	summittere	summitto	0.2762796259743063
1185	gramina	gramen	0.23064835099508008
1186	campis	campus	0.17835129896680152
1187	et	et	0.15833624089312415
1188	renouare	renouo	0.25953872291599556
1189	parans	paro	0.2703866316676212
1190	hibernas	hiberno	0.2572778086211255
1191	apulus	apulus	0.2157850493503312
1192	herbas	herba	0.23245201335497218
1193	igne	ignis	0.20784608265080112
1194	fouet	foueo	0.2266787804197407
1195	terras	terra	0.2647419532795139
1196	simul	simul	0.1963726716871436
1197	et	et	0.15833624089312415
1198	garganus	garganus	0.24716935615118285
1199	et	et	0.15833624089312415
1200	arua	aruum	0.24023746602169216
1201	uolturis	uoltur	0.11403043171352435
1202	et	et	0.15833624089312415
1203	calidi	calidus	0.20174829443902687
1204	lucent	luceo	0.20689325428860128
1205	buceta	bucetum	0.14170611522108
1206	matini	matinus	0.12248181192232309
1207	non	non	0.41864799612008574
1208	tamen	tamen	0.2923938340440465
1209	ad	ad	0.2070463735264641
1210	magni	magnus	0.2587224555281922
1211	peruenit	peruenio	0.22772329190670684
1212	gratius	grate	0.2591886539048357
1213	umbras	umbra	0.24046026093160444
1214	omne	omnis	0.279253992495763
1215	quod	qui	0.42729856515996234
1216	in	in	0.1978304838181022
1217	superos	superus	0.22348715932702373
1218	audet	audeo	0.25877793728600895
1219	conuicia	conuicium	0.23435308290306134
1220	uolgus	uolgus	0.2437903309521672
1221	pompeium	pompeius	0.13509953561715488
1222	que	que	0.2012336315258229
1223	deis	deus	0.3144255832247186
1224	obicit	obicio	0.21625367602013604
1225	quam	quam	0.3311780972189745
1226	pauca	paucus	0.28908872010229947
1227	catonis	cato	0.23554938724960434
1228	uerba	uerbum	0.22962504318235838
1229	sed	sed	0.22991636605070076
1230	a	ab	0.19208305618423893
1231	pleno	plenus	0.2207926587910708
1232	uenientia	ueniens	0.2591569968112645
1233	pectore	pectus	0.17834214974671095
1234	ueri	uerum	0.2876420715961736
1235	ciuis	ciuis	0.27855918310537775
1236	obit	obeo	0.23376792941952995
1237	inquit	inquio	0.2839072997679491
1238	multum	multum	0.2691342988961686
1239	maioribus	maior	0.26232006574993183
1240	inpar	impar	0.23837865061731467
1241	nosse	nosco	0.2596712167303449
1242	modum	modus	0.242443186317488
1243	iuris	ius	0.28548886631360826
1244	sed	sed	0.22991636605070076
1245	in	in	0.1978304838181022
1246	hoc	hic	0.40212417920502086
1247	tamen	tamen	0.2923938340440465
1248	utilis	utilis	0.223520930429411
1249	aeuo	aeuum	0.2946257892797261
1250	cui	qui	0.42887421868307374
1251	non	non	0.41864799612008574
1252	ulla	ullus	0.3365160081321924
1253	fuit	sum	0.39446734537716976
1254	iusti	iustus	0.24879704126573138
1255	reuerentia	reuerentia	0.24579797705170192
1256	salua	saluus	0.20554476031152016
1257	libertate	libertas	0.2216093076725699
1258	potens	potens	0.23982711193495737
1259	et	et	0.15833624089312415
1260	solus	solus	0.32396117070200986
1261	plebe	plebs	0.23457001737163793
1262	parata	paro	0.260777686091906
1263	priuatus	priuatus	0.23505554875328016
1264	seruire	seruio	0.3114133566398123
1265	sibi	sui	0.22094991669733455
1266	rector	rector	0.23792473741018574
1267	que	que	0.2012336315258229
1268	senatus	senatus	0.2229214853258596
1269	sed	sed	0.22991636605070076
1270	regnantis	regno	0.2485305225052059
1271	erat	sum	0.39446734537716976
1272	nil	nihil	0.5376309956045434
1273	belli	bellum	0.29200702120598265
1274	iure	ius	0.25679713959354905
1275	poposcit	posco	0.2530857487229342
1276	quaeque	quisque	0.28847781799550015
1277	dari	do	0.32620836880096427
1278	uoluit	uolo	0.23885656729825155
1279	uoluit	uolo	0.23885656729825155
1280	sibi	sui	0.22094991669733455
1281	posse	possum	0.3550478390277997
1282	negari	nego	0.2927967415349232
1283	inmodicas	inmodicus	0.2506007921629916
1284	possedit	possideo	0.2250801185846832
1285	opes	ops	0.24531441257918293
1286	sed	sed	0.22991636605070076
1287	plura	plus	0.28702372037757834
1288	retentis	retineo	0.21051040481825195
1289	intulit	infero	0.21382130281076508
1290	inuasit	inuado	0.21874779165736807
1291	ferrum	ferrum	0.25025548139799
1292	sed	sed	0.22991636605070076
1293	ponere	pono	0.2755007453802627
1294	norat	nosco	0.24731861900672258
1295	praetulit	praefero	0.2416946763105718
1296	arma	arma	0.24886190800705116
1297	togae	toga	0.2604658171049213
1298	sed	sed	0.22991636605070076
1299	pacem	pax	0.283660335893428
1300	armatus	armatus	0.21938079809093472
1301	amauit	amo	0.2286158014620309
1302	iuuit	iuuo	0.2625500483270257
1303	sumpta	sumo	0.23223808534323825
1304	ducem	dux	0.23659606836066321
1305	iuuit	iuuo	0.2625500483270257
1306	dimissa	dimitto	0.2528309719222166
1307	potestas	potestas	0.2791525626868987
1308	casta	castus	0.2476561495962884
1309	domus	domus	0.2842945512560715
1310	luxu	luxus	0.20669899582701223
1311	que	que	0.2012336315258229
1312	carens	careo	0.2529881530295311
1313	corrupta	corrumpo	0.192061550417035
1314	que	que	0.2012336315258229
1315	numquam	numquam	0.31306704929845697
1316	fortuna	fortuna	0.2987094485309642
1317	domini	dominus	0.23416952970169563
1318	clarum	clarus	0.2135513685390079
1319	et	et	0.15833624089312415
1320	uenerabile	uenerabilis	0.24498281647517872
1321	nomen	nomen	0.25616910714266783
1322	gentibus	gens	0.3293640059184729
1323	et	et	0.15833624089312415
1324	multum	multum	0.2691342988961686
1325	nostrae	noster	0.5093953300086167
1326	quod	qui	0.42729856515996234
1327	proderat	prosum	0.2595887661204445
1328	urbi	urbs	0.2941060366022248
1329	olim	olim	0.2885327886730953
1330	uera	uerus	0.2853265571751826
1331	fides	fides	0.2833496741662146
1332	sulla	sullus	0.14468725189227
1333	mario	marius	0.25525816663543593
1334	que	que	0.2012336315258229
1335	receptis	recipio	0.1858490220340567
1336	libertatis	libertas	0.2503010343926291
1337	obit	obeo	0.23376792941952995
1338	pompeio	pompeius	0.1050869555405037
1339	rebus	res	0.25524994472251267
1340	adempto	adimo	0.2266385626585424
1341	nunc	nunc	0.38025600229896883
1342	et	et	0.15833624089312415
1343	ficta	fingo	0.2526448514377827
1344	perit	pereo	0.25358210060832354
1345	non	non	0.41864799612008574
1346	iam	iam	0.2423169147710674
1347	regnare	regno	0.28330006489413995
1348	pudebit	pudeo	0.31068249214086463
1349	nec	neque	0.2829151588008186
1350	color	color	0.2244501352988283
1351	imperii	imperium	0.3079789957054868
1352	nec	neque	0.2829151588008186
1353	frons	frons	0.21562499721809003
1354	erit	sum	0.43508516753887483
1355	ulla	ullus	0.3365160081321924
1356	senatus	senatus	0.2229214853258596
1357	o	o	0.5610938669544605
1358	felix	felix	0.3166740038761695
1359	cui	qui	0.42887421868307374
1360	summa	superus	0.2393983447804409
1361	dies	dies	0.23289740198284148
1362	fuit	sum	0.39446734537716976
1363	obuia	obuius	0.20429726646071183
1364	uicto	uinco	0.2853705368180012
1365	et	et	0.15833624089312415
1366	cui	qui	0.42887421868307374
1367	quaerendos	quaerendus	0.26325020497225193
1368	pharium	pharius	0.23614275241610727
1369	scelus	scelus	0.28933321453676425
1370	obtulit	offero	0.21594592465742504
1371	enses	ensis	0.18935821157836374
1372	forsitan	forsitan	0.3086235174038484
1373	in	in	0.1978304838181022
1374	soceri	socer	0.27887930515742476
1375	potuisses	possum	0.4081187467757212
1376	uiuere	uiuo	0.2887871097739302
1377	regno	regnum	0.2947205905583568
1378	scire	scio	0.31328052624398367
1379	mori	morior	0.2777222403295279
1380	sors	sors	0.27280003208613224
1381	prima	primus	0.21846343140388003
1382	uiris	uir	0.215361805391462
1383	set	sed	0.22991636605070076
1384	proxima	proximus	0.23318612692446172
1385	cogi	cogo	0.2566255530374207
1386	et	et	0.15833624089312415
1387	mihi	ego	0.8291840257695525
1388	si	si	0.5027294574644618
1389	fatis	fatum	0.32907493862912185
1390	aliena	alienus	0.2652561319604028
1391	in	in	0.1978304838181022
1392	iura	ius	0.28079376321205923
1393	uenimus	uenio	0.3237239772915287
1394	fac	facio	0.3644097433695848
1395	talem	talis	0.2675951017488578
1396	fortuna	fortuna	0.2987094485309642
1397	iubam	iuba	0.22894282067748392
1398	non	non	0.41864799612008574
1399	deprecor	deprecor	0.3331346543599546
1400	hosti	hostis	0.2579067003483162
1401	seruari	seruo	0.27477629665639314
1402	dum	dum	0.32876745542494623
1403	me	ego	0.8083840689476842
1404	seruet	seruo	0.2743369286137857
1405	ceruice	ceruix	0.1855546362921205
1406	recisa	recido	0.24707714224531763
1407	uocibus	uox	0.1666448956353716
1408	his	hic	0.3921508647994456
1409	maior	magnus	0.2540565670884155
1410	quam	quam	0.3311780972189745
1411	si	si	0.5027294574644618
1412	romana	romanus	0.24423604943768734
1413	sonarent	sono	0.20061241616451733
1414	rostra	rostrum	0.2177426903732049
1415	ducis	dux	0.23496770228391017
1416	laudes	laus	0.27071429896716337
1417	generosam	generosus	0.25732344780016886
1418	uenit	uenio	0.2562469089724213
1419	ad	ad	0.2070463735264641
1420	umbram	umbra	0.24678373010990648
1421	mortis	mors	0.2932593050260409
1422	honos	honor	0.24948209037837699
1423	fremit	fremo	0.2055811676593136
1424	interea	interea	0.21913037673535324
1425	discordia	discordia	0.24361325750264137
1426	uolgi	uulgus	0.20541944119003439
1427	castrorum	castra	0.20765524716586325
1428	belli	bellum	0.29200702120598265
1429	que	que	0.2012336315258229
1430	piget	pigeo	0.25800074498419656
1431	post	post	0.23400430681384726
1432	funera	funus	0.2868618439872017
1433	magni	magnus	0.2587224555281922
1434	cum	cum	0.28550000025989547
1435	tarcondimotus	tarcondimotus	0.11705996744008232
1436	linquendi	linquo	0.26148350859594754
1437	signa	signum	0.23320731485829266
1438	catonis	cato	0.23554938724960434
1439	sustulit	tollo	0.20028375609646665
1440	hunc	hic	0.41321996870307615
1441	rapta	raptum	0.2058499969619736
1442	fugientem	fugio	0.2493646029809835
1443	classe	classis	0.221886549405299
1444	secutus	sequor	0.22581454693541575
1445	litus	litus	0.2293528070591831
1446	in	in	0.1978304838181022
1447	extremum	extremus	0.24267981849145548
1448	tali	talis	0.2217005508805618
1449	cato	catus	0.192797409030462
1450	uoce	uox	0.17296836481367364
1451	notauit	noto	0.1984771628797593
1452	o	o	0.5610938669544605
1453	numquam	numquam	0.31306704929845697
1454	pacate	pacate	0.12035390089182639
1455	cilix	cilix	0.23739447990069829
1456	iterumne	iterumne	0.1717661744074685
1457	rapinas	rapina	0.26551222205895175
1458	uadis	uadum	0.19036151155789632
1459	in	in	0.1978304838181022
1460	aequoreas	aequoreus	0.2451472066501083
1461	magnum	magnus	0.2795751249037022
1462	fortuna	fortuna	0.2987094485309642
1463	remouit	remoueo	0.22181879911187008
1464	iam	iam	0.2423169147710674
1465	pelago	pelagus	0.217059705175672
1466	pirata	pirata	0.14468725189227
1467	redis	redeo	0.29993384701073034
1468	tum	tum	0.17315010599734665
1469	respicit	respicio	0.22160904982342275
1470	omnis	omnis	0.253706220018704
1471	in	in	0.1978304838181022
1472	coetu	coetus	0.18129587615678255
1473	motu	motus	0.1896894508770179
1474	que	que	0.2012336315258229
1475	uiros	uir	0.19456184856959374
1476	quorum	qui	0.4001224266061504
1477	unus	unus	0.21232868974759184
1478	aperta	aperio	0.2053312391561996
1479	mente	mens	0.23351777026889114
1480	fugae	fuga	0.25749347817767165
1481	tali	talis	0.23727500895204556
1482	conpellat	compello	0.251812734816372
1483	uoce	uox	0.17296836481367364
1484	regentem	rego	0.27754025692225626
1485	nos	nos	0.5789307641637006
1486	cato	catus	0.35814948351337716
1487	da	da	0.29302196099155275
1488	ueniam	uenia	0.269696500407492
1489	pompei	pompeius	0.13347116954040184
1490	duxit	duco	0.23316601564156852
1491	in	in	0.1978304838181022
1492	arma	arma	0.24886190800705116
1493	non	non	0.41864799612008574
1494	belli	bellum	0.29200702120598265
1495	ciuilis	ciuilis	0.2447587622824426
1496	amor	amor	0.2388729550954602
1497	partes	pars	0.17729997834197073
1498	que	que	0.2012336315258229
1499	fauore	fauor	0.20017938349156278
1500	fecimus	facio	0.30746164587817204
1501	ille	ille	0.22548811421451656
1502	iacet	iaceo	0.25538549825763457
1503	quem	qui	0.40807426186120543
1504	paci	pax	0.3044602927152963
1505	praetulit	praefero	0.2416946763105718
1506	orbis	orbis	0.22909249786379593
1507	causa	causa	0.2447281440744139
1508	que	que	0.2012336315258229
1509	nostra	noster	0.5047294415688401
1510	perit	pereo	0.25358210060832354
1511	patrios	patrius	0.2319063835510452
1512	permitte	permitto	0.37088360720887964
1513	penates	penates	0.2636584323346073
1514	desertam	desero	0.21694106116254325
1515	que	que	0.2012336315258229
1516	domum	domus	0.2905888057726012
1517	dulces	dulcis	0.25884891340684185
1518	que	que	0.2012336315258229
1519	reuisere	reuiso	0.2231105209319383
1520	natos	nascor	0.31076221061725995
1521	nam	nam	0.33628882326213133
1522	quis	quis	0.45278352088249413
1523	erit	sum	0.43508516753887483
1524	finis	finis	0.25963354925601134
1525	si	si	0.5027294574644618
1526	nec	neque	0.2829151588008186
1527	pharsalia	pharsalis	0.2410151104661991
1528	pugnae	pugna	0.22523558500545163
1529	nec	neque	0.2829151588008186
1530	pompeius	pompeius	0.12911279382078622
1531	erit	sum	0.43508516753887483
1532	perierunt	pereo	0.23631289753055756
1533	tempora	tempus	0.2627780539417629
1534	uitae	uita	0.29121054485282893
1535	mors	mors	0.28859341658626425
1536	eat	eo	0.2900398068666442
1537	in	in	0.1978304838181022
1538	tutum	tutum	0.2669436103065396
1539	iustas	iustus	0.2596763962356662
1540	sibi	sui	0.22094991669733455
1541	nostra	noster	0.5047294415688401
1542	senectus	senectus	0.27694492761444445
1543	prospiciat	prospicio	0.23618325987852984
1544	flammas	flamma	0.22153428162480118
1545	bellum	bellum	0.29363538728273564
1546	ciuile	ciuilis	0.2656114316579526
1547	sepulchra	sepulchrum	0.25515943371914124
1548	uix	uix	0.2688405971402107
1549	ducibus	dux	0.25107255600422945
1550	praestare	praesto	0.300211375732395
1551	potest	possum	0.318797605096389
1552	non	non	0.41864799612008574
1553	barbara	barbarus	0.22147708573008268
1554	uictos	uinco	0.2698714362464753
1555	regna	regnum	0.3124229596603373
1556	manent	maneo	0.2962098766246143
1557	non	non	0.41864799612008574
1558	armenium	armenium	0.1543238389159118
1559	mihi	ego	0.8291840257695525
1560	saeua	saeuus	0.25492123838411496
1561	minatur	minor	0.2504909681572486
1562	aut	aut	0.2796425113942012
1563	scythicum	scythex	0.1271477003620998
1564	fortuna	fortuna	0.2987094485309642
1565	iugum	iugum	0.2324175603549842
1566	sub	sub	0.2257075636269553
1567	iura	ius	0.28079376321205923
1568	togati	togatus	0.24639845365119067
1569	ciuis	ciuis	0.27855918310537775
1570	eo	eo	0.30070018158144196
1571	quisquis	quisquis	0.32735041254482855
1572	magno	magnus	0.230030728808133
1573	uiuente	uiuo	0.2376222949735338
1574	secundus	secundus	0.24579248924988287
1575	hic	hic	0.40692571418654644
1576	mihi	ego	0.8291840257695525
1577	primus	primus	0.20288897333239625
1578	erit	sum	0.43508516753887483
1579	sacris	sacrum	0.2316485928325715
1580	praestabitur	praesto	0.2802677820373112
1581	umbris	umbra	0.2101401681347922
1582	summus	summus	0.22083897718507906
1583	honor	honor	0.24948209037837699
1584	dominum	dominus	0.23579789577844867
1585	quam	quam	0.3311780972189745
1586	clades	clades	0.24399908351184088
1587	cogit	cogo	0.22886779572720706
1588	habebo	habeo	0.3804637459911083
1589	nullum	nullus	0.31927585839439787
1590	magne	magnus	0.28590078026022125
1591	ducem	dux	0.23659606836066321
1592	te	tu	0.7807333600401292
1593	solum	solum	0.28627941292182657
1594	in	in	0.1978304838181022
1595	bella	bellum	0.2873119181044336
1596	secutus	sequor	0.22581454693541575
1597	post	post	0.23400430681384726
1598	te	tu	0.7807333600401292
1599	fata	fatum	0.3082749818072536
1600	sequar	sequor	0.3390647380230054
1601	nec	neque	0.2829151588008186
1602	enim	enim	0.35381180875983953
1603	sperare	spero	0.3009374090475272
1604	secunda	secundus	0.26498757788686744
1605	fas	fas	0.25247870913162385
1606	mihi	ego	0.8291840257695525
1607	nec	neque	0.2829151588008186
1608	liceat	licet	0.35520072928329244
1609	fortuna	fortuna	0.2987094485309642
1610	cuncta	cunctus	0.3008903972285133
1611	tenentur	teneo	0.22599339529897355
1612	caesaris	caesar	0.24877964761453203
1613	emathium	emathium	0.24703106692434013
1614	sparsit	spargo	0.19419658861036798
1615	uictoria	uictoria	0.2445321330734867
1616	ferrum	ferrum	0.2439612268814602
1617	clausa	claudo	0.21730473444420195
1618	fides	fides	0.2833496741662146
1619	miseris	mitto	0.2543776843927586
1620	et	et	0.15833624089312415
1621	toto	totus	0.23371265276574277
1622	solus	solus	0.32396117070200986
1623	in	in	0.1978304838181022
1624	orbe	orbis	0.20040077114373672
1625	est	sum	0.4103991028490287
1626	qui	qui	0.40178000734467567
1627	uelit	uolo	0.279830748684594
1628	ac	ac	0.15864200912649323
1629	possit	possum	0.3461159943639952
1630	uictis	uinco	0.2927424420296897
1631	praestare	praesto	0.300211375732395
1632	salutem	salus	0.2714652148285008
1633	pompeio	pompeius	0.15589949243902312
1634	scelus	scelus	0.2830389600202345
1635	est	sum	0.4103991028490287
1636	bellum	bellum	0.2873411327662059
1637	ciuile	ciuilis	0.2593171771414228
1638	perempto	perimo	0.23743510458505052
1639	quo	qui	0.3777541690643932
1640	fuerat	sum	0.3994023139960423
1641	uiuente	uiuo	0.2376222949735338
1642	fides	fides	0.2833496741662146
1643	si	si	0.5027294574644618
1644	publica	publicus	0.2670007522906397
1645	iura	ius	0.28079376321205923
1646	si	si	0.5027294574644618
1647	semper	semper	0.3082980463941676
1648	sequeris	sequor	0.3305998818382446
1649	patriam	patria	0.3187570644628495
1650	cato	catus	0.35814948351337716
1651	signa	signum	0.23320731485829266
1652	petamus	peto	0.3427101922693172
1653	romanus	romanus	0.22504096080070274
1654	quae	qui	0.42097509598166033
1655	consul	consul	0.24235079040835045
1656	habet	habeo	0.2882137826931031
1657	sic	sic	0.21619464466528485
1658	ille	ille	0.22548811421451656
1659	profatus	profao	0.20403973568978837
1660	insiluit	insilio	0.19652625693240705
1661	puppi	puppis	0.19165250933199923
1662	iuuenum	iuuenis	0.18362777290399204
1663	comitante	comito	0.20837390811559914
1664	tumultu	tumultus	0.17479988087895457
1665	actum	ago	0.27876650713622153
1666	romanis	romanus	0.19469165334211816
1667	fuerat	sum	0.3994023139960423
1668	de	de	0.21528495638144768
1669	rebus	res	0.25524994472251267
1670	et	et	0.15833624089312415
1671	omnis	omnis	0.26930989275196016
1672	indiga	indigus	0.2341537439285254
1673	seruitii	seruitium	0.28087460283851856
1674	feruebat	ferueo	0.20835027259173108
1675	litore	litus	0.19903271426237085
1676	plebes	plebs	0.25785347750232285
1677	erupere	erumpo	0.20398108963482314
1678	ducis	dux	0.23496770228391017
1679	sacro	sacer	0.2004876449456391
1680	de	de	0.21528495638144768
1681	pectore	pectus	0.17834214974671095
1682	uoces	uox	0.19067073391565414
1683	ergo	ergo	0.2082319215402339
1684	pari	par	0.23357144617108372
1685	uoto	uotum	0.2452837055752239
1686	gessisti	gero	0.3005486512799286
1687	bella	bellum	0.2873119181044336
1688	iuuentus	iuuentus	0.21314098430040512
1689	tu	tu	0.7744391055235995
1690	quoque	quoque	0.31480817453257254
1691	pro	pro	0.2911763213301979
1692	dominis	dominus	0.19915433380333436
1693	et	et	0.15833624089312415
1694	pompeiana	pompeianus	0.14830788245777082
1695	fuisti	sum	0.47780067871050313
1696	non	non	0.41864799612008574
1697	romana	romanus	0.24061541887218652
1698	manus	manus	0.23383780150513822
1699	quod	quod	0.3777126237231303
1700	non	non	0.41864799612008574
1701	in	in	0.1978304838181022
1702	regna	regnum	0.318717214176867
1703	laboras	laboro	0.3000530447603718
1704	quod	qui	0.4122865345196258
1705	tibi	tu	0.8015333168619974
1706	non	non	0.41864799612008574
1707	ducibus	dux	0.25107255600422945
1708	uiuis	uiuus	0.22104395201807725
1709	moreris	moror	0.3508610917585646
1710	que	que	0.2012336315258229
1711	quod	quod	0.3777126237231303
1712	orbem	orbis	0.23072086394054897
1713	adquiris	adquiro	0.31131179437916656
1714	nulli	nullus	0.28743383140080914
1715	quod	qui	0.42729856515996234
1716	iam	iam	0.2423169147710674
1717	tibi	tu	0.8015333168619974
1718	uincere	uinco	0.32583253059571476
1719	tutum	tutus	0.2704274456745506
1720	est	sum	0.4103991028490287
1721	bella	bellum	0.2873119181044336
1722	fugis	fugio	0.30948229763951435
1723	quaeris	quaero	0.3214335052914814
1724	que	que	0.2012336315258229
1725	iugum	iugum	0.2324175603549842
1726	ceruice	ceruix	0.1855546362921205
1727	uacanti	uaco	0.2569029723884808
1728	et	et	0.15833624089312415
1729	nescis	nescio	0.34561882279656453
1730	sine	sine	0.2704718843185471
1731	rege	rex	0.20065282645624796
1732	pati	patior	0.28727162665426775
1733	nunc	nunc	0.38025600229896883
1734	causa	causa	0.2447281440744139
1735	pericli	periclum	0.2668143086788526
1736	digna	dignus	0.3063032304099562
1737	uiris	uir	0.215361805391462
1738	potuit	possum	0.30514181297765275
1739	uestro	uester	0.35579559900033075
1740	pompeius	pompeius	0.12911279382078622
1741	abuti	abutor	0.1645118910756834
1742	sanguine	sanguis	0.2332791310679242
1743	nunc	nunc	0.38025600229896883
1744	patriae	patria	0.33955702128471776
1745	iugulos	iugulus	0.22148329444728115
1746	enses	ensis	0.18935821157836374
1747	que	que	0.2012336315258229
1748	negatis	nego	0.33285414469425123
1749	cum	cum	0.28550000025989547
1750	prope	prope	0.25054762222830607
1751	libertas	libertas	0.2456351459528524
1752	unum	unus	0.3074092722456672
1753	fortuna	fortuna	0.2987094485309642
1754	reliquit	relinquo	0.22822620627298035
1755	iam	iam	0.2423169147710674
1756	tribus	tres	0.21092526963367642
1757	e	ex	0.19918257400950565
1758	dominis	dominus	0.19915433380333436
1759	pudeat	pudeo	0.3168413973886028
1760	plus	plus	0.2683777249150415
1761	regia	regius	0.235783419814027
1762	nili	nilis	0.12431125883926063
1763	contulit	confero	0.21956791660540353
1764	in	in	0.1978304838181022
1765	leges	lex	0.26910668140169625
1766	et	et	0.15833624089312415
1767	parthi	parthus	0.21866202896009557
1768	militis	miles	0.23808829189791908
1769	arcus	arcus	0.19503678474159875
1770	ite	eo	0.3698773803317922
1771	o	o	0.5610938669544605
1772	degeneres	degener	0.2608433366623744
1773	ptolemaei	ptolemaeus	0.15269547283915877
1774	munus	munus	0.2777004316151186
1775	et	et	0.15833624089312415
1776	arma	arma	0.24886190800705116
1777	spernite	sperno	0.36155091229643443
1778	quis	quis	0.45278352088249413
1779	uestras	uester	0.39536668069032477
1780	ulla	ullus	0.3401366386976933
1781	putet	puto	0.27727695155258025
1782	esse	sum	0.4721995529199149
1783	nocentes	noceo	0.24650312884618525
1784	caede	caedes	0.23005257845444504
1785	manus	manus	0.23383780150513822
1786	credet	credo	0.30578024992779357
1787	faciles	facilis	0.2586583060833083
1788	sibi	sui	0.22094991669733455
1789	terga	tergum	0.201629957280276
1790	dedisse	do	0.3108032092143729
1791	credet	credo	0.30578024992779357
1792	ab	ab	0.19208305618423893
1793	emathiis	emathia	0.2303000483314253
1794	primos	primus	0.20285975867062395
1795	fugisse	fugio	0.2504063239345652
1796	philippis	philippus	0.19446035080446544
1797	uadite	uado	0.36293260321707727
1798	securi	securis	0.20485005983894577
1799	meruistis	mereo	0.35494020520026526
1800	iudice	iudex	0.21741212437765006
1801	uitam	uita	0.292838910929582
1802	caesare	caesar	0.22008792089447282
1803	non	non	0.41864799612008574
1804	armis	arma	0.2185418152102389
1805	non	non	0.41864799612008574
1806	obsidione	obsidio	0.22751296487335787
1807	subacti	subigo	0.22688588211581118
1808	o	o	0.5610938669544605
1809	famuli	famulus	0.24511238570769261
1810	turpes	turpis	0.2506266390734487
1811	domini	dominus	0.2231801720836169
1812	post	post	0.23400430681384726
1813	fata	fatum	0.3082749818072536
1814	prioris	prior	0.2435588123834884
1815	itis	eo	0.3305365780685797
1816	ad	ad	0.2070463735264641
1817	heredem	heres	0.23699318539051134
1818	cur	cur	0.3765888215060391
1819	non	non	0.41864799612008574
1820	maiora	maior	0.2610519249469816
1821	mereri	mereo	0.32853859415967346
1822	quam	qui	0.4236487199326892
1823	uitam	uita	0.292838910929582
1824	ueniam	uenia	0.269696500407492
1825	que	que	0.2012336315258229
1826	libet	libet	0.27554898534852396
1827	rapiatur	rapio	0.24590238066325482
1828	in	in	0.1978304838181022
1829	undas	unda	0.21299523231994993
1830	infelix	infelix	0.24936927608609455
1831	coniunx	coniunx	0.2824636083818265
1832	magni	magnus	0.2587224555281922
1833	proles	proles	0.2502309963960091
1834	que	que	0.2012336315258229
1835	metelli	metellus	0.22959086937301681
1836	ducite	duco	0.353977770493059
1837	pompeios	pompeius	0.12877606643885284
1838	ptolemaei	ptolemaeus	0.15269547283915877
1839	uincite	uinco	0.3967382593970582
1840	munus	munus	0.2777004316151186
1841	nostra	noster	0.5083500721343409
1842	quoque	quoque	0.31480817453257254
1843	inuiso	inuisus	0.2308381381862729
1844	quisquis	quisquis	0.32735041254482855
1845	feret	fero	0.2749092621184429
1846	ora	os	0.19706456877261144
1847	tyranno	tyrannus	0.24844569012188192
1848	non	non	0.41864799612008574
1849	parua	paruus	0.20830273265445992
1850	mercede	merces	0.25103473268700394
1851	dabit	do	0.3196100955106187
1852	sciat	scio	0.3043486815801792
1853	ista	iste	0.4046641394085343
1854	iuuentus	iuuentus	0.21314098430040512
1855	ceruicis	ceruix	0.2142463630121797
1856	pretio	pretium	0.23340552617965798
1857	bene	bene	0.28896541355112837
1858	se	sui	0.20014995987546627
1859	mea	meus	0.5287757433245107
1860	signa	signum	0.23320731485829266
1861	secutam	sequor	0.23831095412856634
1862	quin	quin	0.36549145066663236
1863	agite	ago	0.39463132002364487
1864	et	et	0.15833624089312415
1865	magna	magnus	0.2732516557254001
1866	meritum	meritum	0.2781554114223574
1867	cum	cum	0.2052975334096333
1868	caede	caedes	0.23005257845444504
1869	parate	paro	0.3787281248234854
1870	ignauum	ignauus	0.25557199972105304
1871	scelus	scelus	0.2830389600202345
1872	est	sum	0.4103991028490287
1873	tantum	tantum	0.31766075887298484
1874	fuga	fuga	0.252827589737895
1875	dixit	dico	0.16905737164348394
1876	et	et	0.15833624089312415
1877	omnes	omnis	0.2474119655021743
1878	haud	haud	0.32897761043512774
1879	aliter	aliter	0.2539536221581291
1880	medio	medius	0.1479917332709723
1881	reuocauit	reuoco	0.23792095782548023
1882	ab	ab	0.19208305618423893
1883	aequore	aequor	0.19835742767261574
1884	puppes	puppis	0.20935487843397974
1885	quam	quam	0.3311780972189745
1886	simul	simul	0.1963726716871436
1887	effetas	effetus	0.2719718833529362
1888	linquunt	linquo	0.22875329602673689
1889	examina	examen	0.234019146316452
1890	ceras	cera	0.2457687623899296
1891	atque	atque	0.17570308892570702
1892	oblita	obliuiscor	0.23677377748024944
1893	faui	fo	0.2755553410394505
1894	non	non	0.41864799612008574
1895	miscent	misceo	0.20398969728132083
1896	nexibus	nexus	0.1942211768831728
1897	alas	ala	0.19401779870221528
1898	sed	sed	0.22991636605070076
1899	sibi	sui	0.22094991669733455
1900	quaeque	quisque	0.28847781799550015
1901	uolat	uolo	0.2525123594169878
1902	nec	neque	0.2829151588008186
1903	iam	iam	0.2423169147710674
1904	degustat	degusto	0.22622062580172514
1905	amarum	amarus	0.22915937603776562
1906	desidiosa	desidiosus	0.14468725189227
1907	thymum	thymus	0.2437903309521672
1908	phrygii	phrygium	0.24540270084758709
1909	sonus	sonus	0.1906018555638471
1910	increpat	increpo	0.1989868634498842
1911	aeris	aer	0.22671846896191322
1912	attonitae	attonitus	0.2217226892077302
1913	posuere	pono	0.221981308371086
1914	fugam	fuga	0.2591218442544247
1915	studium	studium	0.2379953323870349
1916	que	que	0.2012336315258229
1917	laboris	labor	0.25556572189388926
1918	floriferi	florifer	0.1337786822605629
1919	repetunt	repeto	0.2275537332099058
1920	et	et	0.15833624089312415
1921	sparsi	spargo	0.1845448034446871
1922	mellis	mel	0.24869077942327605
1923	amorem	amor	0.24516720961198993
1924	gaudet	gaudeo	0.2161566393164695
1925	in	in	0.1978304838181022
1926	hyblaeo	hyblaeus	0.197794183548932
1927	securus	securus	0.21626212070708947
1928	gramine	gramen	0.2066517273765699
1929	pastor	pastor	0.21145326235809547
1930	diuitias	diuitia	0.25029327944283053
1931	seruasse	seruo	0.25937113706980175
1932	casae	casa	0.26997439552018104
1933	sic	sic	0.21619464466528485
1934	uoce	uox	0.17296836481367364
1935	catonis	cato	0.23554938724960434
1936	inculcata	inculco	0.12443187265177082
1937	uiris	uir	0.215361805391462
1938	iusti	iustus	0.24879704126573138
1939	patientia	patientia	0.23177409038486207
1940	martis	martes	0.14904562761188558
1941	iam	iam	0.2423169147710674
1942	que	que	0.2012336315258229
1943	actu	actus	0.19909728300783472
1944	belli	bellum	0.29200702120598265
1945	non	non	0.41864799612008574
1946	doctas	doceo	0.24290157933785517
1947	ferre	fero	0.29000001202998554
1948	quietem	quies	0.23819941809696887
1949	constituit	constituo	0.2174784933626197
1950	mentes	mens	0.2575143938874013
1951	serie	series	0.2216093076725699
1952	que	que	0.2012336315258229
1953	agitare	agito	0.2680005632008052
1954	laborum	labor	0.24924225271558725
1955	primum	primum	0.2599517437859483
1956	litoreis	litoreus	0.20148262138411194
1957	miles	miles	0.23342240345814239
1958	lassatur	lasso	0.24133645007853932
1959	harenis	harena	0.20614409367526165
1960	proximus	propior	0.21322148022476628
1961	in	in	0.1978304838181022
1962	muros	murus	0.2076206141478827
1963	et	et	0.15833624089312415
1964	moenia	moenia	0.26926245337391
1965	cyrenarum	cyrena	0.14272215843358355
1966	est	sum	0.4103991028490287
1967	labor	labor	0.2508998334541126
1968	exclusus	excludo	0.21144011915596853
1969	nulla	nullus	0.28530592037031244
1970	se	sui	0.20014995987546627
1971	uindicat	uindico	0.2486986817436997
1972	ira	ira	0.19895386932021142
1973	poena	poena	0.27381278658526975
1974	que	que	0.2012336315258229
1975	de	de	0.21528495638144768
1976	uictis	uinco	0.2635309851047294
1977	sola	solus	0.33953562877349364
1978	est	sum	0.4103991028490287
1979	uicisse	uinco	0.3019348943879263
1980	catoni	cato	0.2579777101482256
1981	inde	inde	0.2064228473602847
1982	peti	peto	0.2756724919928172
1983	placuit	placeo	0.2629405230803886
1984	libyci	libycus	0.2332071262817913
1985	contermina	conterminus	0.2573957884870495
1986	mauris	maurus	0.23197561999441546
1987	regna	regnum	0.318717214176867
1988	iubae	iuba	0.21632509698265218
1989	sed	sed	0.22991636605070076
1990	iter	iter	0.24655461465103967
1991	mediis	medius	0.15724272216415403
1992	natura	natura	0.22769558151991334
1993	uetabat	ueto	0.2498409258096534
1994	syrtibus	syrtis	0.22960915847053004
1995	hanc	hic	0.4287944267745599
1996	audax	audax	0.2198676191465303
1997	sperat	spero	0.2646871751161165
1998	sibi	sui	0.22094991669733455
1999	cedere	cedo	0.2901686628026184
2000	uirtus	uirtus	0.27612282785519643
2001	syrtes	syrtis	0.2599292512673423
2002	uel	uel	0.2357473342493982
2003	primam	primus	0.22475768592040973
2004	mundo	mundus	0.27431500222572824
2005	natura	natura	0.25172141980019586
2006	figuram	figura	0.2475694389457178
2007	cum	cum	0.28550000025989547
2008	daret	do	0.31211320863962055
2009	in	in	0.1978304838181022
2010	dubio	dubius	0.21210523496373515
2011	pelagi	pelagus	0.24575143189573123
2012	terrae	terra	0.2918653792796842
2013	que	que	0.2012336315258229
2014	reliquit	relinquo	0.22822620627298035
2015	nam	nam	0.33628882326213133
2016	neque	neque	0.2829151588008186
2017	subsedit	subsido	0.20392062056495597
2018	penitus	penitus	0.2592338075907565
2019	quo	quo	0.3501328359790282
2020	stagna	stagnum	0.2433891998633596
2021	profundi	profundum	0.2552314028745415
2022	acciperet	accipio	0.26734107974426485
2023	nec	neque	0.2829151588008186
2024	se	sui	0.20014995987546627
2025	defendit	defendo	0.25495420888820386
2026	ab	ab	0.19208305618423893
2027	aequore	aequor	0.19835742767261574
2028	tellus	tellus	0.2505410725382413
2029	ambigua	ambiguus	0.21252119400988922
2030	sed	sed	0.22991636605070076
2031	lege	lex	0.24511005778318604
2032	loci	locus	0.2215751033223019
2033	iacet	iaceo	0.25538549825763457
2034	inuia	inuius	0.2502687445513154
2035	sedes	sedes	0.26886391446904345
2036	aequora	aequor	0.22235405129112595
2037	fracta	frango	0.2023839221776979
2038	uadis	uadum	0.19036151155789632
2039	abrupta	abrumpo	0.2123753361598277
2040	que	que	0.2012336315258229
2041	terra	terra	0.2407453296610037
2042	profundo	profo	0.21098351436880558
2043	et	et	0.15833624089312415
2044	post	post	0.23400430681384726
2045	multa	multus	0.267121626950697
2046	sonant	sono	0.18694981901564736
2047	proiecti	proicio	0.21633793130451284
2048	litora	litus	0.22302933788088103
2049	fluctus	fluctus	0.19032790919009762
2050	sic	sic	0.21619464466528485
2051	male	male	0.2635788188419987
2052	deseruit	desero	0.21048302817604383
2053	nullos	nullus	0.2937280859173389
2054	que	que	0.2012336315258229
2055	exegit	exigo	0.21724501086395484
2056	in	in	0.1978304838181022
2057	usus	usus	0.2381824191498757
2058	hanc	hic	0.4287944267745599
2059	partem	pars	0.18362344752027276
2060	natura	natura	0.25172141980019586
2061	sui	sui	0.19852159379871323
2062	uel	uel	0.2357473342493982
2063	plenior	plenus	0.22559419377259637
2064	alto	altus	0.1654758100717318
2065	olim	olim	0.2885327886730953
2066	syrtis	syrtis	0.22960915847053004
2067	erat	sum	0.39446734537716976
2068	pelago	pelagus	0.217059705175672
2069	penitus	penitus	0.2592338075907565
2070	que	que	0.2012336315258229
2071	natabat	nato	0.21088880150072958
2072	sed	sed	0.22991636605070076
2073	rapidus	rapidus	0.19047808537553476
2074	titan	titan	0.2611560516375107
2075	ponto	pontus	0.2058347277268135
2076	sua	suus	0.226591481728214
2077	lumina	lumen	0.220960051477464
2078	pascens	pasco	0.23989932558284993
2079	aequora	aequor	0.22235405129112595
2080	subduxit	subduco	0.23184766711619514
2081	zonae	zona	0.2753707765477571
2082	uicina	uicina	0.23088780363534933
2083	perustae	perustus	0.13836378271396793
2084	et	et	0.15833624089312415
2085	nunc	nunc	0.38025600229896883
2086	pontus	pontus	0.22986056600709603
2087	adhuc	adhuc	0.2728667279190589
2088	phoebo	phoebus	0.20188803856558557
2089	siccante	sicco	0.21772287010275776
2090	repugnat	repugno	0.2440432468874853
2091	mox	mox	0.2471257525620906
2092	ubi	ubi	0.27559131882881843
2093	damnosum	damnosus	0.23110391277957973
2094	radios	radius	0.21387627432951012
2095	admouerit	admoueo	0.2514540721731686
2096	aeuum	aeuum	0.27382583245785785
2097	tellus	tellus	0.2505410725382413
2098	syrtis	syrtis	0.25995846592911465
2099	erit	sum	0.43508516753887483
2100	nam	nam	0.33628882326213133
2101	iam	iam	0.2423169147710674
2102	breuis	breuis	0.24187169921423785
2103	unda	unda	0.21302444698172227
2104	superne	supernus	0.265865252105611
2105	innatat	innato	0.2237339020151758
2106	et	et	0.15833624089312415
2107	late	late	0.24339607867641339
2108	periturum	pereo	0.2771527710716701
2109	deficit	deficio	0.2413737986821001
2110	aequor	aequor	0.22238326595289826
2111	ut	ut	0.27774099822990284
2112	primum	primum	0.2599517437859483
2113	remis	remus	0.17612914794117634
2114	actum	ago	0.2858207591425758
2115	mare	mare	0.25307450112258545
2116	propulit	propello	0.2042825033464215
2117	omne	omnis	0.279253992495763
2118	classis	classis	0.2505782761253582
2119	onus	onus	0.2493574412732256
2120	densis	densus	0.17676934270879252
2121	fremuit	fremo	0.19192537554057734
2122	niger	niger	0.20639587745435747
2123	imbribus	imber	0.18220711990469252
2124	auster	auster	0.21963248511328778
2125	in	in	0.1978304838181022
2126	sua	suus	0.226591481728214
2127	regna	regnum	0.318717214176867
2128	furens	furo	0.20935548278739768
2129	temptatum	tento	0.2388960939386598
2130	classibus	classis	0.21556308022699694
2131	aequor	aequor	0.22238326595289826
2132	turbine	turbo	0.14795611336180048
2133	defendit	defendo	0.25495420888820386
2134	longe	longe	0.2539216207916641
2135	que	que	0.2012336315258229
2136	a	ab	0.19208305618423893
2137	syrtibus	syrtis	0.22960915847053004
2138	undas	unda	0.21299523231994993
2139	egit	ago	0.27381956517215444
2140	et	et	0.15833624089312415
2141	inlato	inlatus	0.18316186009047286
2142	confregit	confringo	0.12309834164673349
2143	litore	litus	0.19903271426237085
2144	pontum	pontus	0.23615482052362577
2145	tum	tum	0.17315010599734665
2146	quarum	qui	0.4156968846776341
2147	recto	rego	0.2537865052260066
2148	deprendit	deprendo	0.2346737599171438
2149	carbasa	carbasa	0.2304034916374887
2150	malo	malum	0.27826803861963356
2151	eripuit	eripio	0.25042251137052046
2152	nautis	nauta	0.25359757668110594
2153	frustra	frustra	0.26239887367452513
2154	que	que	0.2012336315258229
2155	rudentibus	rudeo	0.267510708636729
2156	ausis	audeo	0.2908241300800172
2157	uela	uelum	0.2515768701548564
2158	negare	nego	0.30128921815612025
2159	noto	noto	0.19969008007228645
2160	spatium	spatium	0.2411193844353613
2161	uicere	uinco	0.27231309358653805
2162	carinae	carina	0.23584244644478297
2163	atque	atque	0.17570308892570702
2164	ultra	ultra	0.24957622540819419
2165	proram	prora	0.22583718354857238
2166	tumuit	tumesco	0.21336781864496063
2167	sinus	sinus	0.20433670167178494
2168	omnia	omnis	0.2729305233174609
2169	siquis	siquis	0.2567363955092358
2170	prouidus	prouidus	0.2252081865456908
2171	antemnae	antemnus	0.25845371876021295
2172	suffixit	suffigo	0.23870363026060443
2173	lintea	linteus	0.24412006957022475
2174	summae	superus	0.26618504339867777
2175	uincitur	uinco	0.2847294528807629
2176	et	et	0.15833624089312415
2177	nudis	nudus	0.1927974526053694
2178	auertitur	auerto	0.2412873127747484
2179	armamentis	armamentum	0.22203793757189927
2180	sors	sors	0.27280003208613224
2181	melior	bonus	0.2574953326949698
2182	classi	classis	0.2730065990239795
2183	quae	qui	0.4173544654161595
2184	fluctibus	fluctus	0.16630207090981514
2185	incidit	incido	0.20834089702460903
2186	altis	altus	0.15915234089342972
2187	et	et	0.15833624089312415
2188	certo	certus	0.24761597624851048
2189	iactata	iactatus	0.23286322983756516
2190	mari	mare	0.2227544083257732
2191	quaecumque	quicumque	0.350592216503644
2192	leuatae	leuatus	0.21505347481604303
2193	arboribus	arbor	0.19528217097610712
2194	caesis	caedo	0.17967230052032096
2195	flatum	flatus	0.23002167954079583
2196	effudere	effundo	0.23418379619406776
2197	prementem	premo	0.22043457132944838
2198	abstulit	aufero	0.21061343935935078
2199	has	hic	0.42247095759625786
2200	liber	liber	0.22854526291051153
2201	uentis	uentus	0.22628116405914767
2202	contraria	contrarius	0.25076604179801887
2203	uoluens	uoluo	0.19551721231641978
2204	aestus	aestus	0.2038391717816723
2205	et	et	0.15833624089312415
2206	obnixum	obnixus	0.12065668430667074
2207	uictor	uictor	0.23544546989624737
2208	detrusit	detrudo	0.2192999474883856
2209	in	in	0.1978304838181022
2210	austrum	auster	0.22592673962981752
2211	has	hic	0.42247095759625786
2212	uada	uadum	0.22068160435470854
2213	destituunt	destituo	0.2334989930593821
2214	atque	atque	0.17570308892570702
2215	interrupta	interrumpo	0.21749508155461464
2216	profundo	profundum	0.22653967615448223
2217	terra	terra	0.2407453296610037
2218	ferit	ferio	0.1982388831242195
2219	puppes	puppis	0.20935487843397974
2220	dubio	dubius	0.21210523496373515
2221	que	que	0.2012336315258229
2222	obnoxia	obnoxius	0.22957059859180268
2223	fato	fatum	0.3353984078074239
2224	pars	pars	0.17732919300374306
2225	sedet	sedeo	0.2088121857388666
2226	una	unus	0.29746517250186433
2227	ratis	ratis	0.2321590165624649
2228	pars	pars	0.17732919300374306
2229	altera	alter	0.28137599609053815
2230	pendet	pendeo	0.20910568522911632
2231	in	in	0.1978304838181022
2232	undis	unda	0.1826751395231377
2233	tum	tum	0.17315010599734665
2234	magis	magis	0.2893968784392875
2235	inpactis	impingo	0.20478951546377078
2236	breuius	breuis	0.24552154444151097
2237	mare	mare	0.25307450112258545
2238	terra	terra	0.2407453296610037
2239	que	que	0.2012336315258229
2240	saepe	saepe	0.29215977341763016
2241	obuia	obuius	0.20791789702621266
2242	consurgens	consurgo	0.20639316502384697
2243	quamuis	quamuis	0.30154044275768344
2244	elisus	elido	0.2152247996237444
2245	ab	ab	0.19208305618423893
2246	austro	auster	0.19560664683300527
2247	saepe	saepe	0.29215977341763016
2248	tamen	tamen	0.2923938340440465
2249	cumulos	cumulus	0.21314327288949014
2250	fluctus	fluctus	0.19662216370662738
2251	non	non	0.41864799612008574
2252	uincit	uinco	0.289582296664304
2253	harenae	arena	0.2489424808603069
2254	eminet	emineo	0.2169366968919693
2255	in	in	0.1978304838181022
2256	tergo	tergum	0.1776333336617658
2257	pelagi	pelagus	0.24575143189573123
2258	procul	procul	0.2607864745479858
2259	omnibus	omnis	0.24261043052064873
2260	aruis	aruum	0.2099173732248799
2261	inuiolatus	inuiolatus	0.21593303877286057
2262	aqua	aqua	0.19281656362805533
2263	sicci	siccus	0.2111057407848446
2264	iam	iam	0.2423169147710674
2265	pulueris	puluis	0.22095815878856298
2266	agger	agger	0.19125646904149574
2267	stant	sto	0.21683756036310703
2268	miseri	miser	0.26801774410998697
2269	nautae	nauta	0.22650336534270793
2270	terrae	terra	0.2584476987629842
2271	que	que	0.2012336315258229
2272	haerente	haereo	0.17706516313293763
2273	carina	carina	0.2181400773428025
2274	litora	litus	0.22302933788088103
2275	nulla	nullus	0.3129523892160958
2276	uident	uideo	0.2504659164403651
2277	sic	sic	0.21619464466528485
2278	partem	pars	0.18362344752027276
2279	intercipit	intercipio	0.2346636552240982
2280	aequor	aequor	0.22238326595289826
2281	pars	pars	0.17732919300374306
2282	ratium	ratis	0.23580886178973803
2283	maior	magnus	0.2696310251598993
2284	regimen	regimen	0.25518864838091354
2285	clauum	clauus	0.24234439947239117
2286	que	que	0.2012336315258229
2287	secuta	sequor	0.23471423726197793
2288	est	sum	0.4103991028490287
2289	tuta	tutus	0.2667776004472775
2290	fuga	fuga	0.22880175145761245
2291	nautas	nauta	0.2327976198592377
2292	que	que	0.2012336315258229
2293	loci	locus	0.2215751033223019
2294	sortita	sortior	0.21461914819231004
2295	peritos	peritus	0.12908357915901392
2296	torpentem	torpeo	0.228886379504822
2297	tritonos	tritonus	0.12877606643885284
2298	adit	adeo	0.2684298867538014
2299	inlaesa	inlaesus	0.23790420574487442
2300	paludem	palus	0.2535667385052942
2301	hanc	hic	0.4287944267745599
2302	ut	ut	0.27774099822990284
2303	fama	fama	0.25860363284845517
2304	deus	deus	0.29365484106462264
2305	quem	qui	0.40807426186120543
2306	toto	totus	0.23371265276574277
2307	litore	litus	0.19903271426237085
2308	pontus	pontus	0.22986056600709603
2309	audit	audio	0.24519866779403843
2310	uentosa	uentosus	0.24046572944162672
2311	perflantem	perflo	0.240822097145381
2312	marmora	marmor	0.2329196494688388
2313	concha	concha	0.2030835728383117
2314	hanc	hic	0.4287944267745599
2315	et	et	0.15833624089312415
2316	pallas	palla	0.22069973360479422
2317	amat	amo	0.24227159358076716
2318	patrio	patrius	0.22713406323129193
2319	quae	qui	0.4173544654161595
2320	uertice	uertex	0.1584793239719
2321	nata	nascor	0.3079458019450516
2322	terrarum	terra	0.26311358720276085
2323	primam	primus	0.22475768592040973
2324	libyen	libyen	0.22926308587164163
2325	nam	nam	0.33628882326213133
2326	proxima	proximus	0.2295654963589609
2327	caelo	caelum	0.26979402076034686
2328	est	sum	0.4103991028490287
2329	ut	ut	0.27774099822990284
2330	probat	probo	0.23716855324918396
2331	ipse	ipse	0.2748933595453659
2332	calor	calor	0.21710801996534718
2333	tetigit	tango	0.25151863456075685
2334	stagni	stagnum	0.24808430296490863
2335	que	que	0.2012336315258229
2336	quieta	quietus	0.258512398653222
2337	uoltus	uoltus	0.23596434508215663
2338	uidit	uideo	0.24042353528065852
2339	aqua	aqua	0.19281656362805533
2340	posuit	pono	0.22559471933011574
2341	que	que	0.2012336315258229
2342	in	in	0.1978304838181022
2343	margine	margo	0.2087703543715907
2344	plantas	planta	0.2245201856892593
2345	et	et	0.15833624089312415
2346	se	sui	0.20014995987546627
2347	dilecta	diligo	0.2370954760233926
2348	tritonida	tritonidus	0.21336864162041577
2349	dixit	dico	0.16905737164348394
2350	ab	ab	0.19208305618423893
2351	unda	unda	0.18899860870143975
2352	quam	qui	0.4236487199326892
2353	iuxta	iuxta	0.26065596052895085
2354	lethon	lethon	0.14363736102251132
2355	tacitus	taceo	0.19916734585971974
2356	praelabitur	praelabo	0.22460851799035686
2357	amnis	amnis	0.22202101250962844
2358	infernis	infernus	0.20985997632607098
2359	ut	ut	0.27774099822990284
2360	fama	fama	0.25860363284845517
2361	trahens	traho	0.22211422278514004
2362	obliuia	obliuium	0.26157122343735817
2363	uenis	uenio	0.24717899903921214
2364	atque	atque	0.17570308892570702
2365	insopiti	insoepo	0.1337786822605629
2366	quondam	quondam	0.25981806816533465
2367	tutela	tutela	0.2470988741940192
2368	draconis	draco	0.24090603978377417
2369	hesperidum	hesperidus	0.14833709711954313
2370	pauper	pauper	0.22939951419725252
2371	spoliatis	spolio	0.19945713021093742
2372	frondibus	frons	0.18527568975950545
2373	hortus	hortus	0.2369897606472076
2374	inuidus	inuidus	0.23560152450469424
2375	annoso	annosus	0.24225220560447472
2376	qui	qui	0.40178000734467567
2377	famam	fama	0.2648978873649849
2378	derogat	derogo	0.13675413376546974
2379	aeuo	aeuum	0.2946257892797261
2380	qui	qui	0.40178000734467567
2381	uates	uates	0.22204009766953386
2382	ad	ad	0.2070463735264641
2383	uera	uerus	0.2886396750205224
2384	uocat	uoco	0.25985121877343176
2385	fuit	sum	0.39446734537716976
2386	aurea	aureus	0.22650733112925095
2387	silua	silua	0.19316757839243376
2388	diuitiis	diuitia	0.21997318664601828
2389	que	que	0.2012336315258229
2390	graues	grauis	0.19662818577101732
2391	et	et	0.15833624089312415
2392	fuluo	fuluus	0.18848193503575347
2393	germine	germen	0.21671097412752785
2394	rami	ramus	0.21229791007149074
2395	uirgineus	uirgineus	0.22165899150364501
2396	que	que	0.2012336315258229
2397	chorus	chorus	0.20826265880638203
2398	nitidi	nitidus	0.21701526838874063
2399	custodia	custodia	0.23473120401121478
2400	luci	lux	0.2798449442503153
2401	et	et	0.15833624089312415
2402	numquam	numquam	0.31306704929845697
2403	somno	somnus	0.19200430663501636
2404	damnatus	damno	0.21736003798928752
2405	lumina	lumen	0.220960051477464
2406	serpens	serpens	0.22156196535026035
2407	robora	robur	0.23558115943804464
2408	conplexus	complexus	0.23310716442525686
2409	rutilo	rutilo	0.1972448025243596
2410	curuata	curuo	0.21783111541267192
2411	metallo	metallum	0.2064068680189785
2412	abstulit	aufero	0.21061343935935078
2413	arboribus	arbor	0.2464022205947876
2414	pretium	pretium	0.2637256189764703
2415	nemori	nemus	0.23125907059364523
2416	que	que	0.2012336315258229
2417	laborem	labor	0.25719408797064236
2418	alcides	alcides	0.2462248307877965
2419	passus	patior	0.23981970301866667
2420	que	que	0.2012336315258229
2421	inopes	inops	0.21782878773669473
2422	sine	sine	0.2704718843185471
2423	pondere	pondus	0.1981428794470066
2424	ramos	ramus	0.20760280696994174
2425	rettulit	refero	0.23845550636502433
2426	argolico	argolicus	0.23930624539607998
2427	fulgentia	fulgeo	0.216520518893797
2428	poma	pomum	0.2397082382292125
2429	tyranno	tyrannus	0.24844569012188192
2430	his	hic	0.42769645634664233
2431	igitur	igitur	0.21539272973380205
2432	depulsa	depulsus	0.23955849582287592
2433	locis	locus	0.18655990742394063
2434	eiecta	eiegor	0.21866688577507276
2435	que	que	0.2012336315258229
2436	classis	classis	0.2458831730238092
2437	syrtibus	syrtis	0.22960915847053004
2438	haut	haud	0.32897761043512774
2439	ultra	ultra	0.24957622540819419
2440	garamantidas	garamantidus	0.14465803723049767
2441	attigit	attingo	0.22944028303810265
2442	undas	unda	0.21299523231994993
2443	sed	sed	0.22991636605070076
2444	duce	dux	0.22185043363533474
2445	pompeio	pompeius	0.1050869555405037
2446	libyae	libya	0.2818656106115741
2447	melioris	melior	0.2959642898669025
2448	in	in	0.1978304838181022
2449	oris	ora	0.2196895876030768
2450	mansit	maneo	0.2861674954649077
2451	at	at	0.1606357004642853
2452	inpatiens	impatiens	0.21107915483524872
2453	uirtus	uirtus	0.27612282785519643
2454	haerere	haereo	0.21933028760677192
2455	catonis	cato	0.23554938724960434
2456	audet	audeo	0.25877793728600895
2457	in	in	0.1978304838181022
2458	ignotas	ignotus	0.23965423273442238
2459	agmen	agmen	0.18464521336446316
2460	committere	committo	0.28871681012643413
2461	gentes	gens	0.30226979458007497
2462	armorum	arma	0.24723354193029812
2463	fidens	fido	0.23415622620932178
2464	et	et	0.15833624089312415
2465	terra	terra	0.2647711679412862
2466	cingere	cingo	0.2565670170401551
2467	syrtim	syrtis	0.2873449011644742
2468	hoc	hic	0.4324442720018331
2469	eadem	idem	0.3096667846710638
2470	suadebat	suadeo	0.22537195101783497
2471	hiemps	hiems	0.22015049101805373
2472	quae	qui	0.4173544654161595
2473	clauserat	claudo	0.21867339142618175
2474	aequor	aequor	0.22238326595289826
2475	et	et	0.15833624089312415
2476	spes	spes	0.2959741832296753
2477	imber	imber	0.21255642736327707
2478	erat	sum	0.39446734537716976
2479	nimios	nimius	0.228690761421381
2480	metuentibus	metuo	0.2783074972673917
2481	ignes	ignis	0.23184270626931133
2482	ut	ut	0.27774099822990284
2483	neque	neque	0.2829151588008186
2484	sole	sol	0.19920591746996996
2485	uiam	uia	0.26589785834277024
2486	nec	neque	0.2829151588008186
2487	duro	durus	0.20473652253018726
2488	frigore	frigus	0.20896398289159265
2489	saeuam	saeuus	0.26121549290064466
2490	inde	inde	0.2064228473602847
2491	polo	polus	0.19965439438427607
2492	libyes	libys	0.2371301467186283
2493	hinc	hinc	0.23329927088887015
2494	bruma	bruma	0.23473120401121478
2495	temperet	tempero	0.2504252361985276
2496	annus	annus	0.2741235690591527
2497	atque	atque	0.17570308892570702
2498	ingressurus	ingredior	0.23329012265491522
2499	steriles	sterilis	0.25194715035251325
2500	sic	sic	0.21619464466528485
2501	fatur	for	0.1919115683810967
2502	harenas	harena	0.2364641864720739
2503	o	o	0.5610938669544605
2504	quibus	qui	0.4381252075762554
2505	una	unus	0.29746517250186433
2506	salus	salus	0.26517096031197107
2507	placuit	placeo	0.2629405230803886
2508	mea	meus	0.5287757433245107
2509	castra	castra	0.2092836132426163
2510	secutis	sequor	0.21945740170122857
2511	indomita	indomitus	0.21038247290786133
2512	ceruice	ceruix	0.1855546362921205
2513	mori	morior	0.2777222403295279
2514	conponite	compono	0.36316808387998084
2515	mentes	mens	0.2575143938874013
2516	ad	ad	0.2070463735264641
2517	magnum	magnus	0.2795751249037022
2518	uirtutis	uirtus	0.2807887162949731
2519	opus	opus	0.2585953016857959
2520	summos	summus	0.22080976252330675
2521	que	que	0.2012336315258229
2522	labores	labor	0.2508706187923403
2523	uadimus	uado	0.3232537088034305
2524	in	in	0.1978304838181022
2525	campos	campus	0.20867139176361377
2526	steriles	sterilis	0.23637269228102947
2527	exusta	exuro	0.23765530446448235
2528	que	que	0.2012336315258229
2529	mundi	mundus	0.25188667932710695
2530	qua	qui	0.393328627135877
2531	nimius	nimius	0.2287199760831533
2532	titan	titan	0.2611560516375107
2533	et	et	0.15833624089312415
2534	rarae	rarus	0.2291002842720839
2535	in	in	0.1978304838181022
2536	fontibus	fons	0.2066972895214773
2537	undae	unda	0.20670097780342023
2538	sicca	siccus	0.1979884721362692
2539	que	que	0.2012336315258229
2540	letiferis	letifer	0.1903596208167339
2541	squalent	squaleo	0.22080665098244745
2542	serpentibus	serpens	0.2355693852686217
2543	arua	aruum	0.24023746602169216
2544	durum	durus	0.2542809186257564
2545	iter	iter	0.24655461465103967
2546	ad	ad	0.2070463735264641
2547	leges	lex	0.26910668140169625
2548	patriae	patria	0.3171286983860965
2549	que	que	0.2012336315258229
2550	ruentis	ruo	0.19727786602516934
2551	amorem	amor	0.24516720961198993
2552	per	per	0.19585738350308546
2553	mediam	medius	0.1938862841392683
2554	libyen	libyen	0.20523724759135908
2555	ueniant	uenio	0.29360767939973403
2556	atque	atque	0.17570308892570702
2557	inuia	inuius	0.2538893751168163
2558	temptent	tempto	0.25990778873563514
2559	siquibus	siquis	0.24561139134940818
2560	in	in	0.1978304838181022
2561	nullo	nullus	0.2889557655975856
2562	positum	pono	0.2305416612941828
2563	est	sum	0.4103991028490287
2564	euadere	euado	0.27527797706798196
2565	uoto	uotum	0.2452837055752239
2566	siquibus	siquis	0.24530387862924713
2567	ire	eo	0.2989716515304487
2568	sat	satis	0.2775895928365002
2569	est	sum	0.4103991028490287
2570	neque	neque	0.2829151588008186
2571	enim	enim	0.35381180875983953
2572	mihi	ego	0.8291840257695525
2573	fallere	fallo	0.32047513552111495
2574	quemquam	quisquam	0.3329860318953327
2575	est	sum	0.4103991028490287
2576	animus	animus	0.2422740100000026
2577	tecto	tectum	0.1958137837206138
2578	que	que	0.2012336315258229
2579	metu	metus	0.19701653910442501
2580	perducere	perduco	0.29063154035272726
2581	uolgus	uolgus	0.2437903309521672
2582	hi	hic	0.4006022450082444
2583	mihi	ego	0.8291840257695525
2584	sint	sum	0.43805491087570136
2585	comites	comes	0.21000004554669432
2586	quos	qui	0.40175079268290337
2587	ipsa	ipse	0.2877941936658208
2588	pericula	periculum	0.27797097373961205
2589	ducent	duco	0.26436788082114315
2590	qui	qui	0.3954565381663737
2591	me	ego	0.7780639761508721
2592	teste	testis	0.23455711381639077
2593	pati	patior	0.28727162665426775
2594	uel	uel	0.2357473342493982
2595	quae	qui	0.4173544654161595
2596	tristissima	tristissimus	0.2341537439285254
2597	pulchrum	pulcher	0.2559483359364718
2598	romanum	romanus	0.2505595186159894
2599	que	que	0.2012336315258229
2600	putant	puto	0.24634515132594426
2601	at	at	0.1606357004642853
2602	qui	qui	0.40178000734467567
2603	sponsore	sponsor	0.10477944282034261
2604	salutis	salus	0.26983684875174774
2605	miles	miles	0.23342240345814239
2606	eget	egeo	0.2730405714001299
2607	capitur	capio	0.2618051737997391
2608	que	que	0.2012336315258229
2609	animae	anima	0.29600031478493816
2610	dulcedine	dulcedo	0.224456002762066
2611	uadat	uado	0.28309502975192935
2612	ad	ad	0.2070463735264641
2613	dominum	dominus	0.23579789577844867
2614	meliore	melior	0.26727256314684333
2615	uia	uia	0.235577765545958
2616	dum	dum	0.32876745542494623
2617	primus	primus	0.20288897333239625
2618	harenas	harena	0.2364641864720739
2619	ingrediar	ingredior	0.30687219382035935
2620	primus	primus	0.20288897333239625
2621	que	que	0.2012336315258229
2622	gradus	gradus	0.20835540467817665
2623	in	in	0.1978304838181022
2624	puluere	puluis	0.19226643206850375
2625	ponam	pono	0.33150047474685723
2626	me	ego	0.8083840689476842
2627	aetherius	aetherius	0.23705153706469229
2628	feriat	ferio	0.22555727239182574
2629	mihi	ego	0.8291840257695525
2630	plena	plenus	0.24116865184408015
2631	ueneno	uenenum	0.2085716860299767
2632	occurrat	occurro	0.23917546260392275
2633	serpens	serpens	0.21479864310852576
2634	fato	fatum	0.2842783581887434
2635	que	que	0.2012336315258229
2636	pericula	periculum	0.27797097373961205
2637	uestra	uester	0.3990165259175979
2638	praetemptate	praetempto	0.34598831420742643
2639	meo	meus	0.48555481640724363
2640	sitiat	sitio	0.27710782341301887
2641	quicumque	quicumque	0.3376913823831891
2642	bibentem	bibo	0.24296163433996176
2643	uiderit	uideo	0.2677419245482648
2644	aut	aut	0.2796425113942012
2645	umbras	umbra	0.24046026093160444
2646	nemorum	nemus	0.2217315818154788
2647	quicumque	quicumque	0.3376913823831891
2648	petentem	peto	0.25032592112608193
2649	aestuet	aestuo	0.2634816232143698
2650	aut	aut	0.2796425113942012
2651	equitem	eques	0.22687996352438394
2652	peditum	pedes	0.21580719078776534
2653	praecedere	praecedo	0.26078877758866326
2654	turmas	turma	0.22063457670491182
2655	deficiat	deficio	0.26869218794970634
2656	siquo	siquis	0.23271055722895329
2657	fuerit	sum	0.42633879952271037
2658	discrimine	discrimen	0.23570037558724521
2659	notum	nosco	0.25890158236079597
2660	dux	dux	0.2303018138441335
2661	an	an	0.39867536446955243
2662	miles	miles	0.23342240345814239
2663	eam	is	0.32011889079664907
2664	serpens	serpens	0.21479864310852576
2665	sitis	sum	0.5213882442090347
2666	ardor	ardor	0.22031634082935575
2667	harenae	arena	0.2489424808603069
2668	dulcia	dulcia	0.25649236200435327
2669	uirtuti	uirtus	0.30321703919359444
2670	gaudet	gaudeo	0.2161566393164695
2671	patientia	patientia	0.23177409038486207
2672	duris	durus	0.21398751142336897
2673	laetius	laetus	0.20417035494791633
2674	est	sum	0.4103991028490287
2675	quotiens	quotiens	0.288166267584638
2676	magno	magnus	0.230030728808133
2677	sibi	sui	0.22094991669733455
2678	constat	consto	0.2275813377781324
2679	honestum	honestus	0.2382990613976092
2680	sola	solus	0.33953562877349364
2681	potest	possum	0.318797605096389
2682	libye	libye	0.23135950742181496
2683	turba	turba	0.2321590165624649
2684	praestare	praesto	0.300211375732395
2685	malorum	malum	0.2495162465427102
2686	ut	ut	0.27774099822990284
2687	deceat	decet	0.29884534654786576
2688	fugisse	fugio	0.2504063239345652
2689	uiros	uir	0.19456184856959374
2690	sic	sic	0.21619464466528485
2691	ille	ille	0.22548811421451656
2692	pauentis	paueo	0.21199276358679747
2693	incendit	incendo	0.22665561877888596
2694	uirtute	uirtus	0.2520969895749139
2695	animos	animus	0.2422447953382303
2696	et	et	0.15833624089312415
2697	amore	amor	0.21484711681517765
2698	laborum	labor	0.24924225271558725
2699	inreducem	inredux	0.13540704833731593
2700	que	que	0.2012336315258229
2701	uiam	uia	0.26589785834277024
2702	deserto	desero	0.19071560352351696
2703	limite	limes	0.1964821180366954
2704	carpit	carpo	0.2290293133200469
2705	et	et	0.15833624089312415
2706	sacrum	sacer	0.2500320410412083
2707	paruo	paruus	0.21195257788173308
2708	nomen	nomen	0.2624633616591976
2709	clausura	clausura	0.25699951056273673
2710	sepulchro	sepulchrum	0.23116281010063106
2711	inuasit	inuado	0.21874779165736807
2712	libye	libye	0.23135950742181496
2713	securi	securis	0.21827484120768229
2714	fata	fatum	0.3082749818072536
2715	catonis	cato	0.23554938724960434
2716	tertia	tertius	0.24762361280571454
2717	pars	pars	0.17732919300374306
2718	rerum	res	0.2839416714425719
2719	libye	libye	0.23135950742181496
2720	si	si	0.5027294574644618
2721	credere	credo	0.3208709998393362
2722	famae	fama	0.2856978441868532
2723	cuncta	cunctus	0.307184651745043
2724	uelis	uolo	0.35125932011316546
2725	at	at	0.1606357004642853
2726	si	si	0.5027294574644618
2727	uentos	uentus	0.20548120723727942
2728	caelum	caelum	0.24899406393847862
2729	que	que	0.2012336315258229
2730	sequaris	sequor	0.3394028301734397
2731	pars	pars	0.17732919300374306
2732	erit	sum	0.43508516753887483
2733	europae	europa	0.25747698479767994
2734	nec	neque	0.2829151588008186
2735	enim	enim	0.35381180875983953
2736	plus	plus	0.2933471895558804
2737	litora	litus	0.22302933788088103
2738	nili	nilis	0.12431125883926063
2739	quam	quam	0.3311780972189745
2740	scythicus	scythicus	0.24923753477538313
2741	tanais	tanaio	0.20818270519404117
2742	primis	primus	0.19176396917256863
2743	a	ab	0.19208305618423893
2744	gadibus	gades	0.20678751832339504
2745	absunt	absum	0.2410655758361059
2746	unde	unde	0.32699021154172
2747	europa	europa	0.2528110963579033
2748	fugit	fugio	0.23805372621094295
2749	libyen	libyen	0.20523724759135908
2750	et	et	0.15833624089312415
2751	litora	litus	0.22302933788088103
2752	flexu	flexus	0.17183415259445967
2753	oceano	oceanus	0.19159789298712976
2754	fecere	facio	0.2363711666000349
2755	locum	locus	0.22320346939905494
2756	sed	sed	0.22991636605070076
2757	maior	magnus	0.2540565670884155
2758	in	in	0.1978304838181022
2759	unam	unus	0.30375942701839403
2760	orbis	orbis	0.22439739476224693
2761	abit	abeo	0.24267644670902264
2762	asiam	asia	0.2703609244324765
2763	nam	nam	0.33628882326213133
2764	cum	cum	0.28550000025989547
2765	communiter	communiter	0.2843859457980963
2766	istae	iste	0.39834067023023223
2767	effundant	effundo	0.22163854057123353
2768	zephyrum	zephyrus	0.23567403845181228
2769	boreae	boreus	0.14935314033204666
2770	latus	latus	0.1861618003291278
2771	illa	ille	0.24106257228600034
2772	sinistrum	sinister	0.2419263008746794
2773	contingens	contingo	0.24951029036605776
2774	dextrum	dexter	0.26830893698819885
2775	que	que	0.2012336315258229
2776	noti	notus	0.20991036590554063
2777	discedit	discedo	0.25287184995281164
2778	in	in	0.1978304838181022
2779	ortus	ortus	0.21617386066549277
2780	eurum	eurus	0.23083538380041763
2781	sola	solus	0.34315625933899446
2782	tenens	teneo	0.23327411961843442
2783	libycae	libyca	0.14904562761188558
2784	quod	qui	0.42100431064343263
2785	fertile	fertilis	0.2444567969521581
2786	terraest	terrasum	0.13675413376546974
2787	uergit	uergo	0.21948380571195503
2788	in	in	0.1978304838181022
2789	occasus	occasus	0.22668558789748128
2790	sed	sed	0.22991636605070076
2791	et	et	0.21833527581102513
2792	haec	hic	0.42612080282353104
2793	non	non	0.41864799612008574
2794	fontibus	fons	0.2578173391401578
2795	ullis	ullus	0.29059224260212413
2796	soluitur	soluo	0.2483419302160203
2797	arctoos	arcteo	0.1443505245103366
2798	raris	rarus	0.20507444599180139
2799	aquilonibus	aquilo	0.19445128022615787
2800	imbres	imber	0.21252721270150474
2801	accipit	accipio	0.2536784825953948
2802	et	et	0.15833624089312415
2803	nostris	noster	0.5099257256574523
2804	reficit	reficio	0.24426875838357093
2805	sua	suus	0.226591481728214
2806	rura	rus	0.2276187193805721
2807	serenis	serenus	0.20620828400001606
2808	in	in	0.1978304838181022
2809	nullas	nullus	0.3093025439888227
2810	uitiatur	uitio	0.2586287794308286
2811	opes	ops	0.23902015806265323
2812	non	non	0.41864799612008574
2813	aere	aes	0.17512749329477334
2814	nec	neque	0.2829151588008186
2815	auro	aurum	0.18434785254331865
2816	excoquitur	excoquo	0.22136778201818397
2817	nullo	nullus	0.2889557655975856
2818	glaebarum	glaeba	0.23547437268952748
2819	crimine	crimen	0.24734815273963784
2820	pura	purus	0.20987320805259876
2821	et	et	0.15833624089312415
2822	penitus	penitus	0.2592338075907565
2823	terra	terra	0.2647711679412862
2824	est	sum	0.4103991028490287
2825	tantum	tantum	0.31766075887298484
2826	maurusia	maurusius	0.24325281050488717
2827	genti	gens	0.335687475096775
2828	robora	robur	0.23558115943804464
2829	diuitiae	diuitiae	0.13805626999380688
2830	quarum	qui	0.4156968846776341
2831	non	non	0.41864799612008574
2832	nouerat	nosco	0.2378927999898771
2833	usum	usus	0.2445058883281777
2834	sed	sed	0.22991636605070076
2835	citri	citer	0.13347116954040184
2836	contenta	contentus	0.24569073184172768
2837	comis	coma	0.16829448007219316
2838	uiuebat	uiuo	0.23888108372378325
2839	et	et	0.15833624089312415
2840	umbra	umbra	0.21646363731309426
2841	in	in	0.1978304838181022
2842	nemus	nemus	0.2296834170705339
2843	ignotum	ignotus	0.24962754713999757
2844	nostrae	noster	0.4984059723905381
2845	uenere	uenio	0.2526334980133916
2846	secures	securis	0.22255242894092628
2847	extremo	extremus	0.19344293511604735
2848	que	que	0.2012336315258229
2849	epulas	epulae	0.24726033465093777
2850	mensas	mensa	0.23408527857078879
2851	que	que	0.2012336315258229
2852	petimus	peto	0.31539180300171094
2853	ab	ab	0.19208305618423893
2854	orbe	orbis	0.20040077114373672
2855	at	at	0.1606357004642853
2856	quaecumque	quicumque	0.3568864710201737
2857	uagam	uagus	0.32267452506591277
2858	syrtim	syrtis	0.2873449011644742
2859	conplectitur	complector	0.23179814323034986
2860	ora	os	0.19706456877261144
2861	sub	sub	0.2257075636269553
2862	nimio	nimius	0.2046941378028708
2863	proiecta	proicio	0.215121982144229
2864	die	dies	0.22444602177404274
2865	uicina	uicina	0.23088780363534933
2866	perusti	peruro	0.22324517429681828
2867	aetheris	aether	0.19113433422434764
2868	exurit	exuro	0.2499775655781813
2869	messes	messis	0.26102319338950813
2870	et	et	0.15833624089312415
2871	puluere	puluis	0.19226643206850375
2872	bacchum	bacchus	0.21761021869196334
2873	enecat	eneco	0.13675413376546974
2874	et	et	0.15833624089312415
2875	nulla	nullus	0.28530592037031244
2876	putris	putris	0.2440459260886828
2877	radice	radix	0.2192982189956894
2878	tenetur	teneo	0.22960680625800328
2879	temperies	temperies	0.24325281050488717
2880	uitalis	uitalis	0.2561074413853057
2881	abest	absum	0.24467898679513564
2882	et	et	0.15833624089312415
2883	nulla	nullus	0.309331758650595
2884	sub	sub	0.2257075636269553
2885	illa	ille	0.21703673400571782
2886	cura	cura	0.23098393825137947
2887	iouis	iouus	0.11433794443368543
2888	terra	terra	0.2647711679412862
2889	est	sum	0.4103991028490287
2890	natura	natura	0.25172141980019586
2891	deside	desideo	0.22629665582432035
2892	torpet	torpeo	0.2264751930613436
2893	orbis	orbis	0.22442660942401924
2894	et	et	0.15833624089312415
2895	inmotis	immotus	0.1870662252269237
2896	annum	annus	0.28041782357568246
2897	non	non	0.41864799612008574
2898	sentit	sentio	0.22537316574409375
2899	harenis	harena	0.20614409367526165
2900	hoc	hic	0.4324442720018331
2901	tam	tam	0.29912787483899705
2902	segne	segnis	0.2642165814000659
2903	solum	solum	0.28627941292182657
2904	raras	rarus	0.2353945387886136
2905	tamen	tamen	0.2923938340440465
2906	exerit	exero	0.25757579489587124
2907	herbas	herba	0.23245201335497218
2908	quas	qui	0.4173252507543872
2909	nasamon	nasamon	0.23291293109891475
2910	gens	gens	0.30859326375837703
2911	dura	durus	0.24433681888195355
2912	legit	lego	0.20372017371834356
2913	qui	qui	0.40178000734467567
2914	proxima	proximus	0.2295654963589609
2915	ponto	pontus	0.2058347277268135
2916	nudus	nudus	0.20757230199247018
2917	rura	rus	0.2276187193805721
2918	tenet	teneo	0.23445965004154445
2919	quem	qui	0.40807426186120543
2920	mundi	mundus	0.25188667932710695
2921	barbara	barbarus	0.2455029240103652
2922	damnis	damnum	0.20825046463590996
2923	syrtis	syrtis	0.23356651641796428
2924	alit	alo	0.2028554931453138
2925	nam	nam	0.33628882326213133
2926	litoreis	litoreus	0.21705707945559571
2927	populator	populor	0.21924622438704378
2928	harenis	harena	0.20614409367526165
2929	inminet	inmineo	0.25044107687423783
2930	et	et	0.15833624089312415
2931	nulla	nullus	0.309331758650595
2932	portus	portus	0.21980257383665275
2933	tangente	tango	0.25915953613706955
2934	carina	carina	0.2181400773428025
2935	nouit	nosco	0.23366282688798634
2936	opes	ops	0.24531441257918293
2937	sic	sic	0.21619464466528485
2938	cum	cum	0.2052975334096333
2939	toto	totus	0.23371265276574277
2940	commercia	commercium	0.25942055923064544
2941	mundo	mundus	0.22319495260704772
2942	naufragiis	naufragium	0.2133771413830613
2943	nasamones	nasamones	0.23313372706995458
2944	habent	habeo	0.2846003717340734
2945	hac	hic	0.3984743339777477
2946	ire	eo	0.2989716515304487
2947	catonem	cato	0.23717775332635738
2948	dura	durus	0.24433681888195355
2949	iubet	iubeo	0.2419209648505171
2950	uirtus	uirtus	0.27612282785519643
2951	illic	illic	0.2614751667984639
2952	secura	securus	0.23183657877857325
2953	iuuentus	iuuentus	0.21314098430040512
2954	uentorum	uentus	0.20385284116052638
2955	nullas	nullus	0.3093025439888227
2956	que	que	0.2012336315258229
2957	timens	timeo	0.2598482053691845
2958	tellure	tellus	0.22651523425795878
2959	procellas	procella	0.23708541866448912
2960	aequoreos	aequoreus	0.22957274857862459
2961	est	sum	0.4103991028490287
2962	passa	patior	0.24871939334522883
2963	metus	metus	0.22104237738470756
2964	nam	nam	0.33628882326213133
2965	litore	litus	0.19903271426237085
2966	sicco	siccus	0.20163831736354232
2967	quam	quam	0.3311780972189745
2968	pelago	pelagus	0.217059705175672
2969	syrtis	syrtis	0.22960915847053004
2970	uiolentius	uiolenter	0.2579089694860832
2971	excipit	excipio	0.21904441184820744
2972	austrum	auster	0.22592673962981752
2973	et	et	0.15833624089312415
2974	terrae	terra	0.26943705638106286
2975	magis	magis	0.2893968784392875
2976	ille	ille	0.22548811421451656
2977	nocens	nocens	0.23837865061731467
2978	non	non	0.41864799612008574
2979	montibus	mons	0.2079795889608262
2980	ortum	orior	0.21736361559354017
2981	aduersis	aduerto	0.1992257842589893
2982	frangit	frango	0.21317839817652318
2983	libye	libye	0.23135950742181496
2984	scopulis	scopulus	0.2271513195949026
2985	que	que	0.2012336315258229
2986	repulsum	repello	0.21766452010808815
2987	dissipat	dissipo	0.21948380571195503
2988	et	et	0.15833624089312415
2989	liquidas	liquidus	0.2125631851942037
2990	e	ex	0.19918257400950565
2991	turbine	turbo	0.14795611336180048
2992	soluit	soleo	0.21817372874046304
2993	in	in	0.1978304838181022
2994	auras	aura	0.20469465822548788
2995	nec	neque	0.2829151588008186
2996	ruit	ruo	0.19579717448269263
2997	in	in	0.1978304838181022
2998	siluas	silua	0.19313836373066143
2999	annosa	annosus	0.23466059562322242
3000	que	que	0.2012336315258229
3001	robora	robur	0.23558115943804464
3002	torquens	torqueo	0.20398714264462234
3003	lassatur	lasso	0.24133645007853932
3004	patet	pateo	0.2222757529588352
3005	omne	omnis	0.279253992495763
3006	solum	solum	0.28627941292182657
3007	liber	liber	0.22854526291051153
3008	que	que	0.2012336315258229
3009	meatu	meatus	0.23234217123940987
3010	aeoliam	aeolius	0.24697681299291702
3011	rabiem	rabies	0.24150119770130127
3012	totis	totus	0.22373933836016757
3013	exercet	exerceo	0.2341487578508017
3014	harenis	harena	0.20614409367526165
3015	et	et	0.15833624089312415
3016	non	non	0.41864799612008574
3017	imbriferam	imbrifer	0.23586485310833238
3018	contorto	contorqueo	0.17333374024745418
3019	puluere	puluis	0.19226643206850375
3020	nubem	nubes	0.20383050389655283
3021	in	in	0.1978304838181022
3022	flexum	flexus	0.20215424539127191
3023	uiolentus	uiolentus	0.2254164912243064
3024	agit	ago	0.2874753572908907
3025	pars	pars	0.17732919300374306
3026	plurima	plurimus	0.26660645081908185
3027	terrae	terra	0.26943705638106286
3028	tollitur	tollo	0.20908670443166172
3029	et	et	0.15833624089312415
3030	numquam	numquam	0.31306704929845697
3031	resoluto	resoluo	0.1891007693111312
3032	uertice	uertex	0.1584793239719
3033	pendet	pendeo	0.20910568522911632
3034	regna	regnum	0.318717214176867
3035	uidet	uideo	0.25407932739939476
3036	pauper	pauper	0.22939951419725252
3037	nasamon	nasamon	0.23920718561544452
3038	errantia	erro	0.248164669043465
3039	uento	uentus	0.1814845836187692
3040	discussas	discutio	0.215664022970077
3041	que	que	0.2012336315258229
3042	domos	domus	0.2842653365942992
3043	uolitant	uolito	0.23776567306641339
3044	que	que	0.2012336315258229
3045	a	ab	0.19208305618423893
3046	culmine	culmen	0.2156153580334717
3047	raptae	rapio	0.20902894822133475
3048	detecto	detego	0.20183136200388074
3049	garamante	garamo	0.12183955289648404
3050	casae	casa	0.23655671500348102
3051	non	non	0.41864799612008574
3052	altius	alte	0.25916396863410845
3053	ignis	ignis	0.23187192093108364
3054	rapta	raptum	0.21957904740784934
3055	uehit	ueho	0.23728953778543288
3056	quantum	quantum	0.31716486093078056
3057	que	que	0.2012336315258229
3058	licet	licet	0.32788234001568617
3059	consurgere	consurgo	0.2438289293783677
3060	fumo	fumo	0.1853401888417469
3061	et	et	0.15833624089312415
3062	uiolare	uiolo	0.30351074920623505
3063	diem	dies	0.25476611457085496
3064	tantus	tantus	0.3413970892493663
3065	tenet	teneo	0.23445965004154445
3066	aera	aes	0.19912411691328355
3067	puluis	puluis	0.2162922703487863
3068	tum	tum	0.17315010599734665
3069	quoque	quoque	0.31480817453257254
3070	romanum	romanus	0.24426526409945964
3071	solito	solitum	0.2225041911287737
3072	uiolentior	uiolentus	0.24099094929579018
3073	agmen	agmen	0.1783509588479334
3074	adgreditur	adgredior	0.21272356890015107
3075	nullis	nullus	0.26340799312052665
3076	que	que	0.2012336315258229
3077	potest	possum	0.318797605096389
3078	consistere	consisto	0.2647878021839796
3079	miles	miles	0.23342240345814239
3080	instabilis	instabilis	0.22761323883046036
3081	raptis	rapio	0.21561166437385715
3082	etiam	etiam	0.29770997469861954
3083	quas	qui	0.4173252507543872
3084	calcat	calco	0.2440901157283033
3085	harenis	harena	0.20614409367526165
3086	concuteret	concutio	0.2193044492217938
3087	terras	terra	0.2647419532795139
3088	orbem	orbis	0.23072086394054897
3089	que	que	0.2012336315258229
3090	a	ab	0.19208305618423893
3091	sede	sedes	0.24486729085053327
3092	moueret	moueo	0.2477940127044411
3093	si	si	0.5027294574644618
3094	solida	solidus	0.23322716218899986
3095	libye	libye	0.20733366914153245
3096	conpage	compages	0.34181586400112407
3097	et	et	0.15833624089312415
3098	pondere	pondus	0.1981428794470066
3099	duro	durus	0.20473652253018726
3100	clauderet	claudeo	0.26290704211553045
3101	exesis	exedo	0.19633024419805734
3102	austrum	auster	0.22592673962981752
3103	scopulosa	scopulosus	0.22536710386622277
3104	cauernis	cauerna	0.21813253358376394
3105	sed	sed	0.22991636605070076
3106	quia	quia	0.3125880992411535
3107	mobilibus	mobilis	0.26522753911225405
3108	facilis	facilis	0.2586875207450806
3109	turbatur	turbo	0.17507796052338642
3110	harenis	harena	0.20614409367526165
3111	nusquam	nusquam	0.26903892248879585
3112	luctando	luctor	0.22097930441077235
3113	stabilis	stabilis	0.2467654696014725
3114	manet	maneo	0.29982328758364396
3115	ima	imus	0.23789465089484213
3116	que	que	0.2012336315258229
3117	tellus	tellus	0.2505410725382413
3118	stat	sto	0.22045097132213676
3119	quia	quia	0.3125880992411535
3120	summa	superus	0.2393983447804409
3121	fugit	fugio	0.23805372621094295
3122	galeas	galea	0.19333891124639724
3123	et	et	0.15833624089312415
3124	scuta	scutum	0.2316681072742544
3125	uirorum	uir	0.1929334824928407
3126	pila	pilum	0.2214282850232833
3127	que	que	0.2012336315258229
3128	contorsit	contorqueo	0.19310116489998108
3129	uiolento	uiolentus	0.2013906529440239
3130	spiritus	spiritus	0.23525599179120482
3131	actu	actus	0.19909728300783472
3132	intentus	intentus	0.20231132951133823
3133	que	que	0.2012336315258229
3134	tulit	fero	0.24009398597983858
3135	magni	magnus	0.2587224555281922
3136	per	per	0.19585738350308546
3137	inania	inanis	0.2649626633085347
3138	caeli	caelum	0.24736569786172558
3139	illud	ille	0.2510066720298032
3140	in	in	0.1978304838181022
3141	extrema	extremus	0.20901739318753113
3142	forsan	forsan	0.2975178760234555
3143	longe	longe	0.2539216207916641
3144	que	que	0.2012336315258229
3145	remota	remotus	0.20662995341276985
3146	prodigium	prodigium	0.2664859702544238
3147	tellure	tellus	0.22651523425795878
3148	fuit	sum	0.39446734537716976
3149	delapsa	delabor	0.21307983702556613
3150	que	que	0.2012336315258229
3151	caelo	caelum	0.21867397114166637
3152	arma	arma	0.24886190800705116
3153	timent	timeo	0.25742032483326477
3154	gentes	gens	0.30226979458007497
3155	hominum	homo	0.25093431331414956
3156	que	que	0.2012336315258229
3157	erepta	eripio	0.25328382749043143
3158	lacertis	lacertus	0.18670849544495158
3159	a	ab	0.19208305618423893
3160	superis	superus	0.19316706653021148
3161	demissa	demitto	0.19928672266058314
3162	putant	puto	0.24634515132594426
3163	sic	sic	0.21619464466528485
3164	illa	ille	0.24468320285150116
3165	profecto	prŏfectus	0.3042817846913347
3166	sacrifico	sacrifico	0.19206672379020973
3167	cecidere	cado	0.20983116069405922
3168	numae	numa	0.22109261779258693
3169	quae	qui	0.41103099623785744
3170	lecta	lego	0.19292569771951829
3171	iuuentus	iuuentus	0.21314098430040512
3172	patricia	patricius	0.2250190742430892
3173	ceruice	ceruix	0.1855546362921205
3174	mouet	moueo	0.2341314155555711
3175	spoliauerat	spolio	0.2181682485978227
3176	auster	auster	0.21963248511328778
3177	aut	aut	0.2796425113942012
3178	boreas	boreas	0.21298981821925378
3179	populos	populus	0.22347461425241774
3180	ancilia	ancilium	0.14800036973760974
3181	nostra	noster	0.5083500721343409
3182	ferentes	fero	0.2525475535830235
3183	sic	sic	0.21619464466528485
3184	orbem	orbis	0.23072086394054897
3185	torquente	torqueo	0.19025809219874665
3186	noto	noto	0.18046577677352948
3187	romana	romanus	0.24061541887218652
3188	iuuentus	iuuentus	0.21314098430040512
3189	procubuit	procumbo	0.22201214860189677
3190	timuit	timeo	0.24737794367355825
3191	que	que	0.2012336315258229
3192	rapi	rapio	0.2511945924894034
3193	constrinxit	constringo	0.2125648336829889
3194	amictus	amicio	0.21575583468855888
3195	inseruit	insero	0.22181879911187008
3196	que	que	0.2012336315258229
3197	manus	manus	0.23383780150513822
3198	terrae	terra	0.26943705638106286
3199	nec	neque	0.2829151588008186
3200	pondere	pondus	0.1981428794470066
3201	solo	solus	0.3191596357204843
3202	sed	sed	0.22991636605070076
3203	nisu	nisus	0.16571254464916776
3204	iacuit	iaceo	0.24172970613889827
3205	uix	uix	0.2688405971402107
3206	sic	sic	0.21619464466528485
3207	inmobilis	inmobilis	0.241732565211414
3208	austro	auster	0.19560664683300527
3209	qui	qui	0.40178000734467567
3210	super	super	0.1891739530801819
3211	ingentis	ingens	0.17857991549446461
3212	cumulos	cumulus	0.21314327288949014
3213	inuoluit	inuoluo	0.20963269686584857
3214	harenae	arena	0.2489424808603069
3215	atque	atque	0.17570308892570702
3216	operit	operio	0.23964550858893
3217	tellure	tellus	0.22651523425795878
3218	uiros	uir	0.19456184856959374
3219	uix	uix	0.2688405971402107
3220	tollere	tollo	0.2501897821466136
3221	miles	miles	0.23342240345814239
3222	membra	membrum	0.2161167073166522
3223	ualet	ualeo	0.2751711408374604
3224	multo	multus	0.22390070003342988
3225	congestu	congero	0.20066276002661632
3226	pulueris	puluis	0.22095815878856298
3227	haerens	haereo	0.1818945232522512
3228	alligat	alligo	0.22112134021610705
3229	et	et	0.15833624089312415
3230	stantis	sto	0.2192487468065854
3231	adfusae	adfundo	0.21846594664022972
3232	magnus	magnus	0.2540565670884155
3233	harenae	arena	0.2489424808603069
3234	agger	agger	0.19125646904149574
3235	et	et	0.15833624089312415
3236	inmoti	inmotus	0.21888471736738876
3237	terra	terra	0.2407453296610037
3238	surgente	surgo	0.2223329131434264
3239	tenentur	teneo	0.22599339529897355
3240	saxa	saxum	0.19958248961201464
3241	tulit	fero	0.24009398597983858
3242	penitus	penitus	0.2592338075907565
3243	discussis	discutio	0.1894385653310507
3244	proruta	proruo	0.20732617788122437
3245	muris	murus	0.17730052135107044
3246	effudit	effundo	0.18427777014392077
3247	que	que	0.2012336315258229
3248	procul	procul	0.2607864745479858
3249	miranda	mirandus	0.21217944182760837
3250	sorte	sors	0.24877419380584975
3251	malorum	malum	0.2495162465427102
3252	qui	qui	0.3954565381663737
3253	nullas	nullus	0.3093025439888227
3254	uidere	uideo	0.2903295613308055
3255	domos	domus	0.2842653365942992
3256	uidere	uideo	0.2903295613308055
3257	ruinas	ruina	0.24876301755497449
3258	iam	iam	0.2423169147710674
3259	que	que	0.2012336315258229
3260	iter	iter	0.24655461465103967
3261	omne	omnis	0.27295973797923323
3262	latet	lateo	0.2203490185168817
3263	nec	neque	0.2829151588008186
3264	sunt	sum	0.4061834567301607
3265	discrimina	discrimen	0.25340274468922563
3266	terrae	terra	0.26943705638106286
3267	ulla	ullus	0.3365160081321924
3268	nisi	nisi	0.3391696358054265
3269	aetheriae	aetherius	0.2569843708557916
3270	medio	medius	0.16721603656972922
3271	uelut	uelut	0.24749786243684538
3272	aequore	aequor	0.19835742767261574
3273	flammae	flamma	0.21524002710827148
3274	sideribus	sidus	0.2118824031002521
3275	nouere	nosco	0.2300494159289566
3276	uiam	uia	0.26589785834277024
3277	nec	neque	0.2829151588008186
3278	sidera	sidus	0.24220249589706433
3279	tota	totus	0.25770927638425295
3280	ostendit	ostendo	0.23618660285519505
3281	libycae	libycus	0.25977094197135375
3282	finitor	finitor	0.24142505249125296
3283	circulus	circulus	0.23088349880982764
3284	orae	ora	0.25470478350143805
3285	multa	multus	0.267121626950697
3286	que	que	0.2012336315258229
3287	deuexo	deuexus	0.2120956687310434
3288	terrarum	terra	0.26311358720276085
3289	margine	margo	0.2087703543715907
3290	celat	celo	0.2296520496100397
3291	ut	ut	0.27774099822990284
3292	que	que	0.2012336315258229
3293	calor	calor	0.21710801996534718
3294	soluit	soleo	0.21817372874046304
3295	quem	qui	0.40807426186120543
3296	torserat	torqueo	0.19574685405088688
3297	aera	aes	0.19912411691328355
3298	uentus	uentus	0.20551042189905172
3299	incensus	incendo	0.2069614524534985
3300	que	que	0.2012336315258229
3301	dies	dies	0.22657393280453944
3302	manant	mano	0.22019706044759021
3303	sudoribus	sudor	0.17978700264101116
3304	artus	artus	0.2211648407493434
3305	arent	aro	0.2522158035055854
3306	ora	os	0.1907703142560817
3307	siti	sitis	0.20533642507607652
3308	conspecta	conspicio	0.19130448146353918
3309	est	sum	0.4103991028490287
3310	parua	paruus	0.23232857093474246
3311	maligna	malignus	0.24259677335089846
3312	unda	unda	0.18899860870143975
3313	procul	procul	0.2607864745479858
3314	uena	uena	0.21155580460706036
3315	quam	qui	0.4236487199326892
3316	uix	uix	0.2688405971402107
3317	e	ex	0.19918257400950565
3318	puluere	puluis	0.19226643206850375
3319	miles	miles	0.23342240345814239
3320	corripiens	corripio	0.2000165624284187
3321	patulum	patulus	0.21455691332291177
3322	galeae	galea	0.19803401434794624
3323	confudit	confundo	0.2128228153372907
3324	in	in	0.1978304838181022
3325	orbem	orbis	0.23072086394054897
3326	porrexit	porrigo	0.2264211776847807
3327	que	que	0.2012336315258229
3328	duci	duco	0.27457956507051845
3329	squalebant	squaleo	0.2071508588637112
3330	puluere	puluis	0.19226643206850375
3331	fauces	fauces	0.2247371751222927
3332	cunctorum	cunctus	0.24422769495729857
3333	minimum	minimus	0.26161295203792734
3334	que	que	0.2012336315258229
3335	tenens	teneo	0.23327411961843442
3336	dux	dux	0.2303018138441335
3337	ipse	ipse	0.2748933595453659
3338	liquoris	liquor	0.22041215999149488
3339	inuidiosus	inuidiosus	0.23820069985006492
3340	erat	sum	0.39446734537716976
3341	mene	mene	0.2974479021861145
3342	inquit	inquio	0.2839072997679491
3343	degener	degener	0.2608725513241467
3344	unum	unus	0.28818496894691026
3345	miles	miles	0.23342240345814239
3346	in	in	0.1978304838181022
3347	hac	hic	0.3984743339777477
3348	turba	turba	0.2081331782821824
3349	uacuum	uacuus	0.22758053918353588
3350	uirtute	uirtus	0.2520969895749139
3351	putasti	puto	0.3077313415948092
3352	usque	usque	0.3110053960783457
3353	adeo	adeo	0.3034419273958001
3354	mollis	mollis	0.21087664500933606
3355	primis	primus	0.19176396917256863
3356	que	que	0.2012336315258229
3357	caloribus	calor	0.18675871250676263
3358	inpar	impar	0.23837865061731467
3359	sum	sum	0.49333799534018874
3360	uisus	uisus	0.18115834801210368
3361	quanto	quanto	0.32193783445304525
3362	poena	poena	0.29783862486555224
3363	tu	tu	0.7744391055235995
3364	dignior	dignus	0.3063032304099562
3365	ista	iste	0.4046641394085343
3366	es	sum	0.49373243618236207
3367	qui	qui	0.40178000734467567
3368	populo	populus	0.19947799063390753
3369	sitiente	sitio	0.23487485327642693
3370	bibas	bibo	0.339297408592661
3371	sic	sic	0.21619464466528485
3372	concitus	concieo	0.18726487018286908
3373	ira	ira	0.17492803103992888
3374	excussit	excutio	0.19346399469158515
3375	galeam	galea	0.19966238042469928
3376	suffecit	sufficio	0.23456641879083723
3377	que	que	0.2012336315258229
3378	omnibus	omnis	0.29373048013932923
3379	unda	unda	0.21302444698172227
3380	uentum	uenio	0.2611938509364884
3381	erat	sum	0.39446734537716976
3382	ad	ad	0.2070463735264641
3383	templum	templum	0.26472319555000434
3384	libycis	libycus	0.26030133762018925
3385	quod	quod	0.3777126237231303
3386	gentibus	gens	0.3293640059184729
3387	unum	unus	0.3074092722456672
3388	inculti	incultus	0.22166239597526244
3389	garamantes	garamor	0.13195519238333
3390	habent	habeo	0.2846003717340734
3391	stat	sto	0.22045097132213676
3392	sortiger	sortiger	0.12880528110062514
3393	illic	illic	0.2614751667984639
3394	iuppiter	iuppiter	0.30688173353913384
3395	ut	ut	0.27774099822990284
3396	memorant	memoro	0.22928601450880906
3397	sed	sed	0.22991636605070076
3398	non	non	0.41864799612008574
3399	aut	aut	0.2796425113942012
3400	fulmina	fulmen	0.2536967712005528
3401	uibrans	uibro	0.20716891086338618
3402	aut	aut	0.2796425113942012
3403	similis	similis	0.23651639869347987
3404	nostro	noster	0.5162491948357543
3405	sed	sed	0.22991636605070076
3406	tortis	torqueo	0.17912136150815772
3407	cornibus	cornu	0.18517878139935
3408	hammon	hammon	0.2451862446311768
3409	non	non	0.41864799612008574
3410	illic	illic	0.2614751667984639
3411	libycae	libycus	0.24878158435327508
3412	posuerunt	pono	0.221981308371086
3413	ditia	dis	0.2571566250338598
3414	gentes	gens	0.30226979458007497
3415	templa	templum	0.2583997263717023
3416	nec	neque	0.2829151588008186
3417	eois	eous	0.18527442380882772
3418	splendent	splendeo	0.21608067554558863
3419	donaria	donarium	0.26062014112823756
3420	gemmis	gemma	0.19551797822875788
3421	quamuis	quamuis	0.30154044275768344
3422	aethiopum	aethiopus	0.2232674001947148
3423	populis	populus	0.244274571074286
3424	arabum	arab	0.1271477003620998
3425	que	que	0.2012336315258229
3426	beatis	beatus	0.225692878840355
3427	gentibus	gens	0.3293640059184729
3428	atque	atque	0.17570308892570702
3429	indis	indo	0.20460742143191257
3430	unus	unus	0.28189071443038055
3431	sit	sum	0.4422705569945694
3432	iuppiter	iuppiter	0.30688173353913384
3433	hammon	hammon	0.23889199011464704
3434	pauper	pauper	0.22939951419725252
3435	adhuc	adhuc	0.2728667279190589
3436	deus	deus	0.29365484106462264
3437	est	sum	0.4103991028490287
3438	nullis	nullus	0.2789824511920104
3439	uiolata	uiolo	0.2564660392759991
3440	per	per	0.19585738350308546
3441	aeuum	aeuum	0.27382583245785785
3442	diuitiis	diuitia	0.21997318664601828
3443	delubra	delubrum	0.24754923818025504
3444	tenens	teneo	0.23327411961843442
3445	morum	mos	0.22307998778835986
3446	que	que	0.2012336315258229
3447	priorum	prior	0.21801103990642942
3448	numen	numen	0.3132088416872928
3449	romano	romanus	0.22023942581917713
3450	templum	templum	0.26472319555000434
3451	defendit	defendo	0.25495420888820386
3452	ab	ab	0.19208305618423893
3453	auro	aurum	0.18434785254331865
3454	esse	sum	0.4721995529199149
3455	locis	locus	0.18655990742394063
3456	superos	superus	0.22348715932702373
3457	testatur	testor	0.2526845969706857
3458	silua	silua	0.19316757839243376
3459	per	per	0.19585738350308546
3460	omnem	omnis	0.2756041472684898
3461	sola	solus	0.33953562877349364
3462	uirens	uireo	0.21389689265127498
3463	libyen	libyen	0.20523724759135908
3464	nam	nam	0.33628882326213133
3465	quidquid	quidquid	0.31944625823902195
3466	puluere	puluis	0.19226643206850375
3467	sicco	siccus	0.1824140140647854
3468	separat	separo	0.2426968886979637
3469	ardentem	ardeo	0.2005674053484596
3470	tepida	tepidus	0.21960573171585046
3471	berenicida	berenicidus	0.14830788245777082
3472	lepti	leptus	0.1337786822605629
3473	ignorat	ignoro	0.22761653948073474
3474	frondes	frons	0.21559578255631767
3475	solus	solus	0.32396117070200986
3476	nemus	nemus	0.2296834170705339
3477	abstulit	aufero	0.21061343935935078
3478	hammon	hammon	0.23889199011464704
3479	siluarum	silua	0.1915099976539084
3480	fons	fons	0.2370465969800619
3481	causa	causa	0.2687539823546964
3482	loco	locus	0.19288337660224267
3483	qui	qui	0.40178000734467567
3484	putria	puter	0.24127974340991012
3485	terrae	terra	0.26943705638106286
3486	alligat	alligo	0.22112134021610705
3487	et	et	0.15833624089312415
3488	domitas	domo	0.2260876925132621
3489	unda	unda	0.21302444698172227
3490	conectit	conecto	0.2270236107636969
3491	harenas	harena	0.2364641864720739
3492	hic	hic	0.40692571418654644
3493	quoque	quoque	0.31480817453257254
3494	nil	nihil	0.5376309956045434
3495	obstat	obsto	0.24035092387291704
3496	phoebo	phoeo	0.10477944282034261
3497	cum	cum	0.2052975334096333
3498	cardine	cardo	0.1950474470904911
3499	summo	summus	0.19681313890479654
3500	stat	sto	0.22045097132213676
3501	librata	libro	0.20669328717436747
3502	dies	dies	0.23289740198284148
3503	truncum	truncus	0.21365556123204066
3504	uix	uix	0.2688405971402107
3505	protegit	protego	0.22453854365725254
3506	arbor	arbor	0.22563147843469167
3507	tam	tam	0.29912787483899705
3508	breuis	breuis	0.24187169921423785
3509	in	in	0.1978304838181022
3510	medium	medius	0.1975361293665415
3511	radiis	radius	0.18355618153269787
3512	conpellitur	compello	0.21964150176522457
3513	umbra	umbra	0.24048947559337677
3514	deprensum	deprendo	0.2259649097624746
3515	est	sum	0.4103991028490287
3516	hunc	hic	0.41321996870307615
3517	esse	sum	0.4721995529199149
3518	locum	locus	0.22320346939905494
3519	qua	qua	0.28888361284606867
3520	circulus	circulus	0.23088349880982764
3521	alti	altus	0.17494323349303403
3522	solstitii	solstitium	0.13347116954040184
3523	medium	medius	0.1975361293665415
3524	signorum	signum	0.23157894878153962
3525	percutit	percutio	0.1953368645589749
3526	orbem	orbis	0.23072086394054897
3527	at	at	0.1606357004642853
3528	tibi	tu	0.8015333168619974
3529	quaecumque	quicumque	0.3532658404546729
3530	es	sum	0.49373243618236207
3531	libyco	libycus	0.2551050535315771
3532	gens	gens	0.30859326375837703
3533	igne	ignis	0.20784608265080112
3534	dirempta	dirimo	0.21151718174257433
3535	in	in	0.1978304838181022
3536	noton	noton	0.12066141361198747
3537	umbra	umbra	0.21646363731309426
3538	cadit	cado	0.2271003637718252
3539	quae	qui	0.4173544654161595
3540	nobis	nos	0.5997307209855689
3541	exit	exeo	0.24342953859379385
3542	in	in	0.1978304838181022
3543	arcton	arcton	0.22471156152292815
3544	te	tu	0.7807333600401292
3545	segnis	segnis	0.26056673617279275
3546	cynosura	cynosura	0.24007660361437272
3547	subit	subeo	0.19057430183403584
3548	tu	tu	0.7744391055235995
3549	sicca	siccus	0.22563494098205253
3550	profundo	profundum	0.22653967615448223
3551	mergi	mergo	0.2740062774177335
3552	plaustra	plaustrum	0.24052782882650975
3553	putas	puto	0.32138713371354544
3554	nullum	nullus	0.31927585839439787
3555	que	que	0.2012336315258229
3556	in	in	0.1978304838181022
3557	uertice	uertex	0.1584793239719
3558	semper	semper	0.3082980463941676
3559	sidus	sidus	0.2485259650753664
3560	habes	habeo	0.35964235412167456
3561	inmune	inmunis	0.254989621889015
3562	mari	mare	0.2227544083257732
3563	procul	procul	0.2607864745479858
3564	axis	axis	0.2449176175845702
3565	uterque	uterque	0.2566063902755601
3566	est	sum	0.4103991028490287
3567	et	et	0.15833624089312415
3568	fuga	fuga	0.22880175145761245
3569	signorum	signum	0.23157894878153962
3570	medio	medius	0.16721603656972922
3571	rapit	rapio	0.22343683517918975
3572	omnia	omnis	0.2729305233174609
3573	caelo	caelum	0.26979402076034686
3574	non	non	0.41864799612008574
3575	obliqua	obliquo	0.21835489944133032
3576	meant	meo	0.21297166590270628
3577	nec	neque	0.2829151588008186
3578	tauro	taurus	0.19839892497760467
3579	scorpios	scorpius	0.21824255847510823
3580	exit	exeo	0.24342953859379385
3581	rectior	rectus	0.21857928585704162
3582	aut	aut	0.2796425113942012
3583	aries	aries	0.21323841297642604
3584	donat	dono	0.24164582493433295
3585	sua	suus	0.226591481728214
3586	tempora	tempus	0.2627780539417629
3587	librae	libra	0.14904562761188558
3588	aut	aut	0.2796425113942012
3589	astraea	astraeum	0.14800036973760974
3590	iubet	iubeo	0.2419209648505171
3591	lentos	lentus	0.2234502415654257
3592	descendere	descendo	0.2852333700181135
3593	pisces	piscis	0.23075784337680255
3594	par	par	0.23837298115260933
3595	geminis	geminus	0.1732028136445851
3596	chiron	chiron	0.2564609415851764
3597	et	et	0.15833624089312415
3598	idem	idem	0.31599025384936585
3599	quod	quod	0.3777126237231303
3600	carcinos	carcinus	0.12877606643885284
3601	ardens	ardens	0.20092010677353972
3602	umidus	umidus	0.21780196117667378
3603	aegoceros	aegoceer	0.12908357915901392
3604	nec	neque	0.2829151588008186
3605	plus	plus	0.2683777249150415
3606	leo	leo	0.1996857991681832
3607	tollitur	tollo	0.20908670443166172
3608	urna	urna	0.23266111621343932
3609	stabant	sto	0.20318176824437076
3610	ante	ante	0.22209604880761186
3611	fores	foris	0.2265379722609972
3612	populi	populus	0.22816971735396674
3613	quos	qui	0.40175079268290337
3614	miserat	mitto	0.2318224631605007
3615	eos	is	0.2982209635468632
3616	cornigeri	corniger	0.27294324826147776
3617	que	que	0.2012336315258229
3618	iouis	iouus	0.13347116954040184
3619	monitu	monitus	0.2080547010977684
3620	noua	nouus	0.2330676929925442
3621	fata	fatum	0.3082749818072536
3622	petebant	peto	0.23064553160483756
3623	sed	sed	0.22991636605070076
3624	latio	latio	0.23708696718053723
3625	cessere	cedo	0.23664922579344166
3626	duci	dux	0.26600842381919176
3627	comites	comes	0.21000004554669432
3628	que	que	0.2012336315258229
3629	catonem	cato	0.23717775332635738
3630	orant	oro	0.2862070612978045
3631	exploret	exploro	0.2627490732653701
3632	libycum	libycus	0.26504915327538003
3633	memorata	memoro	0.22210494946901352
3634	per	per	0.19585738350308546
3635	orbem	orbis	0.23072086394054897
3636	numina	numen	0.30688537250899073
3637	de	de	0.21528495638144768
3638	fama	fama	0.23457779456817263
3639	tam	tam	0.29912787483899705
3640	longi	longus	0.24151892846004
3641	iudicet	iudico	0.16407252303307598
3642	aeui	aeuum	0.2721974663811048
3643	maximus	maximus	0.24231184876402712
3644	hortator	hortator	0.23270210713787534
3645	scrutandi	scruto	0.2488108881147993
3646	uoce	uox	0.17296836481367364
3647	deorum	deus	0.2919972603260973
3648	euentus	euentus	0.2177890688248366
3649	labienus	labienus	0.2157850493503312
3650	erat	sum	0.39446734537716976
3651	sors	sors	0.27280003208613224
3652	obtulit	offero	0.21594592465742504
3653	inquit	inquio	0.2839072997679491
3654	et	et	0.15833624089312415
3655	fortuna	fortuna	0.2987094485309642
3656	uiae	uia	0.2642694922660172
3657	tam	tam	0.29912787483899705
3658	magni	magnus	0.27794675882694914
3659	numinis	numen	0.3115804756105397
3660	ora	os	0.19706456877261144
3661	consilium	consilium	0.25726019982935633
3662	que	que	0.2012336315258229
3663	dei	deus	0.29832072950439936
3664	tanto	tantus	0.31737125096908375
3665	duce	dux	0.22185043363533474
3666	possumus	possum	0.3862746734154964
3667	uti	ut	0.27774099822990284
3668	per	per	0.19585738350308546
3669	syrtes	syrtis	0.2599292512673423
3670	bellis	bellum	0.2569918253076214
3671	que	que	0.2012336315258229
3672	datos	do	0.2787397510729218
3673	cognoscere	cognosco	0.29500422842131985
3674	casus	casus	0.2611246674759334
3675	nam	nam	0.33628882326213133
3676	cui	qui	0.42887421868307374
3677	crediderim	credo	0.36937384233493264
3678	superos	superus	0.22348715932702373
3679	arcana	arcanus	0.2481450985766687
3680	daturos	do	0.31840787099506734
3681	dicturos	dico	0.20267042326653695
3682	que	que	0.2012336315258229
3683	magis	magis	0.2893968784392875
3684	quam	quam	0.3311780972189745
3685	sancto	sanctus	0.2566214246428984
3686	uera	uerus	0.2886396750205224
3687	catoni	cato	0.2579777101482256
3688	certe	certe	0.34557619527796135
3689	uita	uita	0.28654465641305227
3690	tibi	tu	0.8015333168619974
3691	semper	semper	0.3082980463941676
3692	derecta	derigo	0.2198120240054584
3693	supernas	supernus	0.23875711492864016
3694	ad	ad	0.2070463735264641
3695	leges	lex	0.26910668140169625
3696	sequeris	sequor	0.3120844409058334
3697	que	que	0.2012336315258229
3698	deum	deus	0.29994909558115235
3699	datur	do	0.2935977677072094
3700	ecce	ecce	0.3778660498102507
3701	loquendi	loquor	0.2555333289497671
3702	cum	cum	0.2052975334096333
3703	ioue	ioueo	0.24752350745725368
3704	libertas	libertas	0.2456351459528524
3705	inquire	inquiro	0.34639657879003194
3706	in	in	0.1978304838181022
3707	fata	fatum	0.3082749818072536
3708	nefandi	nefandus	0.2603206824549734
3709	caesaris	caesar	0.24877964761453203
3710	et	et	0.15833624089312415
3711	patriae	patria	0.3171286983860965
3712	uenturos	uenio	0.2898599605954743
3713	excute	excutio	0.31788916050210536
3714	mores	mos	0.2247083538651129
3715	iure	ius	0.25679713959354905
3716	suo	suus	0.20259485810970382
3717	populis	populus	0.244274571074286
3718	uti	ut	0.27774099822990284
3719	legum	lex	0.2674783153249432
3720	que	que	0.2012336315258229
3721	licebit	licet	0.3490418240355543
3722	an	an	0.39867536446955243
3723	bellum	bellum	0.29363538728273564
3724	ciuile	ciuilis	0.2656114316579526
3725	perit	pereo	0.2399263084895873
3726	tua	tuus	0.5011094537434804
3727	pectora	pectus	0.20233877336522116
3728	sacra	sacer	0.21606210301712286
3729	uoce	uox	0.17296836481367364
3730	reple	repleo	0.3485023046979003
3731	durae	durus	0.23801334970365148
3732	saltem	salto	0.33169486913731794
3733	uirtutis	uirtus	0.2807887162949731
3734	amator	amator	0.12880528110062514
3735	quaere	quaero	0.3607743075546939
3736	quid	quis	0.4720078241812511
3737	est	sum	0.4103991028490287
3738	uirtus	uirtus	0.27612282785519643
3739	et	et	0.15833624089312415
3740	posce	posco	0.3775109145334544
3741	exemplar	exemplar	0.2669436103065396
3742	honesti	honestum	0.15269547283915877
3743	ille	ille	0.22548811421451656
3744	deo	deus	0.32074905240302065
3745	plenus	plenus	0.22559419377259637
3746	tacita	tacitus	0.19582976011531047
3747	quem	qui	0.40807426186120543
3748	mente	mens	0.23351777026889114
3749	gerebat	gero	0.22912007985135713
3750	effudit	effundo	0.18427777014392077
3751	dignas	dignus	0.30627401574818386
3752	adytis	adytum	0.2106521378929368
3753	e	ex	0.19918257400950565
3754	pectore	pectus	0.17834214974671095
3755	uoces	uox	0.19067073391565414
3756	quid	quis	0.4783020786977808
3757	quaeri	quaero	0.27776269117312363
3758	labiene	labiene	0.1717661744074685
3759	iubes	iubeo	0.3133495362790885
3760	an	an	0.39867536446955243
3761	liber	liber	0.22854526291051153
3762	in	in	0.1978304838181022
3763	armis	arma	0.2185418152102389
3764	occubuisse	occubo	0.23617254576850422
3765	uelim	uolo	0.3509212279627312
3766	potius	potior	0.3168520214665952
3767	quam	quam	0.3311780972189745
3768	regna	regnum	0.318717214176867
3769	uidere	uideo	0.2903295613308055
3770	an	an	0.39867536446955243
3771	sit	sum	0.4422705569945694
3772	uita	uita	0.28654465641305227
3773	nihil	nihil	0.5376309956045434
3774	sed	sed	0.22991636605070076
3775	longa	longus	0.23320319479299015
3776	an	an	0.39867536446955243
3777	differat	differo	0.2678688371640896
3778	aetas	aetas	0.26997973928767066
3779	an	an	0.39867536446955243
3780	noceat	noceo	0.28149207272024734
3781	uis	uis	0.24125385378305725
3782	nulla	nullus	0.309331758650595
3783	bono	bonus	0.25238628499328314
3784	fortuna	fortuna	0.2987094485309642
3785	que	que	0.2012336315258229
3786	perdat	perdo	0.2802219398104299
3787	opposita	oppositus	0.21320940456141535
3788	uirtute	uirtus	0.2520969895749139
3789	minas	minae	0.24655193853919327
3790	laudanda	laudandus	0.26264554576364985
3791	que	que	0.2012336315258229
3792	uelle	uolo	0.2887625933483985
3793	sit	sum	0.4422705569945694
3794	satis	satis	0.33952481816175184
3795	et	et	0.15833624089312415
3796	numquam	numquam	0.31306704929845697
3797	successu	successus	0.181270986162881
3798	crescat	cresco	0.24597832001318187
3799	honestum	honestus	0.24490082863430004
3800	scimus	scio	0.34450736063168036
3801	et	et	0.15833624089312415
3802	hoc	hic	0.4324442720018331
3803	nobis	nos	0.5997307209855689
3804	non	non	0.41864799612008574
3805	altius	alte	0.25916396863410845
3806	inseret	insero	0.25663407525047444
3807	hammon	hammon	0.2451862446311768
3808	haeremus	haereo	0.2505571219944686
3809	cuncti	cunctus	0.2816660939297564
3810	superis	superus	0.24428711614889198
3811	templo	templum	0.2344031027531921
3812	que	que	0.2012336315258229
3813	tacente	taceo	0.19189410493541753
3814	nil	nihil	0.5376309956045434
3815	facimus	facio	0.3211174379969083
3816	non	non	0.41864799612008574
3817	sponte	spons	0.22990473603895253
3818	dei	deus	0.29832072950439936
3819	nec	neque	0.2829151588008186
3820	uocibus	uox	0.1666448956353716
3821	ullis	ullus	0.3609365955195615
3822	numen	numen	0.3132088416872928
3823	eget	egeo	0.2730405714001299
3824	dixit	dico	0.16905737164348394
3825	que	que	0.2012336315258229
3826	semel	semel	0.29459152939372835
3827	nascentibus	nascor	0.34040905921153997
3828	auctor	auctor	0.2448008275583179
3829	quidquid	quidquid	0.3257405127555517
3830	scire	scio	0.31328052624398367
3831	licet	licet	0.32788234001568617
3832	sterilesne	sterilesne	0.14468725189227
3833	elegit	eligo	0.21493029835300048
3834	harenas	harena	0.2364641864720739
3835	ut	ut	0.27774099822990284
3836	caneret	cano	0.2459281249678128
3837	paucis	paucus	0.24825257349301522
3838	mersit	mergo	0.23259272798878358
3839	que	que	0.2012336315258229
3840	hoc	hic	0.4324442720018331
3841	puluere	puluis	0.19226643206850375
3842	uerum	uerus	0.2889764024024558
3843	est	sum	0.4103991028490287
3844	que	que	0.2012336315258229
3845	dei	deus	0.29832072950439936
3846	sedes	sedes	0.26886391446904345
3847	nisi	nisi	0.3391696358054265
3848	terra	terra	0.2647711679412862
3849	et	et	0.15833624089312415
3850	pontus	pontus	0.22986056600709603
3851	et	et	0.15833624089312415
3852	aer	aer	0.2028282772233796
3853	et	et	0.15833624089312415
3854	caelum	caelum	0.24269980942194885
3855	et	et	0.15833624089312415
3856	uirtus	uirtus	0.27612282785519643
3857	superos	superus	0.22348715932702373
3858	quid	quis	0.4783020786977808
3859	quaerimus	quaero	0.3174820021820174
3860	ultra	ultra	0.2922796034628186
3861	iuppiter	iuppiter	0.30688173353913384
3862	est	sum	0.4103991028490287
3863	quodcumque	quicumque	0.36320994019847574
3864	uides	uideo	0.3255078988279662
3865	quodcumque	quicumque	0.36320994019847574
3866	moueris	moueo	0.3192225841330125
3867	sortilegis	sortilegus	0.11403043171352435
3868	egeant	egeo	0.29674554970870637
3869	dubii	dubius	0.21089081348711977
3870	semper	semper	0.3082980463941676
3871	que	que	0.2012336315258229
3872	futuris	sum	0.3589416506167554
3873	casibus	casus	0.23080457467912113
3874	ancipites	anceps	0.20932367986159928
3875	me	ego	0.8083840689476842
3876	non	non	0.41864799612008574
3877	oracula	oraculum	0.25942847833656474
3878	certum	certus	0.271641814528793
3879	sed	sed	0.22991636605070076
3880	mors	mors	0.28859341658626425
3881	certa	certus	0.26799196930151986
3882	facit	facio	0.2536403696778009
3883	pauido	pauidus	0.21612390327379083
3884	forti	fortis	0.2520620489917194
3885	que	que	0.2012336315258229
3886	cadendum	cado	0.257280439026378
3887	est	sum	0.4103991028490287
3888	hoc	hic	0.42615001748530335
3889	satis	satis	0.2775895928365002
3890	est	sum	0.4103991028490287
3891	dixisse	dico	0.19506576148584245
3892	iouem	iouis	0.15067399368863862
3893	sic	sic	0.21619464466528485
3894	ille	ille	0.22548811421451656
3895	profatus	profatus	0.11705996744008232
3896	seruata	seruo	0.2224950129014785
3897	que	que	0.2012336315258229
3898	fide	fides	0.25932383588593205
3899	templi	templum	0.2630948294732513
3900	discedit	discedo	0.25287184995281164
3901	ab	ab	0.19208305618423893
3902	aris	ara	0.20988145913230594
3903	non	non	0.41864799612008574
3904	exploratum	exploro	0.24701364735183728
3905	populis	populus	0.244274571074286
3906	hammona	hammon	0.23886277545287474
3907	relinquens	relinquo	0.24069646796860658
3908	ipse	ipse	0.2748933595453659
3909	manu	manus	0.20984117788662804
3910	sua	suus	0.19894501288243066
3911	pila	pilum	0.2214282850232833
3912	gerit	gero	0.2427758719700934
3913	praecedit	praecedo	0.22453854365725254
3914	anheli	anhelus	0.22179656477079748
3915	militis	miles	0.23808829189791908
3916	ora	os	0.19706456877261144
3917	pedes	pes	0.19532155586496663
3918	monstrat	monstro	0.20988118410814666
3919	tolerare	tolero	0.29146075355192214
3920	labores	labor	0.2508706187923403
3921	non	non	0.41864799612008574
3922	iubet	iubeo	0.2419209648505171
3923	et	et	0.15833624089312415
3924	nulla	nullus	0.28530592037031244
3925	uehitur	ueho	0.2324366940018917
3926	ceruice	ceruix	0.1855546362921205
3927	supinus	supinus	0.22761323883046036
3928	carpento	carpentum	0.21671097412752785
3929	que	que	0.2012336315258229
3930	sedens	sedeo	0.20762665531575658
3931	somni	somnus	0.2206960333550756
3932	parcissimus	parcus	0.22208465477292552
3933	ipse	ipse	0.2748933595453659
3934	est	sum	0.4103991028490287
3935	ultimus	ultimus	0.22679344486372532
3936	haustor	haustor	0.12880528110062514
3937	aquae	aqua	0.22150829034811453
3938	quam	qui	0.4236487199326892
3939	tandem	tandem	0.26628816046996057
3940	fonte	fons	0.21302075869977938
3941	reperto	reperio	0.2040308370236959
3942	indiga	indigus	0.2341537439285254
3943	cogatur	cogo	0.2513333412112721
3944	laticis	latex	0.21500158531501878
3945	s	s	0.0927072280084283
3946	pectare	pecto	0.2632738446951076
3947	iuuentus	iuuentus	0.21314098430040512
3948	stat	sto	0.22045097132213676
3949	dum	dum	0.32876745542494623
3950	lixa	lixa	0.23739447990069829
3951	bibat	bibo	0.2678688371640896
3952	si	si	0.5027294574644618
3953	ueris	uerum	0.2523193629776513
3954	magna	magnus	0.2696310251598993
3955	paratur	paro	0.2667193183071901
3956	fama	fama	0.25860363284845517
3957	bonis	bonus	0.24606281581498113
3958	et	et	0.15833624089312415
3959	si	si	0.5027294574644618
3960	successu	successus	0.181270986162881
3961	nuda	nudus	0.22314676006395395
3962	remoto	remotus	0.20871557925692596
3963	inspicitur	inspicio	0.24439160118311926
3964	uirtus	uirtus	0.27612282785519643
3965	quidquid	quidquid	0.3257405127555517
3966	laudamus	laudo	0.2980218517942862
3967	in	in	0.1978304838181022
3968	ullo	ullus	0.29691571178042614
3969	maiorum	maius	0.234662324980201
3970	fortuna	fortuna	0.2987094485309642
3971	fuit	sum	0.39446734537716976
3972	quis	quis	0.45278352088249413
3973	marte	martes	0.10477944282034261
3974	secundo	secundus	0.22176665096960035
3975	quis	quis	0.45278352088249413
3976	tantum	tantum	0.31766075887298484
3977	meruit	mereo	0.2871250447307236
3978	populorum	populus	0.2218462481756647
3979	sanguine	sanguis	0.2332791310679242
3980	nomen	nomen	0.2624633616591976
3981	hunc	hic	0.41321996870307615
3982	ego	ego	0.8020898144311546
3983	per	per	0.19585738350308546
3984	syrtes	syrtis	0.2599292512673423
3985	libyae	libya	0.2708762529934954
3986	que	que	0.2012336315258229
3987	extrema	extremus	0.23666386203331446
3988	triumphum	triumphus	0.2666083389421915
3989	ducere	duco	0.2830720416917155
3990	maluerim	malo	0.3243985850159371
3991	quam	quam	0.3311780972189745
3992	ter	ter	0.23940872671229446
3993	capitolia	capitolium	0.2606729409875487
3994	curru	currus	0.15611640867091625
3995	scandere	scando	0.28175369316634213
3996	pompei	pompeius	0.13347116954040184
3997	quam	qui	0.4122865345196258
3998	frangere	frango	0.24942863210793392
3999	colla	collum	0.20756838190679355
4000	iugurthae	iugurtha	0.2417528556203139
4001	ecce	ecce	0.3778660498102507
4002	parens	parens	0.27287967684049413
4003	uerus	uerus	0.2697520991036989
4004	patriae	patria	0.3171286983860965
4005	dignissimus	dignus	0.2907287723384724
4006	aris	ara	0.2610015087509865
4007	roma	roma	0.2777983742344577
4008	tuis	tuus	0.45156505764791127
4009	per	per	0.19585738350308546
4010	quem	qui	0.40807426186120543
4011	numquam	numquam	0.31306704929845697
4012	iurare	iuro	0.31728026013431887
4013	pudebit	pudeo	0.31068249214086463
4014	et	et	0.15833624089312415
4015	quem	qui	0.40807426186120543
4016	si	si	0.5027294574644618
4017	steteris	sto	0.3055421398995782
4018	umquam	umquam	0.3150280631168124
4019	ceruice	ceruix	0.1855546362921205
4020	soluta	solutus	0.20002106717476487
4021	nunc	nunc	0.38025600229896883
4022	olim	olim	0.2885327886730953
4023	factura	facio	0.2825140136011211
4024	deum	deus	0.2919972603260973
4025	es	sum	0.49373243618236207
4026	iam	iam	0.2423169147710674
4027	spissior	spissus	0.23440389898505015
4028	ignis	ignis	0.23187192093108364
4029	et	et	0.15833624089312415
4030	plaga	plaga	0.22790864023407661
4031	quam	qui	0.4236487199326892
4032	nullam	nullus	0.3156260131671247
4033	superi	superus	0.21719290481049397
4034	mortalibus	mortalis	0.2819154890701833
4035	ultra	ultra	0.2922796034628186
4036	a	ab	0.19208305618423893
4037	medio	medius	0.1479917332709723
4038	fecere	facio	0.2363711666000349
4039	die	dies	0.20887156370255897
4040	calcatur	calco	0.23923727194476213
4041	et	et	0.15833624089312415
4042	unda	unda	0.21302444698172227
4043	rarior	rarus	0.23542375345038596
4044	inuentus	inuenio	0.21790593052635698
4045	mediis	medius	0.15724272216415403
4046	fons	fons	0.2370465969800619
4047	unus	unus	0.28189071443038055
4048	harenis	harena	0.20614409367526165
4049	largus	largus	0.20806424008632646
4050	aquae	aqua	0.22150829034811453
4051	sed	sed	0.22991636605070076
4052	quem	qui	0.40807426186120543
4053	serpentum	serpens	0.2131410623700004
4054	turba	turba	0.2321590165624649
4055	tenebat	teneo	0.22080385792280818
4056	uix	uix	0.2688405971402107
4057	capiente	capio	0.25174343671429456
4058	loco	locus	0.19288337660224267
4059	stabant	sto	0.20318176824437076
4060	in	in	0.1978304838181022
4061	margine	margo	0.22434481244307447
4062	siccae	siccus	0.21569084123824964
4063	aspides	aspis	0.24241393062490862
4064	in	in	0.1978304838181022
4065	mediis	medius	0.16089256739142718
4066	sitiebant	sitio	0.23252023106764666
4067	dipsades	dipsas	0.14465803723049767
4068	undis	unda	0.1826751395231377
4069	ductor	ductor	0.1856163166883626
4070	ut	ut	0.27774099822990284
4071	aspexit	aspicio	0.2819756019273705
4072	perituros	pereo	0.2735393601126403
4073	fonte	fons	0.21302075869977938
4074	relicto	relinquo	0.20845878162045345
4075	adloquitur	adloquor	0.22492978864004512
4076	uana	uanus	0.24461091325047823
4077	specie	species	0.22053941961175189
4078	conterrite	conterreo	0.32666702969497385
4079	leti	letum	0.2637275228969259
4080	ne	ne	0.4182298357594052
4081	dubita	dubito	0.3845880482720022
4082	miles	miles	0.23342240345814239
4083	tutos	tutus	0.2511739277140214
4084	haurire	haurio	0.26976292145278086
4085	liquores	liquor	0.21571705688994589
4086	noxia	noxia	0.2597280719508065
4087	serpentum	serpens	0.2131410623700004
4088	est	sum	0.4103991028490287
4089	admixto	admixtus	0.1033309169942066
4090	sanguine	sanguis	0.2332791310679242
4091	pestis	pestis	0.2289015709846312
4092	morsu	morsus	0.2038461392999207
4093	uirus	uirus	0.2546821091688539
4094	habent	habeo	0.2846003717340734
4095	et	et	0.15833624089312415
4096	fatum	fatum	0.31459845098555567
4097	dente	dens	0.18423458456486558
4098	minantur	minor	0.24687755719821886
4099	pocula	poculum	0.24870028976709904
4100	morte	mors	0.26456757830598177
4101	carent	careo	0.25056027249361135
4102	dixit	dico	0.16905737164348394
4103	dubium	dubius	0.24273284048070848
4104	que	que	0.2012336315258229
4105	uenenum	uenenum	0.23889177882678897
4106	hausit	haurio	0.21985689540263387
4107	et	et	0.15833624089312415
4108	in	in	0.1978304838181022
4109	tota	totus	0.23006280753846964
4110	libyae	libya	0.2818656106115741
4111	fons	fons	0.2370465969800619
4112	unus	unus	0.28189071443038055
4113	harena	harena	0.2124675628535637
4114	ille	ille	0.22548811421451656
4115	fuit	sum	0.39446734537716976
4116	de	de	0.21528495638144768
4117	quo	qui	0.3777541690643932
4118	primus	primus	0.20288897333239625
4119	sibi	sui	0.22094991669733455
4120	posceret	posco	0.2804041379905404
4121	undam	unda	0.21931870149825197
4122	cur	cur	0.3765888215060391
4123	libycus	libycus	0.23953059546009334
4124	tantis	tantus	0.31104778179078174
4125	exundet	exundo	0.2417439099369984
4126	pestibus	pestis	0.19855226352604666
4127	aer	aer	0.2028282772233796
4128	fertilis	fertilis	0.2252324936534012
4129	in	in	0.1978304838181022
4130	mortes	mors	0.28856420192449195
4131	aut	aut	0.2796425113942012
4132	quid	quis	0.4783020786977808
4133	secreta	secerno	0.23589464167375504
4134	nocenti	noceo	0.2736265548463555
4135	miscuerit		0.15041673091433974
4136	natura	natura	0.25172141980019586
4137	solo	solus	0.2767478355880887
4138	non	non	0.41864799612008574
4139	cura	cura	0.23098393825137947
4140	labor	labor	0.2508998334541126
4141	que	que	0.2012336315258229
4142	noster	noster	0.4891549834973563
4143	scire	scio	0.31328052624398367
4144	ualet	ualeo	0.2751711408374604
4145	nisi	nisi	0.3391696358054265
4146	quod	quod	0.3777126237231303
4147	uolgata	uolgatus	0.21866688577507276
4148	per	per	0.19585738350308546
4149	orbem	orbis	0.23072086394054897
4150	fabula	fabula	0.2496893092770741
4151	pro	pro	0.2911763213301979
4152	uera	uerus	0.26130071889490014
4153	decepit	decipio	0.2368369124800963
4154	saecula	saeculum	0.26889549197308305
4155	causa	causa	0.2447281440744139
4156	finibus	finis	0.2292842417974268
4157	extremis	extremus	0.2026939240092291
4158	libyes	libyis	0.12248181192232309
4159	ubi	ubi	0.27559131882881843
4160	feruida	feruidus	0.23655870953829744
4161	tellus	tellus	0.2505410725382413
4162	accipit	accipio	0.2536784825953948
4163	oceanum	oceanus	0.221917985783942
4164	demisso	demitto	0.1745890501364305
4165	sole	sol	0.19920591746996996
4166	calentem	calo	0.23528502004156315
4167	squalebant	squaleo	0.2071508588637112
4168	late	late	0.24339607867641339
4169	phorcynidos	phorcynidus	0.12908357915901392
4170	arua	aruum	0.24023746602169216
4171	medusae	medusa	0.21005929464393303
4172	non	non	0.41864799612008574
4173	nemorum	nemus	0.2217315818154788
4174	protecta	protego	0.21374406765842727
4175	coma	coma	0.17461794925049517
4176	non	non	0.41864799612008574
4177	mollia	mollis	0.23007173364632066
4178	sulco	sulco	0.1872831184746462
4179	sed	sed	0.22991636605070076
4180	dominae	domina	0.2496322892086094
4181	uoltu	uoltus	0.2119385068018741
4182	conspectis	conspicio	0.17604764590278982
4183	aspera	asper	0.23675268524867518
4184	saxis	saxum	0.16926239681520241
4185	hoc	hic	0.42615001748530335
4186	primum	primum	0.2599517437859483
4187	natura	natura	0.25172141980019586
4188	nocens	nocens	0.23837865061731467
4189	in	in	0.1978304838181022
4190	corpore	corpus	0.20604169815380455
4191	saeuas	saeuus	0.2548920237223426
4192	eduxit	educo	0.21713680068381525
4193	pestes	pestis	0.2288723563228589
4194	illis	ille	0.21071326482741579
4195	e	ex	0.19918257400950565
4196	faucibus	fauces	0.19441708232548044
4197	angues	anguis	0.21583111151778783
4198	stridula	stridulus	0.22813882555403708
4199	fuderunt	fundo	0.1607938372401485
4200	uibratis	uibro	0.18230312972692156
4201	sibila	sibilo	0.2300398964825689
4202	linguis	lingua	0.1899049950664814
4203	ipsa	ipse	0.26644197933656716
4204	flagellabant	flagello	0.2050424546636336
4205	gaudentis	gaudeo	0.21763733085894615
4206	colla	collum	0.20756838190679355
4207	medusae	medusa	0.21005929464393303
4208	femineae	femineus	0.2686190735450137
4209	cui	qui	0.42887421868307374
4210	more	mos	0.20071173024660266
4211	comae	coma	0.19232031835247568
4212	per	per	0.19585738350308546
4213	terga	tergum	0.201629957280276
4214	solutae	solutus	0.21013670666161083
4215	surgunt	surgo	0.22473439272682028
4216	aduersa	aduerto	0.22690146776654493
4217	subrectae	subrectus	0.22170492100402756
4218	fronte	frons	0.1915991589378075
4219	colubrae	colubra	0.21926087134618433
4220	uipereum	uipereus	0.25336694455763736
4221	que	que	0.2012336315258229
4222	fluit	fluo	0.21494095280668785
4223	depexo		0.1033309169942066
4224	crine	crinis	0.1559031899960164
4225	uenenum	uenenum	0.23889177882678897
4226	hoc	hic	0.4324442720018331
4227	habet	habeo	0.2882137826931031
4228	infelix	infelix	0.23379481801461077
4229	cunctis	cunctus	0.25764025564947385
4230	inpune	impunis	0.29798255288676684
4231	medusa	medusa	0.21367270560296275
4232	quod	quod	0.3777126237231303
4233	spectare	specto	0.28388015581819587
4234	licet	licet	0.32788234001568617
4235	nam	nam	0.33628882326213133
4236	rictus	rictus	0.20604375516429377
4237	ora	os	0.19706456877261144
4238	que	que	0.2012336315258229
4239	monstri	monstrum	0.25340441097056376
4240	quis	quis	0.45278352088249413
4241	timuit	timeo	0.24737794367355825
4242	quem	qui	0.40807426186120543
4243	qui	qui	0.40178000734467567
4244	recto	rego	0.2537865052260066
4245	se	sui	0.20014995987546627
4246	lumine	lumen	0.1969634278589538
4247	uidit	uideo	0.24042353528065852
4248	passa	patior	0.24871939334522883
4249	medusa	medusa	0.23209278700842723
4250	mori	morior	0.2777222403295279
4251	est	sum	0.4103991028490287
4252	rapuit	rapio	0.20978104306045348
4253	dubitantia	dubito	0.28360176623538524
4254	fata	fatum	0.3082749818072536
4255	praeuenit	praeuenio	0.21679276767058203
4256	que	que	0.2012336315258229
4257	metus	metus	0.22104237738470756
4258	anima	anima	0.267308588064879
4259	periere	pereo	0.23631289753055756
4260	retenta	retineo	0.20601331450988564
4261	membra	membrum	0.2161167073166522
4262	nec	neque	0.2829151588008186
4263	emissae	emitto	0.2142060272055165
4264	riguere	rigesco	0.2131793567115523
4265	sub	sub	0.2257075636269553
4266	ossibus	os	0.16674447597579922
4267	umbrae	umbra	0.23416600641507473
4268	eumenidum	eumenidum	0.1717661744074685
4269	crines	crinis	0.17989981361452664
4270	solos	solus	0.32393195604023756
4271	mouere	moueo	0.27038164948698185
4272	furores	furor	0.24594901411158693
4273	cerberos	cerberus	0.2438947833358247
4274	orpheo	orpheus	0.29870701875887185
4275	leniuit	lenio	0.22499199142008994
4276	sibila	sibilo	0.2300398964825689
4277	cantu	cantus	0.18024619267144812
4278	amphitryoniades	amphitryonias	0.12908357915901392
4279	uidit	uideo	0.24042353528065852
4280	cum	cum	0.28550000025989547
4281	uinceret	uinco	0.30324489381317404
4282	hydram	hydra	0.2336139464277872
4283	hoc	hic	0.4324442720018331
4284	monstrum	monstrum	0.2550327770473168
4285	timuit	timeo	0.24737794367355825
4286	genitor	genitor	0.2633605698440432
4287	numen	numen	0.3132088416872928
4288	que	que	0.2012336315258229
4289	secundum	secundum	0.21520559143145884
4290	phorcys		0.14800036973760974
4291	aquis	aqua	0.18649309444975332
4292	ceto	cetus	0.26868299147712177
4293	que	que	0.2012336315258229
4294	parens	parens	0.2884541349119779
4295	ipsae	ipse	0.28414434843854763
4296	que	que	0.2012336315258229
4297	sorores	soror	0.24058351930468908
4298	gorgones	gorgonis	0.12877606643885284
4299	hoc	hic	0.4324442720018331
4300	potuit	possum	0.30514181297765275
4301	caelo	caelum	0.26979402076034686
4302	pelago	pelagus	0.217059705175672
4303	que	que	0.2012336315258229
4304	minari	minor	0.2831015692510034
4305	torporem	torpor	0.24104229054964882
4306	insolitum	insolitus	0.22816413494718663
4307	mundo	mundus	0.27431500222572824
4308	que	que	0.2012336315258229
4309	obducere	obduco	0.2769011937341307
4310	terram	terra	0.27106542245781595
4311	e	ex	0.19918257400950565
4312	caelo	caelum	0.21867397114166637
4313	uolucres	uolucer	0.21952275040226077
4314	subito	subito	0.2372201789628623
4315	cum	cum	0.2052975334096333
4316	pondere	pondus	0.1981428794470066
4317	lapsae	labor	0.2444407991611022
4318	in	in	0.1978304838181022
4319	scopulis	scopulus	0.1760312699762221
4320	haesere	haereo	0.1658108505975952
4321	ferae	fera	0.2353523820170597
4322	uicina	uicina	0.23088780363534933
4323	colentes	colo	0.2543998748741957
4324	aethiopum	aethiopus	0.2232674001947148
4325	totae	totus	0.2477651766404501
4326	riguerunt	rigesco	0.2131793567115523
4327	marmore	marmor	0.2089230258503286
4328	gentes	gens	0.30226979458007497
4329	nullum	nullus	0.31927585839439787
4330	animal	animal	0.245458755858047
4331	uisus	uisus	0.18115834801210368
4332	patiens	patiens	0.25688991643097303
4333	ipsi	ipse	0.26856989036706386
4334	que	que	0.2012336315258229
4335	retrorsum	retrorsum	0.2711248486038813
4336	effusi	effundo	0.1746259849782399
4337	faciem	facies	0.23138084636554107
4338	uitabant	uito	0.21251676666904076
4339	gorgonos	gorgonus	0.22148329444728115
4340	angues	anguis	0.2221253660343176
4341	illa	ille	0.24468320285150116
4342	sub	sub	0.2257075636269553
4343	hesperiis	hesperia	0.23984281723959577
4344	stantem	sto	0.2317618480921773
4345	titana	titanus	0.21635827805425129
4346	columnis	columna	0.1865604937076304
4347	in	in	0.1978304838181022
4348	cautes	cautes	0.2425153566939987
4349	atlanta	atlantus	0.12595965776664447
4350	dedit	do	0.28479481937201434
4351	caelo	caelum	0.26979402076034686
4352	que	que	0.2012336315258229
4353	timente	timeo	0.25501884524987095
4354	olim	olim	0.2885327886730953
4355	phlegraeo	phlegraeus	0.19122975061911845
4356	stantis	sto	0.2192487468065854
4357	serpente	serpens	0.19077280482824321
4358	gigantas	giganta	0.23381701654659198
4359	erexit	erigo	0.19037536067750815
4360	montes	mons	0.18717963213895794
4361	bellum	bellum	0.29363538728273564
4362	que	que	0.2012336315258229
4363	inmane	inmaneo	0.2642936334963685
4364	deorum	deus	0.2919972603260973
4365	pallados	palladus	0.22447293088111664
4366	e	ex	0.19918257400950565
4367	medio	medium	0.2152056498343335
4368	confecit	conficio	0.23510993135489255
4369	pectore	pectus	0.17834214974671095
4370	gorgon	gorgon	0.2620356514056956
4371	quo	quo	0.3501328359790282
4372	postquam	postquam	0.2320209769739487
4373	partu	partus	0.23178531734288782
4374	danaes		0.24752350745725368
4375	et	et	0.15833624089312415
4376	diuite	diues	0.1949961842561016
4377	nimbo	nimbus	0.17488264558806796
4378	ortum	orior	0.21736361559354017
4379	parrhasiae	parrhasia	0.14904562761188558
4380	uexerunt	ueho	0.2200203347076669
4381	persea	perseus	0.24846433863182077
4382	pinnae	pinna	0.22407504657264912
4383	arcados	arcadus	0.22478044360127772
4384	auctoris	auctor	0.24946671599809458
4385	citharae	cithara	0.2477660850770222
4386	liquidae	liquidus	0.21725828829575272
4387	que	que	0.2012336315258229
4388	palaestrae	palaestra	0.25723010715846806
4389	et	et	0.15833624089312415
4390	subitus	subitus	0.20864948171364123
4391	praepes	praepes	0.22186988043065692
4392	cyllenida	cyllenidus	0.23739447990069829
4393	sustulit	tollo	0.20028375609646665
4394	harpen	harpe	0.23876648240624848
4395	harpen	harpe	0.23876648240624848
4396	alterius	alter	0.289691729757588
4397	monstri	monstrum	0.25340441097056376
4398	iam	iam	0.2423169147710674
4399	caede	caedes	0.23005257845444504
4400	rubentem	rubeo	0.23354756674226673
4401	a	ab	0.19208305618423893
4402	ioue	ios	0.10477944282034261
4403	dilectae	dilectus	0.23765472488174494
4404	fuso	fundo	0.14463982354665134
4405	custode	custos	0.20712341531460626
4406	iuuencae	iuuenca	0.2510274045498353
4407	auxilium	auxilium	0.271319888616335
4408	uolucri	uolucer	0.20212789402044137
4409	pallas	palla	0.22069973360479422
4410	tulit	fero	0.24009398597983858
4411	innuba	innubus	0.25184631587380146
4412	fratri	frater	0.27169001610039656
4413	pacta	paciscor	0.22386917922527294
4414	caput	caput	0.2474480722258332
4415	monstri	monstrum	0.25340441097056376
4416	terrae	terra	0.26943705638106286
4417	que	que	0.2012336315258229
4418	in	in	0.1978304838181022
4419	fine	finis	0.2356077109757288
4420	libyssae	libyssa	0.23602539586159163
4421	persea	perseus	0.35397421814783336
4422	phoebeos	phoebeus	0.22818516662014665
4423	conuerti	conuerto	0.2449696440207089
4424	iussit	iubeo	0.22826517273178082
4425	ad	ad	0.2070463735264641
4426	ortus	ortus	0.21617386066549277
4427	gorgonos	gorgonus	0.22148329444728115
4428	auerso	auersus	0.20468657962930403
4429	sulcantem	sulco	0.22166899586325173
4430	regna	regnum	0.318717214176867
4431	uolatu	uolatus	0.19753165707628656
4432	et	et	0.15833624089312415
4433	clipeum	clipeus	0.17082022298158034
4434	laeuae	laeuus	0.2147394133921025
4435	fuluo	fuluus	0.18848193503575347
4436	dedit	do	0.28479481937201434
4437	aere	aes	0.17512749329477334
4438	nitentem	niteo	0.2187567230381231
4439	in	in	0.1978304838181022
4440	quo	qui	0.3777541690643932
4441	saxificam	saxificus	0.2636012777994275
4442	iussit	iubeo	0.22826517273178082
4443	spectare	specto	0.28388015581819587
4444	medusam	medusa	0.23838704152495693
4445	quam	qui	0.4236487199326892
4446	sopor	sopor	0.21019171911273338
4447	aeternam	aeternus	0.2864872475753145
4448	tracturus	traho	0.24327370680500812
4449	morte	mors	0.26456757830598177
4450	quietem	quies	0.23819941809696887
4451	obruit	obruo	0.22274399567309655
4452	haud	haud	0.32897761043512774
4453	totam	totus	0.26038290033528183
4454	uigilat	uigilo	0.24818224236442474
4455	pars	pars	0.17732919300374306
4456	magna	magnus	0.2696310251598993
4457	comarum	coma	0.19698620679225234
4458	defendunt	defendo	0.25134079792917413
4459	que	que	0.2012336315258229
4460	caput	caput	0.2474480722258332
4461	protenti	protens	0.13073924322304617
4462	crinibus	crinis	0.14957972081771437
4463	hydri	hydrus	0.23782883017150358
4464	pars	pars	0.17732919300374306
4465	iacet	iaceo	0.25538549825763457
4466	in	in	0.1978304838181022
4467	medios	medius	0.17198835688948252
4468	uoltus	uoltus	0.23593513042038433
4469	oculis	oculus	0.16498175481127791
4470	que	que	0.2012336315258229
4471	tenebras	tenebra	0.24747711850828624
4472	offundit	offundo	0.22946136177389803
4473	clausis	claudo	0.19996227303929653
4474	et	et	0.15833624089312415
4475	somni	somnus	0.2206960333550756
4476	duplicat	duplico	0.2156539481452757
4477	umbras	umbra	0.24046026093160444
4478	a	ab	0.19208305618423893
4479	ipsa	ipse	0.26644197933656716
4480	regit	rego	0.2662293801522157
4481	trepidum	trepidus	0.2069061690699959
4482	pallas	palla	0.22069973360479422
4483	dextra	dexter	0.23403148624395234
4484	que	que	0.2012336315258229
4485	trementem	tremo	0.22515002365919984
4486	perseos	perseus	0.23522677712943252
4487	auersi	auersus	0.193821877271096
4488	cyllenida	cyllenidus	0.2410151104661991
4489	derigit	derigo	0.22853756825256888
4490	harpen	harpe	0.23876648240624848
4491	lata	latus	0.16409187369639022
4492	colubriferi	colubriferus	0.12066141361198747
4493	rumpens	rumpo	0.21331779467356193
4494	confinia	confinium	0.24989401951096618
4495	colli	collo	0.17512379573778006
4496	quos	qui	0.40175079268290337
4497	habuit	habeo	0.27455799057436686
4498	uoltus	uoltus	0.23593513042038433
4499	hamati	hamatus	0.21866202896009557
4500	uolnere	uolnus	0.21671097412752785
4501	ferri	fero	0.26969111717226385
4502	caesa	caesum	0.21307983702556613
4503	caput	caput	0.2474480722258332
4504	gorgon	gorgon	0.2620356514056956
4505	quanto	quanto	0.32193783445304525
4506	spirare	spiro	0.27489078427088715
4507	ueneno	uenenum	0.2085716860299767
4508	ora	os	0.19706456877261144
4509	rear	reor	0.4065891988455942
4510	quantum	quantum	0.31716486093078056
4511	que	que	0.2012336315258229
4512	oculos	oculus	0.1953018476080902
4513	effundere	effundo	0.23418379619406776
4514	mortis	mors	0.2932593050260409
4515	nec	neque	0.2829151588008186
4516	pallas	palla	0.22069973360479422
4517	spectare	specto	0.28388015581819587
4518	potest	possum	0.318797605096389
4519	uoltus	uoltus	0.23593513042038433
4520	que	que	0.2012336315258229
4521	gelassent	gelo	0.23086423615346702
4522	perseos	perseus	0.23553428984959363
4523	auersi	auerto	0.22283257927387246
4524	si	si	0.5027294574644618
4525	non	non	0.41864799612008574
4526	tritonia	tritonius	0.24565965933662884
4527	densos	densus	0.19151497743412102
4528	sparsisset	spargo	0.22574495097986497
4529	crines	crinis	0.17989981361452664
4530	texisset	tego	0.23394427670467624
4531	que	que	0.2012336315258229
4532	ora	os	0.19706456877261144
4533	colubris	colubra	0.1952350330659018
4534	aliger	aliger	0.2168258416571045
4535	in	in	0.1978304838181022
4536	caelum	caelum	0.24899406393847862
4537	sic	sic	0.21619464466528485
4538	rapta	raptum	0.2058499969619736
4539	gorgone	gorgo	0.22751296487335787
4540	fugit	fugio	0.22439793409220668
4541	ille	ille	0.22548811421451656
4542	quidem	quidem	0.344141909186688
4543	pensabat	penso	0.23743916372287766
4544	iter	iter	0.24655461465103967
4545	propius	prope	0.25054762222830607
4546	que	que	0.2012336315258229
4547	secabat	seco	0.19562921515999873
4548	aera	aes	0.19912411691328355
4549	si	si	0.5027294574644618
4550	medias	medius	0.18756281496096627
4551	europae	europa	0.25747698479767994
4552	scinderet	scindo	0.2255196704851865
4553	urbes	urbs	0.26698261060205447
4554	pallas	palla	0.22069973360479422
4555	frugiferas	frugifer	0.24401671142691045
4556	iussit	iubeo	0.22826517273178082
4557	non	non	0.41864799612008574
4558	laedere	laedo	0.2766304771852919
4559	terras	terra	0.2647419532795139
4560	et	et	0.15833624089312415
4561	parci	parco	0.3155363429763268
4562	populis	populus	0.244274571074286
4563	quis	quis	0.45278352088249413
4564	enim	enim	0.35381180875983953
4565	non	non	0.41864799612008574
4566	praepete	praepeo	0.35489017652010363
4567	tanto	tantus	0.341946182423814
4568	aethera	aether	0.19276270030110068
4569	respiceret	respicio	0.23527164697229275
4570	zephyro	zephyrus	0.19211638415261176
4571	conuertitur	conuerto	0.21235904292695407
4572	ales	ales	0.22061792553515536
4573	it	eo	0.262721417599038
4574	que	que	0.2012336315258229
4575	super	super	0.1891739530801819
4576	libyen	libyen	0.20523724759135908
4577	quae	qui	0.4173544654161595
4578	nullo	nullus	0.2889557655975856
4579	consita	consero	0.23162824234336304
4580	cultu	cultus	0.20898081837711735
4581	sideribus	sidus	0.2118824031002521
4582	phoebo	phoebus	0.20188803856558557
4583	que	que	0.2012336315258229
4584	uacat	uaco	0.23775761371492743
4585	premit	premo	0.21802338488597
4586	orbita	orbita	0.2525642187186914
4587	solis	sol	0.22789764419002917
4588	exurit	exuro	0.2499775655781813
4589	que	que	0.2012336315258229
4590	solum	solum	0.28627941292182657
4591	nec	neque	0.2829151588008186
4592	terra	terra	0.2647711679412862
4593	celsior	celsus	0.2131057911945326
4594	ulla	ullus	0.3365160081321924
4595	nox	nox	0.22033439056895182
4596	cadit	cado	0.2271003637718252
4597	in	in	0.1978304838181022
4598	caelum	caelum	0.24899406393847862
4599	lunae	luna	0.2257268795485004
4600	que	que	0.2012336315258229
4601	meatibus	meatus	0.2771387516797883
4602	obstat	obsto	0.24035092387291704
4603	si	si	0.5027294574644618
4604	flexus	flexus	0.18411467721419938
4605	oblita	obliuiscor	0.23470484572853467
4606	uagi	uagus	0.22129020501526253
4607	per	per	0.19585738350308546
4608	recta	rego	0.2777831288445168
4609	cucurrit	curro	0.23585034657422083
4610	signa	signum	0.23320731485829266
4611	nec	neque	0.2829151588008186
4612	in	in	0.1978304838181022
4613	borean	boreas	0.21900577467739474
4614	aut	aut	0.2796425113942012
4615	in	in	0.1978304838181022
4616	noton	noton	0.12431125883926063
4617	effugit	effugio	0.2438553591269545
4618	umbram	umbra	0.24678373010990648
4619	illa	ille	0.24106257228600034
4620	tamen	tamen	0.2923938340440465
4621	sterilis	sterilis	0.25197636501428555
4622	tellus	tellus	0.2505410725382413
4623	fecunda	fecundus	0.260526388677364
4624	que	que	0.2012336315258229
4625	nulli	nullus	0.28743383140080914
4626	arua	aruum	0.24023746602169216
4627	bono	bonus	0.23346949441468728
4628	uirus	uirus	0.2546821091688539
4629	stillantis	stillo	0.23099191191781712
4630	tabe	tabes	0.2146462574356968
4631	medusae	medusa	0.21005929464393303
4632	concipiunt	concipio	0.2416581460136134
4633	diros	dirus	0.24831693752863182
4634	que	que	0.2012336315258229
4635	fero	ferus	0.33047182464533986
4636	de	de	0.21528495638144768
4637	sanguine	sanguis	0.2332791310679242
4638	rores	ros	0.20996022813854084
4639	quos	qui	0.40175079268290337
4640	calor	calor	0.21710801996534718
4641	adiuuit	adiuuo	0.21088275153851627
4642	putri	puter	0.198058816492643
4643	que	que	0.2012336315258229
4644	incoxit	incogo	0.12309834164673349
4645	harenae	arena	0.2489424808603069
4646	hic	hic	0.4074748073609942
4647	quae	qui	0.4173544654161595
4648	prima	primus	0.21846343140388003
4649	caput	caput	0.2474480722258332
4650	mouit	moueo	0.22047562343683486
4651	de	de	0.21528495638144768
4652	puluere	puluis	0.19226643206850375
4653	tabes	tabes	0.2386720957159793
4654	aspida	aspidus	0.14468725189227
4655	somniferam	somnifer	0.3349468519959689
4656	tumida	tumidus	0.23004743640480732
4657	ceruice	ceruix	0.1855546362921205
4658	leuauit	leuo	0.2156961387537179
4659	plenior	plenus	0.22559419377259637
4660	huc	huc	0.30776788688227563
4661	sanguis	sanguis	0.25730496934820674
4662	et	et	0.15833624089312415
4663	crassi	crassus	0.24857879004543249
4664	gutta	gutta	0.2386720957159793
4665	ueneni	uenenum	0.23726341275003593
4666	decidit	decido	0.20808086583098362
4667	in	in	0.1978304838181022
4668	nulla	nullus	0.28530592037031244
4669	plus	plus	0.2683777249150415
4670	est	sum	0.4103991028490287
4671	serpente	serpens	0.19077280482824321
4672	coactum	cogo	0.22015894557253785
4673	ipsa	ipse	0.26644197933656716
4674	caloris	calor	0.2217739084051239
4675	egens	egens	0.24009287384266592
4676	gelidum	gelidus	0.22868286111464972
4677	non	non	0.41864799612008574
4678	transit	transeo	0.21714078437742584
4679	in	in	0.1978304838181022
4680	orbem	orbis	0.23072086394054897
4681	sponte	spons	0.22990473603895253
4682	sua	suus	0.19894501288243066
4683	nilo	nihilum	0.22336242031551234
4684	que	que	0.2012336315258229
4685	tenus	tenus	0.224706953266585
4686	metitur	meto	0.2234974244364608
4687	harenas	harena	0.2364641864720739
4688	sed	sed	0.22991636605070076
4689	quis	quis	0.45278352088249413
4690	erit	sum	0.43508516753887483
4691	nobis	nos	0.5997307209855689
4692	lucri	lucrum	0.25205414703557155
4693	pudor	pudor	0.2210110009616028
4694	inde	inde	0.2064228473602847
4695	petuntur	peto	0.23944847994003265
4696	huc	huc	0.30776788688227563
4697	libycae	libycus	0.24908909707343613
4698	mortes	mors	0.28226994740796224
4699	et	et	0.15833624089312415
4700	fecimus	facio	0.30746164587817204
4701	aspida	aspidus	0.12066141361198747
4702	mercem	merx	0.2683011663444854
4703	at	at	0.1606357004642853
4704	non	non	0.41864799612008574
4705	stare	sto	0.25670120525354745
4706	suum	suus	0.23291495090651607
4707	miseris	mitto	0.2543776843927586
4708	passura	passura	0.28325495034463677
4709	cruorem	cruor	0.2245681368021118
4710	squamiferos	squamifeer	0.12877606643885284
4711	ingens	ingens	0.19783343345499382
4712	haemorrhois	haemorrhous	0.11798778966095859
4713	explicat	explico	0.23525457877514389
4714	orbes	orbis	0.22439739476224693
4715	natus	nascor	0.2990461116184895
4716	et	et	0.15833624089312415
4717	ambiguae	ambiguus	0.24121292072994843
4718	coleret	colo	0.2728614134052054
4719	qui	qui	0.40178000734467567
4720	syrtidos	syrtidus	0.12908357915901392
4721	arua	aruum	0.24023746602169216
4722	chersydros	chersyder	0.12877606643885284
4723	tracti	tractum	0.2061537844894809
4724	que	que	0.2012336315258229
4725	uia	uia	0.235577765545958
4726	fumante	fumo	0.21129998924445048
4727	chelydri	chelyder	0.24216196487541417
4728	et	et	0.15833624089312415
4729	semper	semper	0.3082980463941676
4730	recto	rego	0.2537865052260066
4731	lapsurus	labor	0.2788226397157153
4732	limite	limes	0.1964821180366954
4733	cenchris	cenchros	0.09845597364204058
4734	pluribus	plus	0.23747932428200919
4735	ille	ille	0.22548811421451656
4736	notis	nosco	0.2245949169547772
4737	uariatam	uario	0.22230858888917682
4738	tinguitur	tinguo	0.21080110436173452
4739	aluum	aluus	0.24453469571376563
4740	quam	quam	0.3311780972189745
4741	paruis	paruus	0.20197926347615788
4742	pictus	pingo	0.19803495246227565
4743	maculis	macula	0.20109624599293655
4744	thebanus	thebanus	0.2377620792436334
4745	ophites	ophites	0.1443505245103366
4746	concolor	concolor	0.22127064080464212
4747	exustis	exuro	0.21294093784788842
4748	atque	atque	0.17570308892570702
4749	indiscretus	indiscretus	0.22847146801719903
4750	harenis	harena	0.20614409367526165
4751	hammodytes	hammodys	0.12877606643885284
4752	spina	spina	0.2185401988889714
4753	que	que	0.2012336315258229
4754	uagi	uagus	0.2103008473971838
4755	torquente	torqueo	0.19915778252530877
4756	cerastae	cerasta	0.22293961669333956
4757	et	et	0.15833624089312415
4758	scytale	scytale	0.12035390089182639
4759	sparsis	spargo	0.17971544332537354
4760	etiamnunc	etiamnunc	0.2786344418953771
4761	sola	solus	0.33953562877349364
4762	pruinis	pruina	0.198154547418705
4763	exuuias	exuuia	0.24684536569185328
4764	positura	pono	0.2681241553721722
4765	suas	suus	0.22294163650094087
4766	et	et	0.15833624089312415
4767	torrida	torridus	0.21336864162041577
4768	dipsas	dipsas	0.12594296367420316
4769	et	et	0.15833624089312415
4770	grauis	grauis	0.20295165494931938
4771	in	in	0.1978304838181022
4772	geminum	geminus	0.20984637561969938
4773	uergens	uergo	0.21829827528884505
4774	caput	caput	0.2474480722258332
4775	amphisbaena	amphisbaena	0.14437973917210892
4776	et	et	0.15833624089312415
4777	natrix	natrix	0.14437973917210892
4778	uiolator	uiolator	0.12880528110062514
4779	aquae	aqua	0.22150829034811453
4780	iaculi	iaculum	0.2306745627445549
4781	que	que	0.2012336315258229
4782	uolucres	uolucer	0.21952275040226077
4783	et	et	0.15833624089312415
4784	contentus	contentus	0.2301162737702439
4785	iter	iter	0.24655461465103967
4786	cauda	cauda	0.2187840113352908
4787	sulcare	sulco	0.25550804335118404
4788	parias	pario	0.28260603409725826
4789	ora	os	0.19706456877261144
4790	que	que	0.2012336315258229
4791	distendens	distendo	0.22254837159206578
4792	auidus	auidus	0.1991969341558023
4793	fumantia	fumo	0.22709797144204097
4794	prester	prester	0.0
4795	ossa	os	0.19706456877261144
4796	que	que	0.2012336315258229
4797	dissoluens	dissoluo	0.22827583135078805
4798	cum	cum	0.2052975334096333
4799	corpore	corpus	0.20604169815380455
4800	tabificus	tabificus	0.241732565211414
4801	seps	seps	0.12880528110062514
4802	sibila	sibilo	0.2300398964825689
4803	que	que	0.2012336315258229
4804	effundens	effundo	0.19674803183954703
4805	cunctas	cunctus	0.3035348065177699
4806	terrentia	terreo	0.2514187291963095
4807	pestes	pestis	0.2288723563228589
4808	ante	ante	0.22209604880761186
4809	uenena	uenenum	0.2325683096484869
4810	nocens	nocens	0.23837865061731467
4811	late	late	0.24339607867641339
4812	sibi	sui	0.22094991669733455
4813	summouet	summoueo	0.25521051962051144
4814	omne	omnis	0.279253992495763
4815	uolgus	uolgus	0.23749607643563744
4816	et	et	0.15833624089312415
4817	in	in	0.1978304838181022
4818	uacua	uacuus	0.19361060115945047
4819	regnat	regno	0.24704983096272926
4820	basiliscus	basiliscus	0.12880528110062514
4821	harena	harena	0.2124675628535637
4822	uos	uos	0.5528208651868813
4823	quoque	quoque	0.31480817453257254
4824	qui	qui	0.3954565381663737
4825	cunctis	cunctus	0.25764025564947385
4826	innoxia	innoxius	0.23134423025655088
4827	numina	numen	0.30688537250899073
4828	terris	terra	0.23442186048270164
4829	serpitis	serpo	0.19568301064115123
4830	aurato	auro	0.20576001889401693
4831	nitidi	nitidus	0.18832354166868143
4832	fulgore	fulgor	0.19406424079159276
4833	dracones	draco	0.2362109366822252
4834	letiferos	letifer	0.22067971361354616
4835	ardens	ardens	0.20092010677353972
4836	facit	facio	0.2536403696778009
4837	africa	africus	0.23713682578197962
4838	ducitis	duco	0.3146369682298465
4839	altum	alo	0.22073271101591693
4840	aera	aes	0.19912411691328355
4841	cum	cum	0.2052975334096333
4842	pinnis	pinna	0.2000492082923666
4843	armenta	armentum	0.2453949938229417
4844	que	que	0.2012336315258229
4845	tota	totus	0.25770927638425295
4846	secuti	sequor	0.22220113597638602
4847	rumpitis	rumpo	0.28231848556621364
4848	ingentes	ingens	0.17228566097793485
4849	amplexi	amplector	0.2038807040983694
4850	uerbere	uerber	0.23102828520683655
4851	tauros	taurus	0.22239554859611488
4852	nec	neque	0.2829151588008186
4853	tutus	tutus	0.2512031423757937
4854	spatio	spatium	0.21079929163854905
4855	est	sum	0.4103991028490287
4856	elephans	elephans	0.12880528110062514
4857	datis	do	0.27239929993117595
4858	omnia	omnis	0.2729305233174609
4859	leto	letum	0.2861558457955472
4860	nec	neque	0.2829151588008186
4861	uobis	uos	0.5736208220087495
4862	opus	opus	0.2391750391356675
4863	est	sum	0.4103991028490287
4864	ad	ad	0.2070463735264641
4865	noxia	noxia	0.2597280719508065
4866	fata	fatum	0.3082749818072536
4867	ueneno	uenenum	0.2085716860299767
4868	has	hic	0.42247095759625786
4869	inter	inter	0.18322509933303344
4870	pestes	pestis	0.2288723563228589
4871	duro	durus	0.20473652253018726
4872	cato	catus	0.19455344757675908
4873	milite	miles	0.20939656517785987
4874	siccum	siccus	0.21273410686159763
4875	emetitur	emetior	0.22630942659055336
4876	iter	iter	0.24655461465103967
4877	tot	tot	0.41215615676915346
4878	tristia	tristis	0.24208141158923996
4879	fata	fatum	0.3082749818072536
4880	suorum	suus	0.23328046714783954
4881	insolitas	insolitus	0.23741512384036836
4882	que	que	0.2012336315258229
4883	uidens	uideo	0.2528937969762848
4884	paruo	paruus	0.21195257788173308
4885	cum	cum	0.2052975334096333
4886	uolnere	uolnus	0.21671097412752785
4887	mortes	mors	0.28856420192449195
4888	signiferum	signifer	0.23110391277957973
4889	iuuenem	iuuenis	0.19157960815904712
4890	tyrrheni	tyrrhenus	0.22893649241996003
4891	sanguinis	sanguis	0.26197085778798346
4892	aulum	aulus	0.13509953561715488
4893	torta	torqueo	0.19437819706890708
4894	caput	caput	0.2474480722258332
4895	retro	retro	0.2557354211659566
4896	dipsas	dipsas	0.12594296367420316
4897	calcata	calco	0.23329563972947803
4898	momordit	mordeo	0.23104649030934016
4899	uix	uix	0.2688405971402107
4900	dolor	dolor	0.2322480335921584
4901	aut	aut	0.2796425113942012
4902	sensus	sensus	0.23078705803857485
4903	dentis	dens	0.21292631128492479
4904	fuit	sum	0.39446734537716976
4905	ipsa	ipse	0.2904678176168497
4906	que	que	0.2012336315258229
4907	leti	letum	0.2637275228969259
4908	frons	frons	0.21562499721809003
4909	caret	careo	0.2541736834526411
4910	inuidia	inuidia	0.23506598711824095
4911	nec	neque	0.2829151588008186
4912	quicquam	quisquam	0.3522103351940896
4913	plaga	plaga	0.22790864023407661
4914	minatur	minor	0.2504909681572486
4915	ecce	ecce	0.3778660498102507
4916	subit	subeo	0.19057430183403584
4917	uirus	uirus	0.24838785465232416
4918	tacitum	tacitus	0.22979969813939588
4919	carpit	carpo	0.2290293133200469
4920	que	que	0.2012336315258229
4921	medullas	medulla	0.22801826204698122
4922	ignis	ignis	0.23187192093108364
4923	edax	edax	0.23183192884269652
4924	calida	calidus	0.22726685225431353
4925	que	que	0.2012336315258229
4926	incendit	incendo	0.22665561877888596
4927	uiscera	uiscus	0.24602222747493663
4928	tabe	tabes	0.2146462574356968
4929	ebibit	ebibo	0.2411117943965715
4930	umorem	umor	0.2192236513223355
4931	circum	circum	0.18826992170770995
4932	uitalia	uitalis	0.25942055923064544
4933	fusum	fundo	0.1619655908591155
4934	pestis	pestis	0.2289015709846312
4935	et	et	0.15833624089312415
4936	in	in	0.1978304838181022
4937	sicco	siccum	0.12400374611909955
4938	linguam	lingua	0.22654855704159566
4939	torrere	torreo	0.2559025878914798
4940	palato	palo	0.21427322311732672
4941	coepit	coepio	0.19453669076159436
4942	defessos	defessus	0.21028818051139136
4943	iret	eo	0.27638401474790797
4944	qui	qui	0.40178000734467567
4945	sudor	sudor	0.21013631009959574
4946	in	in	0.1978304838181022
4947	artus	artus	0.2211648407493434
4948	non	non	0.41864799612008574
4949	fuit	sum	0.39446734537716976
4950	atque	atque	0.17570308892570702
4951	oculos	oculus	0.1953018476080902
4952	lacrimarum	lacrima	0.214792162176038
4953	uena	uena	0.23558164288734287
4954	refugit	refugio	0.20758955051880096
4955	non	non	0.41864799612008574
4956	decus	decus	0.2769063309843336
4957	imperii	imperium	0.3079789957054868
4958	non	non	0.41864799612008574
4959	maesti	maestus	0.181095753191156
4960	iura	ius	0.28079376321205923
4961	catonis	cato	0.23554938724960434
4962	ardentem	ardeo	0.2005674053484596
4963	tenuere	teneo	0.21719044696377846
4964	uirum	uir	0.20088531774789578
4965	ne	ne	0.4182298357594052
4966	spargere	spargo	0.24410261466051497
4967	signa	signum	0.23320731485829266
4968	auderet	audeo	0.2724405344348789
4969	totis	totus	0.2081648802886838
4970	que	que	0.2012336315258229
4971	furens	furo	0.20289967326582417
4972	exquireret	exquiro	0.26236127889256966
4973	aruis	aruum	0.2099173732248799
4974	quas	qui	0.4173252507543872
4975	poscebat	posco	0.2530857487229342
4976	aquas	aqua	0.21681318724656554
4977	sitiens	sitio	0.24860390372230262
4978	in	in	0.1978304838181022
4979	corde	cor	0.21779433592571285
4980	uenenum	uenenum	0.23889177882678897
4981	ille	ille	0.22548811421451656
4982	uel	uel	0.2357473342493982
4983	in	in	0.1978304838181022
4984	tanain	tanais	0.22836140675020128
4985	missus	mitto	0.22155411585195878
4986	rhodanum	rhodanus	0.22124233069576962
4987	que	que	0.2012336315258229
4988	padum	padus	0.23359998062682902
4989	que	que	0.2012336315258229
4990	arderet	ardeo	0.2118188160538512
4991	nilum	nilus	0.24869050132232362
4992	que	que	0.2012336315258229
4993	bibens	bibo	0.23936491747337335
4994	per	per	0.19585738350308546
4995	rura	rus	0.2276187193805721
4996	uagantem	uagor	0.2288872894537328
4997	accessit	accedo	0.22583532343517182
4998	morti	mors	0.31568762792466226
4999	libye	libye	0.23135950742181496
5000	fati	fatum	0.3129700849088026
5001	que	que	0.2012336315258229
5002	minorem	minor	0.2695711845841197
5003	famam	fama	0.2648978873649849
5004	dipsas	dipsas	0.12594296367420316
5005	habet	habeo	0.2882137826931031
5006	terris	terra	0.23442186048270164
5007	adiuta	adiutus	0.22207935759925945
5008	perustis	peruro	0.21839545499639254
5009	scrutatur	scruto	0.21484124272107719
5010	uenas	uena	0.23555242822557054
5011	penitus	penitus	0.2592338075907565
5012	squalentis	squaleo	0.234800443810516
5013	harenae	arena	0.2489424808603069
5014	nunc	nunc	0.38025600229896883
5015	redit	redeo	0.22850527558215888
5016	ad	ad	0.2070463735264641
5017	syrtes	syrtis	0.2599292512673423
5018	et	et	0.15833624089312415
5019	fluctus	fluctus	0.19662216370662738
5020	accipit	accipio	0.2536784825953948
5021	ore	os	0.17306794515410123
5022	aequoreus	aequoreus	0.2296019632403969
5023	que	que	0.2012336315258229
5024	placet	placeo	0.27659631519912486
5025	sed	sed	0.22991636605070076
5026	non	non	0.41864799612008574
5027	et	et	0.15833624089312415
5028	sufficit	sufficio	0.2482222109095735
5029	umor	umor	0.2129293968058058
5030	nec	neque	0.2829151588008186
5031	sentit	sentio	0.22537316574409375
5032	fati	fatum	0.3129700849088026
5033	que	que	0.2012336315258229
5034	genus	genus	0.30611773008914267
5035	mortem	mors	0.294887671102794
5036	que	que	0.2012336315258229
5037	ueneni	uenenum	0.23726341275003593
5038	sed	sed	0.22991636605070076
5039	putat	puto	0.24995856228497398
5040	esse	sum	0.4721995529199149
5041	sitim	sitis	0.23565651787288877
5042	ferro	ferrum	0.2199353886011777
5043	que	que	0.2012336315258229
5044	aperire	aperio	0.25767419324109264
5045	tumentis	tumeo	0.23539560410665655
5046	sustinuit	sustineo	0.2087009682848533
5047	uenas	uena	0.23555242822557054
5048	atque	atque	0.17570308892570702
5049	os	os	0.2033880379509135
5050	inplere	impleo	0.2269750256471092
5051	cruore	cruor	0.19424804400529952
5052	iussit	iubeo	0.22826517273178082
5053	signa	signum	0.23320731485829266
5054	rapi	rapio	0.2511945924894034
5055	propere	propere	0.26580463344455024
5056	cato	catus	0.21377775087551604
5057	discere	disco	0.3057236517139198
5058	nulli	nullus	0.32085151191750916
5059	permissum	permitto	0.2514053833624265
5060	est	sum	0.4103991028490287
5061	hoc	hic	0.42615001748530335
5062	posse	possum	0.3550478390277997
5063	sitim	sitis	0.23565651787288877
5064	sed	sed	0.22991636605070076
5065	tristior	tristis	0.23846078102373913
5066	illo	ille	0.20146227593423405
5067	mors	mors	0.28859341658626425
5068	erat	sum	0.39446734537716976
5069	ante	ante	0.22209604880761186
5070	oculos	oculus	0.1953018476080902
5071	miseri	miser	0.26801774410998697
5072	que	que	0.2012336315258229
5073	in	in	0.1978304838181022
5074	crure	crus	0.2226802963513937
5075	sabelli	sabellus	0.22000812328152441
5076	seps	seps	0.12880528110062514
5077	stetit	sto	0.2067951792034005
5078	exiguus	exiguus	0.23324811376621407
5079	quem	qui	0.40807426186120543
5080	flexo	flexus	0.17214166531462075
5081	dente	dens	0.18423458456486558
5082	tenacem	tenax	0.23359334633446094
5083	auolsit	auoldo	0.12309834164673349
5084	que	que	0.2012336315258229
5085	manu	manus	0.20984117788662804
5086	pilo	pilo	0.22836140675020128
5087	que	que	0.2012336315258229
5088	adfixit	adfigo	0.21679276767058203
5089	harenis	harena	0.20614409367526165
5090	parua	paruus	0.23232857093474246
5091	modo	modo	0.2818970868655261
5092	serpens	serpens	0.21479864310852576
5093	sed	sed	0.22991636605070076
5094	qua	qua	0.28888361284606867
5095	non	non	0.41864799612008574
5096	ulla	ullus	0.3338423841811635
5097	cruentae	cruentus	0.23629910476418908
5098	tantum	tantum	0.31766075887298484
5099	mortis	mors	0.2932593050260409
5100	habet	habeo	0.2882137826931031
5101	nam	nam	0.33628882326213133
5102	plagae	plaga	0.2550028515724746
5103	proxima	proximus	0.2295654963589609
5104	circum	circum	0.18826992170770995
5105	fugit	fugio	0.23805372621094295
5106	rupta	rumpo	0.20370884909784667
5107	cutis	cutis	0.2403750457562262
5108	pallentia	palleo	0.22649201990578077
5109	que	que	0.2012336315258229
5110	ossa	os	0.19706456877261144
5111	retexit	retego	0.22100786310536194
5112	iam	iam	0.2423169147710674
5113	que	que	0.2012336315258229
5114	sinu	sinus	0.18031086339150243
5115	laxo	laxo	0.1705690104498641
5116	nudum	nudus	0.23309085980775684
5117	sine	sine	0.2704718843185471
5118	corpore	corpus	0.20604169815380455
5119	uolnus	uolnus	0.24703106692434013
5120	membra	membrum	0.2161167073166522
5121	natant	nato	0.2209311826604361
5122	sanie	sanies	0.23468320512096036
5123	surae	sura	0.23375313443607068
5124	fluxere	fluo	0.19767174972892188
5125	sine	sine	0.2704718843185471
5126	ullo	ullus	0.3161400150791831
5127	tegmine	tegmen	0.20278519393993716
5128	poples	poples	0.23367103961648145
5129	erat	sum	0.39446734537716976
5130	femorum	femur	0.2166005990036686
5131	quoque	quoque	0.31480817453257254
5132	musculus	musculus	0.12880528110062514
5133	omnis	omnis	0.253706220018704
5134	liquitur	liquor	0.21884228043302162
5135	et	et	0.15833624089312415
5136	nigra	niger	0.22559096609134208
5137	destillant	destillo	0.13314072280644002
5138	inguina	inguen	0.20037350166107706
5139	tabe	tabes	0.2146462574356968
5140	dissiluit	dissilio	0.20865586562266333
5141	stringens	stringo	0.2293059672271167
5142	uterum	uterum	0.23545780587009696
5143	membrana	membrana	0.2098203929280818
5144	fluunt	fluo	0.21132754184765812
5145	que	que	0.2012336315258229
5146	uiscera	uiscus	0.24602222747493663
5147	nec	neque	0.2829151588008186
5148	quantus	quantus	0.3202450267011025
5149	toto	totus	0.23371265276574277
5150	de	de	0.21528495638144768
5151	corpore	corpus	0.20604169815380455
5152	debet	debeo	0.28154788708441136
5153	effluit	effluo	0.216585076861736
5154	in	in	0.1978304838181022
5155	terras	terra	0.2647419532795139
5156	saeuum	saeuus	0.2456410348291609
5157	sed	sed	0.22991636605070076
5158	membra	membrum	0.2161167073166522
5159	uenenum	uenenum	0.23889177882678897
5160	decoquit	decoquo	0.12309834164673349
5161	in	in	0.1978304838181022
5162	minimum	minimus	0.26161295203792734
5163	mors	mors	0.28859341658626425
5164	contrahit	contraho	0.22950634802141368
5165	omnia	omnis	0.2729305233174609
5166	uirus	uirus	0.2546821091688539
5167	quidquid	quidquid	0.31944625823902195
5168	homo	homo	0.2525918940526749
5169	est	sum	0.4103991028490287
5170	aperit	aperio	0.2214239593096819
5171	pestis	pestis	0.2289015709846312
5172	natura	natura	0.25172141980019586
5173	profana	profanus	0.26536538333095105
5174	uincula	uinculum	0.24384147380457985
5175	neruorum	neruus	0.1915318183914038
5176	et	et	0.15833624089312415
5177	laterum	latus	0.18450421959060245
5178	textura	textura	0.12035390089182639
5179	cauum	cauum	0.23476572253372874
5180	que	que	0.2012336315258229
5181	pectus	pectus	0.20866224254352322
5182	et	et	0.15833624089312415
5183	abstrusum	abstrudo	0.2324029442419023
5184	fibris	fibra	0.21145960317218931
5185	uitalibus	uitalis	0.22575813392672112
5186	omne	omnis	0.27295973797923323
5187	morte	mors	0.26456757830598177
5188	patet	pateo	0.2222757529588352
5189	manant	mano	0.22019706044759021
5190	umeri	humerus	0.20954762620173528
5191	fortes	fortis	0.21864436847501942
5192	que	que	0.2012336315258229
5193	lacerti	lacertus	0.2107343337252341
5194	colla	collum	0.20756838190679355
5195	caput	caput	0.2474480722258332
5196	que	que	0.2012336315258229
5197	fluunt	fluo	0.21132754184765812
5198	calido	calidus	0.1840459253370464
5199	non	non	0.41864799612008574
5200	ocius	ocior	0.2650400311824356
5201	austro	auster	0.19560664683300527
5202	nix	nix	0.23086875566297482
5203	resoluta	resoluo	0.21172951008356908
5204	cadit	cado	0.2271003637718252
5205	nec	neque	0.2829151588008186
5206	solem	sol	0.2295260102667822
5207	cera	cera	0.24579797705170192
5208	sequetur	sequor	0.2618153534971301
5209	parua	paruus	0.2359492015002433
5210	loquor	loquor	0.29265416283418216
5211	corpus	corpus	0.23636179095061682
5212	sanie	sanies	0.23468320512096036
5213	stillasse	stillo	0.2418638180989627
5214	perustum	peruro	0.24409784367232829
5215	hoc	hic	0.42615001748530335
5216	et	et	0.15833624089312415
5217	flamma	flamma	0.2215634962865735
5218	potest	possum	0.318797605096389
5219	sed	sed	0.22991636605070076
5220	quis	quis	0.45278352088249413
5221	rogus	rogus	0.23239832701542162
5222	abstulit	aufero	0.21061343935935078
5223	ossa	os	0.19706456877261144
5224	haec	hic	0.42612080282353104
5225	quoque	quoque	0.31480817453257254
5226	discedunt	discedo	0.24925843899378192
5227	putris	putris	0.24401671142691045
5228	que	que	0.2012336315258229
5229	secuta	sequor	0.23471423726197793
5230	medullas	medulla	0.22801826204698122
5231	nulla	nullus	0.3129523892160958
5232	manere	maneo	0.3360735215150547
5233	sinunt	sino	0.253381610054832
5234	rapidi	rapidus	0.18415461619723272
5235	uestigia	uestigium	0.2265215490267018
5236	fati	fatum	0.3129700849088026
5237	cinyphias	cinyphiae	0.1443505245103366
5238	inter	inter	0.18322509933303344
5239	pestes	pestis	0.2288723563228589
5240	tibi	tu	0.8015333168619974
5241	palma	palma	0.22143681628196543
5242	nocendi	noceo	0.283290485062822
5243	est	sum	0.4103991028490287
5244	eripiunt	eripio	0.260464892530227
5245	omnes	omnis	0.2474119655021743
5246	animam	anima	0.29762868086169125
5247	tu	tu	0.7744391055235995
5248	sola	solus	0.33953562877349364
5249	cadauer	cadauer	0.2717825472235149
5250	ecce	ecce	0.3778660498102507
5251	subit	subeo	0.19057430183403584
5252	facies	facies	0.22508659184901136
5253	leto	letum	0.2861558457955472
5254	diuersa	diuersus	0.20556687766058102
5255	fluenti	fluo	0.24022314503338063
5256	nasidium	nasidium	0.1543238389159118
5257	marsi	marsus	0.22045093779010788
5258	cultorem	cultor	0.2293918921610253
5259	torridus	torridus	0.2218200218292145
5260	agri	ager	0.21283679815249168
5261	percussit	percutio	0.18168107244023862
5262	prester	prester	0.12911279382078622
5263	illi	ille	0.25258232555291454
5264	rubor	rubor	0.2124730186372698
5265	igneus	igneus	0.21383938641108113
5266	ora	os	0.19706456877261144
5267	succendit	succendo	0.20746554809737078
5268	tendit	tendo	0.2204975879994739
5269	que	que	0.2012336315258229
5270	cutem	cutis	0.2466693002727559
5271	pereunte	pereo	0.2475672100659
5272	figura	figura	0.2172493461489056
5273	miscens	misceo	0.20641757781724052
5274	cuncta	cunctus	0.3035640211795422
5275	tumor	tumor	0.23870996266819633
5276	toto	totus	0.23371265276574277
5277	iam	iam	0.2423169147710674
5278	corpore	corpus	0.20604169815380455
5279	maior	magnus	0.2540565670884155
5280	humanum	humanus	0.27596069880799273
5281	que	que	0.2012336315258229
5282	egressa	egredior	0.20688377288662163
5283	modum	modus	0.242443186317488
5284	super	super	0.1891739530801819
5285	omnia	omnis	0.2729305233174609
5286	membra	membrum	0.2161167073166522
5287	efflatur	efflo	0.22956057958094767
5288	sanies	sanies	0.2587090434012429
5289	late	late	0.24339607867641339
5290	pollente	polleo	0.22483832092118866
5291	ueneno	uenenum	0.2085716860299767
5292	ipse	ipse	0.2748933595453659
5293	latet	lateo	0.2203490185168817
5294	penitus	penitus	0.2592338075907565
5295	congesto	congero	0.21019955037119856
5296	corpore	corpus	0.20604169815380455
5297	mersus	mergo	0.2265543537821324
5298	nec	neque	0.2829151588008186
5299	lorica	lorica	0.21229561858228368
5300	tenet	teneo	0.23445965004154445
5301	distenti	disteo	0.13073924322304617
5302	pectoris	pectus	0.20703387646677018
5303	auctum	augeo	0.19943813212750833
5304	spumeus	spumeus	0.2033717473752376
5305	accenso	accendo	0.17638387001090725
5306	non	non	0.41864799612008574
5307	sic	sic	0.21619464466528485
5308	exundat	exundo	0.21442552066939213
5309	aeno	aenus	0.20549129263433308
5310	undarum	unda	0.2113668662431969
5311	cumulus	cumulus	0.21317248755126245
5312	nec	neque	0.2829151588008186
5313	tantos	tantus	0.341367874587594
5314	carbasa	carbasa	0.2304034916374887
5315	coro	corus	0.3005518410520352
5316	curuauere	curuo	0.21135638833373122
5317	sinus	sinus	0.20430748701001264
5318	tumidos	tumidus	0.23846960195183375
5319	iam	iam	0.2423169147710674
5320	non	non	0.41864799612008574
5321	capit	capio	0.2666580175832802
5322	artus	artus	0.2211648407493434
5323	informis	informis	0.22528511292281797
5324	globus	globus	0.22996961909395863
5325	et	et	0.15833624089312415
5326	confuso	confundo	0.20404070685548203
5327	pondere	pondus	0.1981428794470066
5328	truncus	truncus	0.20736130671551095
5329	intactum	intactus	0.2505146688423466
5330	uolucrum	uolucris	0.23994361107326756
5331	rostris	rostrum	0.18742259757639268
5332	epulas	epulae	0.24726033465093777
5333	que	que	0.2012336315258229
5334	daturum	do	0.32202128195409707
5335	haud	haud	0.32897761043512774
5336	inpune	impunis	0.29798255288676684
5337	feris	fera	0.2624465933554577
5338	non	non	0.41864799612008574
5339	ausi	audeo	0.23547036000159177
5340	tradere	trado	0.27265292669838476
5341	busto	bustum	0.2286286963790729
5342	nondum	nondum	0.279926613775361
5343	stante	sto	0.20553639045315103
5344	modo	modus	0.21212309352067577
5345	crescens	cresco	0.21747440032246562
5346	fugere	fugio	0.27430396014235364
5347	cadauer	cadauer	0.2780768017400447
5348	sed	sed	0.22991636605070076
5349	maiora	maior	0.2610519249469816
5350	parant	paro	0.26795875113170153
5351	libycae	libycus	0.24878158435327508
5352	spectacula	spectaculum	0.2516259599818443
5353	pestes	pestis	0.2225781018063292
5354	inpressit	imprimo	0.21140108051145554
5355	dentes	dens	0.2082312081833758
5356	haemorrhois	haemorrhous	0.11798778966095859
5357	aspera	asper	0.24304693976520492
5358	tullo	tullus	0.242888107395002
5359	magnanimo	magnanimus	0.2591433660726287
5360	iuueni	iuuenis	0.22795402305239915
5361	miratori	mirator	0.15589949243902312
5362	que	que	0.2012336315258229
5363	catonis	cato	0.23554938724960434
5364	ut	ut	0.27774099822990284
5365	que	que	0.2012336315258229
5366	solet	soleo	0.23182952085919928
5367	pariter	pariter	0.22502911153731708
5368	totis	totus	0.2081648802886838
5369	se	sui	0.20014995987546627
5370	fundere	fundo	0.21431327424932523
5371	signis	signum	0.2028872220614804
5372	corycii	corycius	0.15300298555931985
5373	pressura	pressura	0.12035390089182639
5374	croci	crocio	0.2151890399307514
5375	sic	sic	0.21619464466528485
5376	omnia	omnis	0.2729305233174609
5377	membra	membrum	0.2161167073166522
5378	emisere	emitto	0.2113447110856055
5379	simul	simul	0.1963726716871436
5380	rutilum	rutilus	0.21560056638180752
5381	pro	pro	0.2911763213301979
5382	sanguine	sanguis	0.2332791310679242
5383	uirus	uirus	0.24838785465232416
5384	sanguis	sanguis	0.25730496934820674
5385	erant	sum	0.3902516992583017
5386	lacrimae	lacrima	0.21012627373626133
5387	quaecumque	quicumque	0.350592216503644
5388	foramina	foramen	0.23951839795323066
5389	nouit	nosco	0.23366282688798634
5390	umor	umor	0.2129293968058058
5391	ab	ab	0.19208305618423893
5392	his	hic	0.3765764067279619
5393	largus	largus	0.20806424008632646
5394	manat	mano	0.22381047140661994
5395	cruor	cruor	0.21827388228558203
5396	ora	os	0.19706456877261144
5397	redundant	redundo	0.2226072148426954
5398	et	et	0.15833624089312415
5399	patulae	patulus	0.21782116041972482
5400	nares	naris	0.2457687623899296
5401	sudor	sudor	0.21013631009959574
5402	rubet	rubeo	0.22223668997222618
5403	omnia	omnis	0.2729305233174609
5404	plenis	plenus	0.21446918961276873
5405	membra	membrum	0.2161167073166522
5406	fluunt	fluo	0.21132754184765812
5407	uenis	uenio	0.24717899903921214
5408	totum	totus	0.25773849104602525
5409	est	sum	0.4103991028490287
5410	pro	pro	0.2911763213301979
5411	uolnere	uolnus	0.21671097412752785
5412	corpus	corpus	0.23006753643408706
5413	at	at	0.1606357004642853
5414	tibi	tu	0.8015333168619974
5415	laeue	laeuus	0.23715244746752434
5416	miser	miser	0.27434121328828903
5417	fixus	figo	0.19247951327308452
5418	praecordia	praecordia	0.226328659046525
5419	pressit	premo	0.20436759276723374
5420	niliaca	niliacus	0.23328118500261527
5421	serpente	serpens	0.19077280482824321
5422	cruor	cruor	0.21827388228558203
5423	nullo	nullus	0.2697314622988287
5424	que	que	0.2012336315258229
5425	dolore	dolor	0.20822219531187586
5426	testatus	testor	0.2378432744288394
5427	morsus	morsus	0.22784276291843092
5428	subita	subitus	0.20019810150484246
5429	caligine	caligo	0.20174033890393464
5430	mortem	mors	0.294887671102794
5431	accipis	accipio	0.3251070540239663
5432	et	et	0.15833624089312415
5433	socias	socius	0.22711296608536322
5434	somno	somnus	0.19200430663501636
5435	descendis	descendo	0.3204117075152742
5436	ad	ad	0.2070463735264641
5437	umbras	umbra	0.24046026093160444
5438	non	non	0.41864799612008574
5439	tam	tam	0.29912787483899705
5440	ueloci	uelox	0.21363067840013722
5441	corrumpunt	corrumpo	0.21297166590270628
5442	pocula	poculum	0.24870028976709904
5443	leto	letum	0.2350357961768667
5444	stipite	stipes	0.18718256472022154
5445	quae	qui	0.4173544654161595
5446	diro	dirus	0.22432031391012158
5447	uirgas	uirga	0.23846672873557104
5448	mentita	mentior	0.23884427528111302
5449	sabaeas	sabaeus	0.22769438502927772
5450	toxica	toxicum	0.14800036973760974
5451	fatilegi	fatilegus	0.13347116954040184
5452	carpunt	carpo	0.22541590236101716
5453	matura	maturus	0.24846433863182077
5454	saitae	saitus	0.12234624680761474
5455	ecce	ecce	0.3778660498102507
5456	procul	procul	0.2607864745479858
5457	saeuos	saeuus	0.23931756565085888
5458	sterili	sterilis	0.2316003719612762
5459	se	sui	0.20014995987546627
5460	robore	robur	0.21158453581953446
5461	trunci	truncus	0.21202719515528762
5462	torsit	torqueo	0.1915168809489961
5463	et	et	0.15833624089312415
5464	inmisit	inmitto	0.22774291690154197
5465	iaculum	iaculum	0.23230292882130793
5466	uocat	uoco	0.25985121877343176
5467	africa	africus	0.23713682578197962
5468	serpens	serpens	0.21479864310852576
5469	per	per	0.19585738350308546
5470	que	que	0.2012336315258229
5471	caput	caput	0.2474480722258332
5472	pauli	paulus	0.25951585296560614
5473	transacta	transigo	0.18814318301390914
5474	que	que	0.2012336315258229
5475	tempora	tempus	0.2627780539417629
5476	fugit	fugio	0.23805372621094295
5477	nil	nihil	0.5376309956045434
5478	ibi	ibi	0.24891041772732736
5479	uirus	uirus	0.2546821091688539
5480	agit	ago	0.2874753572908907
5481	rapuit	rapio	0.20978104306045348
5482	cum	cum	0.2052975334096333
5483	uolnere	uolnus	0.21671097412752785
5484	fatum	fatum	0.3083041964690259
5485	deprensum	deprendo	0.2259649097624746
5486	est	sum	0.4103991028490287
5487	quae	qui	0.4173544654161595
5488	funda	funda	0.2454229559710613
5489	rotat	roto	0.2219966891433453
5490	quam	quam	0.3311780972189745
5491	lenta	lento	0.2422656419057782
5492	uolarent	uolo	0.26256154560682804
5493	quam	quam	0.3311780972189745
5494	segnis	segnis	0.26056673617279275
5495	scythicae	scythicus	0.2697853940068047
5496	strideret	strido	0.2181206215493641
5497	harundinis	harundo	0.21936369938761752
5498	aer	aer	0.2028282772233796
5499	quid	quis	0.4720078241812511
5500	prodest	prosum	0.2732445582391808
5501	miseri	miser	0.2790071017280657
5502	basiliscus	basiliscus	0.12880528110062514
5503	cuspide	cuspis	0.1651872217276415
5504	murri	murrio	0.22617839754883012
5505	transactus	transigo	0.1929725431332227
5506	uelox	uelox	0.21995414757843929
5507	currit	curro	0.2495061386929571
5508	per	per	0.19585738350308546
5509	tela	telum	0.1953497244028474
5510	uenenum	uenenum	0.23889177882678897
5511	inuadit	inuado	0.23240358377610434
5512	que	que	0.2012336315258229
5513	manum	manus	0.2401612706834403
5514	quam	qui	0.4236487199326892
5515	protinus	protinus	0.24789785805244624
5516	ille	ille	0.22548811421451656
5517	retecto	retego	0.20124043845283507
5518	ense	ensis	0.1653615879598535
5519	ferit	ferio	0.1982388831242195
5520	toto	totus	0.23371265276574277
5521	que	que	0.2012336315258229
5522	semel	semel	0.29459152939372835
5523	demittit	demitto	0.20801226690769364
5524	ab	ab	0.19208305618423893
5525	armo	armus	0.18112865191480026
5526	exemplar	exemplar	0.2669436103065396
5527	que	que	0.2012336315258229
5528	sui	sui	0.19852159379871323
5529	spectans	specto	0.24644439146367514
5530	miserabile	miserabilis	0.223824328974563
5531	leti	letum	0.2637275228969259
5532	stat	sto	0.22045097132213676
5533	tutus	tutus	0.2512031423757937
5534	pereunte	pereo	0.2475672100659
5535	manu	manus	0.20984117788662804
5536	quis	quis	0.45278352088249413
5537	fata	fatum	0.3082749818072536
5538	putarit	puto	0.263621159433844
5539	scorpion	scorpion	0.2669436103065396
5540	aut	aut	0.2796425113942012
5541	uires	uis	0.23493038460475524
5542	maturae	maturus	0.25580385102262637
5543	mortis	mors	0.2932593050260409
5544	habere	habeo	0.32446401662451385
5545	ille	ille	0.22548811421451656
5546	minax	minax	0.20164591407429122
5547	nodis	nodus	0.17390551582763772
5548	et	et	0.15833624089312415
5549	recto	rego	0.2537865052260066
5550	uerbere	uerber	0.23102828520683655
5551	saeuos	saeuus	0.23931756565085888
5552	teste	testis	0.23455711381639077
5553	tulit	fero	0.24009398597983858
5554	caelo	caelum	0.21867397114166637
5555	uicti	uinco	0.2662747193798869
5556	decus	decus	0.2769063309843336
5557	orionis	orio	0.24474249205414939
5558	quis	quis	0.45278352088249413
5559	calcare	calco	0.280340349659714
5560	tuas	tuus	0.4974596085162073
5561	metuat	metuo	0.29494242143805305
5562	salpuga	salpuga	0.14437973917210892
5563	latebras	latebra	0.23854037494875907
5564	et	et	0.15833624089312415
5565	tibi	tu	0.8015333168619974
5566	dant	do	0.29483720053172086
5567	stygiae	stygius	0.2531195819241504
5568	ius	ius	0.2871172323903613
5569	in	in	0.1978304838181022
5570	sua	suus	0.226591481728214
5571	fila	filum	0.2294879162528433
5572	sorores	soror	0.24058351930468908
5573	sic	sic	0.21619464466528485
5574	nec	neque	0.2829151588008186
5575	clara	clarus	0.22283157209396198
5576	dies	dies	0.23289740198284148
5577	nec	neque	0.2829151588008186
5578	nox	nox	0.22033439056895182
5579	dabat	do	0.28479481937201434
5580	atra	ater	0.2133203977407882
5581	quietem	quies	0.23819941809696887
5582	suspecta	suspicio	0.22913016137599332
5583	miseris	miser	0.3143362587471419
5584	in	in	0.1978304838181022
5585	qua	qui	0.393328627135877
5586	tellure	tellus	0.22651523425795878
5587	iacebant	iaceo	0.23811629517986854
5588	nam	nam	0.33628882326213133
5589	neque	neque	0.2829151588008186
5590	congestae	congestus	0.21505347481604303
5591	struxere	struo	0.212427786357835
5592	cubilia	cubile	0.2406744410989095
5593	frondes	frons	0.20930152803978797
5594	nec	neque	0.2829151588008186
5595	culmis	culmus	0.22118949569505586
5596	creuere	cresco	0.20139072766780966
5597	tori	torus	0.20335293717797248
5598	sed	sed	0.22991636605070076
5599	corpora	corpus	0.23003832177231476
5600	fatis	fatum	0.32907493862912185
5601	expositi	expono	0.206336655757066
5602	uoluuntur	uoluo	0.18823648799695888
5603	humo	humus	0.18793927920069842
5604	calido	calidus	0.1840459253370464
5605	que	que	0.2012336315258229
5606	uapore	uapor	0.18236345431665352
5607	adliciunt	adlicio	0.13314072280644002
5608	gelidas	gelidus	0.22500380122560426
5609	nocturno	nocturnus	0.22138939109039196
5610	frigore	frigus	0.20896398289159265
5611	pestes	pestis	0.2225781018063292
5612	innocuos	innocuus	0.23298040519626412
5613	que	que	0.2012336315258229
5614	diu	diu	0.2631279537940695
5615	rictus	rictus	0.20604375516429377
5616	torpente	torpeo	0.2115606121923579
5617	ueneno	uenenum	0.2085716860299767
5618	inter	inter	0.18322509933303344
5619	membra	membrum	0.2161167073166522
5620	fouent	foueo	0.22306536946071098
5621	nec	neque	0.2829151588008186
5622	quae	qui	0.4173544654161595
5623	mensura	mensura	0.2454229559710613
5624	uiarum	uia	0.25794602308771514
5625	quisue	quisue	0.29068607978456695
5626	modus	modus	0.2361489318009583
5627	norunt	nosco	0.24370520804769286
5628	caelo	caelum	0.21867397114166637
5629	duce	dux	0.22185043363533474
5630	saepe	saepe	0.29215977341763016
5631	querentes	queror	0.24714462297051504
5632	reddite	reddo	0.37190138315174986
5633	di	deus	0.3191755850581264
5634	clamant	clamo	0.18757896775189511
5635	miseris	miser	0.3143362587471419
5636	quae	qui	0.42097509598166033
5637	fugimus	fugio	0.30553079453005033
5638	arma	arma	0.24886190800705116
5639	reddite	reddo	0.37190138315174986
5640	thessaliam	thessalia	0.2662792823025096
5641	patimur	patior	0.32213809387962034
5642	cur	cur	0.3765888215060391
5643	segnia	segnis	0.26418736673829357
5644	fata	fatum	0.3082749818072536
5645	in	in	0.1978304838181022
5646	gladios	gladius	0.2039392562987866
5647	iurata	iuratus	0.22033980948253068
5648	manus	manus	0.23383780150513822
5649	pro	pro	0.2911763213301979
5650	caesare	caesar	0.22008792089447282
5651	pugnant	pugno	0.22364723215518945
5652	dipsades	dipsas	0.12278932464248417
5653	et	et	0.15833624089312415
5654	peragunt	perago	0.2230499515220379
5655	ciuilia	ciuilis	0.2592879624796505
5656	bella	bellum	0.2873119181044336
5657	cerastae	cerasta	0.22293961669333956
5658	ire	eo	0.2989716515304487
5659	libet	libet	0.27554898534852396
5660	qua	qui	0.393328627135877
5661	zona	zona	0.2242507269290766
5662	rubens	rubeo	0.23016980809902643
5663	atque	atque	0.17570308892570702
5664	axis	axis	0.2449176175845702
5665	inustus	inuro	0.21857928585704162
5666	solis	solus	0.2936118632434253
5667	equis	equus	0.1309218706046792
5668	iuuat	iuuo	0.276205840445762
5669	aetheriis	aetherius	0.22227668767759148
5670	ascribere	ascribo	0.17300436769688046
5671	causis	causa	0.23840467489611183
5672	quod	quod	0.3777126237231303
5673	peream	pereo	0.35199096915406697
5674	caelo	caelum	0.21867397114166637
5675	que	que	0.2012336315258229
5676	mori	morior	0.2777222403295279
5677	nil	nihil	0.5376309956045434
5678	africa	africus	0.2131109875016971
5679	de	de	0.21528495638144768
5680	te	tu	0.7504132672433169
5681	nec	neque	0.2829151588008186
5682	de	de	0.21528495638144768
5683	te	tu	0.7504132672433169
5684	natura	natura	0.22769558151991334
5685	queror	queror	0.3145844829806623
5686	tot	tot	0.41215615676915346
5687	monstra	monstrum	0.24870930786901474
5688	ferentem	fero	0.2650606548686154
5689	gentibus	gens	0.3293640059184729
5690	ablatum	aufero	0.20817178201928804
5691	dederas	do	0.3604533639024765
5692	serpentibus	serpens	0.2355693852686217
5693	orbem	orbis	0.23072086394054897
5694	inpatiens	impatiens	0.21107915483524872
5695	que	que	0.2012336315258229
5696	solum	solum	0.28627941292182657
5697	cereris	cero	0.29279635344675536
5698	cultore	cultor	0.19907179936421301
5699	negato	nego	0.24260108362416466
5700	damnasti	damno	0.2948269836245101
5701	atque	atque	0.17570308892570702
5702	homines	homo	0.2525626793909026
5703	uoluisti	uolo	0.31028513872682295
5704	desse	desum	0.2789713538510128
5705	uenenis	uenenum	0.20224821685167466
5706	in	in	0.1978304838181022
5707	loca	locus	0.21688000022075288
5708	serpentum	serpens	0.2131410623700004
5709	nos	nos	0.5789307641637006
5710	uenimus	uenio	0.3237239772915287
5711	accipe	accipio	0.3644478562871788
5712	poenas	poena	0.29780941020377993
5713	tu	tu	0.7744391055235995
5714	quisquis	quisquis	0.32735041254482855
5715	superum	superus	0.2410830965490276
5716	commercia	commercium	0.25942055923064544
5717	nostra	noster	0.5083500721343409
5718	perosus	perosus	0.23321489569102583
5719	hinc	hinc	0.23329927088887015
5720	torrente	torrens	0.2190419820877682
5721	plaga	plaga	0.2038828019537941
5722	dubiis	dubius	0.20243943327832103
5723	hinc	hinc	0.23329927088887015
5724	syrtibus	syrtis	0.22960915847053004
5725	orbem	orbis	0.23072086394054897
5726	abrumpens	abrumpo	0.23571333218141868
5727	medio	medius	0.1479917332709723
5728	posuisti	pono	0.29702329075868716
5729	limite	limes	0.1964821180366954
5730	mortes	mors	0.28856420192449195
5731	per	per	0.19585738350308546
5732	secreta	secerno	0.23589464167375504
5733	tui	tu	0.6476405995019823
5734	bellum	bellum	0.29363538728273564
5735	ciuile	ciuilis	0.2656114316579526
5736	recessus	recessus	0.22671480255925358
5737	uadit	uado	0.2557766404843231
5738	et	et	0.15833624089312415
5739	arcani	arcanum	0.23482189905951528
5740	miles	miles	0.23342240345814239
5741	tibi	tu	0.8015333168619974
5742	conscius	conscius	0.2412617469056178
5743	orbis	orbis	0.22442660942401924
5744	claustra	claustrum	0.2366850464715904
5745	ferit	ferio	0.1982388831242195
5746	mundi	mundus	0.25188667932710695
5747	forsan	forsan	0.2975178760234555
5748	maiora	maior	0.2610519249469816
5749	supersunt	supersum	0.27184261435548884
5750	ingressis	ingressus	0.21186891569928573
5751	coeunt	coeo	0.2222122595845954
5752	ignes	ignis	0.2255484517527816
5753	stridentibus	strido	0.19691534874319688
5754	undis	unda	0.1826751395231377
5755	et	et	0.15833624089312415
5756	premitur	premo	0.21317054110242883
5757	natura	natura	0.25172141980019586
5758	poli	polus	0.22834612110433528
5759	set	sed	0.22991636605070076
5760	longius	longe	0.2539216207916641
5761	istac	istic	0.2753854724148498
5762	nulla	nullus	0.309331758650595
5763	iacet	iaceo	0.25538549825763457
5764	tellus	tellus	0.2505410725382413
5765	quam	quam	0.3311780972189745
5766	fama	fama	0.25860363284845517
5767	cognita	cognosco	0.23423046804520814
5768	nobis	nos	0.5997307209855689
5769	tristia	tristis	0.24208141158923996
5770	regna	regnum	0.318717214176867
5771	iubae	iuba	0.21632509698265218
5772	quaeremus	quaero	0.3386414862018855
5773	forsitan	forsitan	0.3086235174038484
5774	istas	iste	0.404634924746762
5775	serpentum	serpens	0.2131410623700004
5776	terras	terra	0.2647419532795139
5777	habet	habeo	0.2882137826931031
5778	hoc	hic	0.4324442720018331
5779	solacia	solacium	0.2608849872520783
5780	caelum	caelum	0.24899406393847862
5781	uiuit	uiuo	0.2525368758425195
5782	adhuc	adhuc	0.2728667279190589
5783	aliquid	aliquis	0.36637065249254835
5784	patriae	patria	0.3171286983860965
5785	non	non	0.41864799612008574
5786	arua	aruum	0.24023746602169216
5787	requiro	requiro	0.3197359458643298
5788	europam	europa	0.259105350874433
5789	que	que	0.2012336315258229
5790	alios	alius	0.2741141240390841
5791	soles	soleo	0.30325809228777073
5792	asiam	asia	0.2703609244324765
5793	que	que	0.2012336315258229
5794	uidentem	uideo	0.2653902041694354
5795	qua	qua	0.26992570546231986
5796	te	tu	0.7807333600401292
5797	parte	pars	0.15330335472346054
5798	poli	polus	0.22834612110433528
5799	qua	qui	0.393328627135877
5800	te	tu	0.7807333600401292
5801	tellure	tellus	0.22651523425795878
5802	reliqui	relinquo	0.29931668555111746
5803	africa	africus	0.2131109875016971
5804	cyrenis	cyrenus	0.11403043171352435
5805	etiamnunc	etiamnunc	0.2786344418953771
5806	bruma	bruma	0.23473120401121478
5807	rigebat	rigeo	0.1990429573833205
5808	exiguane	exiguanis	0.12066141361198747
5809	uia	uia	0.235577765545958
5810	legem	lex	0.27543015057999826
5811	conuertimus	conuerto	0.27103316291086643
5812	anni	annus	0.27878945749892936
5813	imus	eo	0.3301984859181454
5814	in	in	0.1978304838181022
5815	aduersos	aduerto	0.21397141898431776
5816	axes	axis	0.2448884029227979
5817	euoluimur	euoluo	0.2817814802009149
5818	orbe	orbis	0.20040077114373672
5819	terga	tergum	0.201629957280276
5820	damus	do	0.36592767980985796
5821	ferienda	ferio	0.22840435104788617
5822	noto	noto	0.23158582639220998
5823	nunc	nunc	0.38025600229896883
5824	forsitan	forsitan	0.3086235174038484
5825	ipsa	ipse	0.2904678176168497
5826	est	sum	0.4103991028490287
5827	sub	sub	0.2257075636269553
5828	pedibus	pes	0.16500146306815439
5829	iam	iam	0.2423169147710674
5830	roma	roma	0.27512475028342875
5831	meis	meus	0.549575700146379
5832	solacia	solacium	0.2608849872520783
5833	fati	fatum	0.3129700849088026
5834	haec	hic	0.42612080282353104
5835	petimus	peto	0.31539180300171094
5836	ueniant	uenio	0.29360767939973403
5837	hostes	hostis	0.22448901983161612
5838	caesar	caesar	0.24411375917475533
5839	que	que	0.2012336315258229
5840	sequatur	sequor	0.26797425874486824
5841	qua	qui	0.393328627135877
5842	fugimus	fugio	0.30553079453005033
5843	sic	sic	0.21619464466528485
5844	dura	durus	0.24795744944745438
5845	suos	suus	0.23490883322459258
5846	patientia	patientia	0.23177409038486207
5847	questus	queror	0.22865268116067894
5848	exonerat	exonero	0.13675413376546974
5849	cogit	cogo	0.22886779572720706
5850	tantos	tantus	0.341367874587594
5851	tolerare	tolero	0.29146075355192214
5852	labores	labor	0.2508706187923403
5853	summa	superus	0.24301897534594172
5854	ducis	dux	0.23496770228391017
5855	uirtus	uirtus	0.27612282785519643
5856	qui	qui	0.40178000734467567
5857	nuda	nudus	0.1991209217836714
5858	fusus	fundo	0.15836887399252708
5859	harena	harena	0.2124675628535637
5860	excubat	excubo	0.22951122037534044
5861	atque	atque	0.17570308892570702
5862	omni	omnis	0.24528405447167761
5863	fortunam	fortuna	0.3050037030474939
5864	prouocat	prouoco	0.22951122037534044
5865	hora	hora	0.2706778842634373
5866	omnibus	omnis	0.23896058529337558
5867	unus	unus	0.28189071443038055
5868	adest	adsum	0.2795333192898851
5869	fatis	fatum	0.32907493862912185
5870	quocumque	quocumque	0.3245737412772365
5871	uocatus	uoco	0.2401570524480443
5872	aduolat	aduolo	0.19924951111871259
5873	atque	atque	0.17570308892570702
5874	ingens	ingens	0.19783343345499382
5875	meritum	meritum	0.2781554114223574
5876	maius	magnus	0.2795751249037022
5877	que	que	0.2012336315258229
5878	salute	salus	0.24114512203168853
5879	contulit	confero	0.21956791660540353
5880	in	in	0.1978304838181022
5881	letum	letum	0.26535588897367896
5882	uires	uis	0.24122463912128495
5883	puduit	pudeo	0.2758672160022603
5884	que	que	0.2012336315258229
5885	gementem	gemo	0.21145855203656366
5886	illo	ille	0.20146227593423405
5887	teste	testis	0.23455711381639077
5888	mori	morior	0.2777222403295279
5889	quod	qui	0.42729856515996234
5890	ius	ius	0.2871172323903613
5891	habuisset	habeo	0.30610635294386385
5892	in	in	0.1978304838181022
5893	ipsum	ipse	0.28118761406189563
5894	ulla	ullus	0.3365160081321924
5895	lues	lues	0.251642841290752
5896	casus	casus	0.2611538821377057
5897	alieno	alienus	0.22203520504313567
5898	in	in	0.1978304838181022
5899	pectore	pectus	0.17834214974671095
5900	uincit	uinco	0.289582296664304
5901	spectator	spectator	0.24749815093349398
5902	que	que	0.2012336315258229
5903	docet	doceo	0.23499767587282724
5904	magnos	magnus	0.2540273524266432
5905	nil	nihil	0.5376309956045434
5906	posse	possum	0.3550478390277997
5907	dolores	dolor	0.2322188189303861
5908	uix	uix	0.2688405971402107
5909	miseris	miser	0.295111955448385
5910	serum	serus	0.2630830615288995
5911	tanto	tantus	0.3365955542678407
5912	lassata	lasso	0.23539481786325522
5913	periclo	periclum	0.23812258195879338
5914	auxilium	auxilium	0.271319888616335
5915	fortuna	fortuna	0.2987094485309642
5916	dedit	do	0.28479481937201434
5917	gens	gens	0.30859326375837703
5918	unica	unicus	0.2753680836874476
5919	terras	terra	0.2647419532795139
5920	incolit	incolo	0.24817432325850544
5921	a	ab	0.19208305618423893
5922	saeuo	saeuus	0.21532094203234864
5923	serpentum	serpens	0.2131410623700004
5924	innoxia	innoxius	0.22772359969105005
5925	morsu	morsus	0.2038461392999207
5926	marmaridae	marmaridus	0.24505000477431046
5927	psylli	psyllus	0.1337786822605629
5928	par	par	0.23837298115260933
5929	lingua	lingua	0.22025430252506595
5930	potentibus	possum	0.2963814157646047
5931	herbis	herba	0.20213192055815996
5932	ipse	ipse	0.2748933595453659
5933	cruor	cruor	0.21827388228558203
5934	tutus	tutus	0.2512031423757937
5935	nullum	nullus	0.31927585839439787
5936	que	que	0.2012336315258229
5937	admittere	admitto	0.2634453109832991
5938	uirus	uirus	0.2546821091688539
5939	uel	uel	0.2357473342493982
5940	cantu	cantus	0.18024619267144812
5941	cessante	cesso	0.22637702915657004
5942	potens	potens	0.23982711193495737
5943	natura	natura	0.22769558151991334
5944	locorum	locus	0.21525163414399984
5945	iussit	iubeo	0.22826517273178082
5946	ut	ut	0.27774099822990284
5947	inmunes	inmunis	0.22314759489542627
5948	mixtis	mixtus	0.18263407570965642
5949	serpentibus	serpens	0.18444933564994118
5950	essent	sum	0.4221231534038423
5951	profuit	prosum	0.2595887661204445
5952	in	in	0.1978304838181022
5953	mediis	medius	0.15724272216415403
5954	sedem	sedes	0.2751873836473455
5955	posuisse	pono	0.25160310917247425
5956	uenenis	uenenum	0.20224821685167466
5957	pax	pax	0.27736608137689833
5958	illis	ille	0.195138806755932
5959	cum	cum	0.2052975334096333
5960	morte	mors	0.26456757830598177
5961	data	datum	0.24108658261316462
5962	est	sum	0.4103991028490287
5963	fiducia	fiducia	0.277851561533036
5964	tanta	tantus	0.35697154732085
5965	est	sum	0.4103991028490287
5966	sanguinis	sanguis	0.26197085778798346
5967	in	in	0.1978304838181022
5968	terras	terra	0.2647419532795139
5969	paruus	paruus	0.21675411286325869
5970	cum	cum	0.28550000025989547
5971	decidit	decido	0.20808086583098362
5972	infans	infans	0.24485247808579969
5973	nequa	nequis	0.25063000682476394
5974	sit	sum	0.4422705569945694
5975	externae	externus	0.28840387885489194
5976	ueneris	uenio	0.28219419493757336
5977	mixtura	misceo	0.1912028753667072
5978	timentes	timeo	0.2687312016033053
5979	letifica	letificus	0.14830788245777082
5980	dubios	dubius	0.2171850680036495
5981	explorant	exploro	0.23181727303873417
5982	aspide	aspis	0.22471156152292815
5983	partus	partus	0.25581115562317036
5984	ut	ut	0.27774099822990284
5985	que	que	0.2012336315258229
5986	iouis	iouus	0.11433794443368543
5987	uolucer	uolucer	0.2105792742292401
5988	calido	calidus	0.1840459253370464
5989	cum	cum	0.28550000025989547
5990	protulit	profero	0.2034736624367769
5991	ouo	ouus	0.12400374611909955
5992	inplumis	inpluma	0.11403043171352435
5993	natos	nascor	0.31076221061725995
5994	solis	sol	0.22789764419002917
5995	conuertit	conuerto	0.203556094591759
5996	ad	ad	0.2070463735264641
5997	ortus	ortus	0.21617386066549277
5998	qui	qui	0.3954565381663737
5999	potuere	possum	0.301528402018623
6000	pati	patior	0.28727162665426775
6001	radios	radius	0.21387627432951012
6002	et	et	0.15833624089312415
6003	lumine	lumen	0.1969634278589538
6004	recto	rego	0.2537865052260066
6005	sustinuere	sustineo	0.20508755732582357
6006	diem	dies	0.25476611457085496
6007	caeli	caelum	0.24736569786172558
6008	seruantur	seruo	0.2385522846036086
6009	in	in	0.1978304838181022
6010	usus	usus	0.2381824191498757
6011	qui	qui	0.3954565381663737
6012	phoebo	phoebus	0.20188803856558557
6013	cessere	cedo	0.23664922579344166
6014	iacent	iaceo	0.2517720872986048
6015	sic	sic	0.21619464466528485
6016	pignora	pignus	0.2934777126532166
6017	gentis	gens	0.3132591521981537
6018	psyllus	psyllus	0.12911279382078622
6019	habet	habeo	0.2882137826931031
6020	siquis	siquis	0.2567363955092358
6021	tactos	tango	0.24546356626166435
6022	non	non	0.41864799612008574
6023	horruit	horreo	0.1928658027190655
6024	angues	anguis	0.2221253660343176
6025	siquis	siquis	0.363124696150097
6026	donatis	dono	0.2135088875306022
6027	lusit	ludo	0.23456641879083723
6028	serpentibus	serpens	0.2355693852686217
6029	infans	infans	0.24485247808579969
6030	nec	neque	0.2829151588008186
6031	solum	solum	0.28627941292182657
6032	gens	gens	0.30859326375837703
6033	illa	ille	0.24106257228600034
6034	sua	suus	0.19894501288243066
6035	contenta	contentus	0.22166489356144517
6036	salute	salus	0.24114512203168853
6037	excubat	excubo	0.22951122037534044
6038	hospitibus	hospes	0.27034666970470855
6039	contra	contra	0.24195450228315635
6040	que	que	0.2012336315258229
6041	nocentia	noceo	0.26572743214494216
6042	monstra	monstrum	0.24870930786901474
6043	psyllus	psyllus	0.12911279382078622
6044	adest	adsum	0.2795333192898851
6045	populis	populus	0.244274571074286
6046	qui	qui	0.3954565381663737
6047	tum	tum	0.17315010599734665
6048	romana	romanus	0.24423604943768734
6049	secutus	sequor	0.22581454693541575
6050	signa	signum	0.23320731485829266
6051	simul	simul	0.1963726716871436
6052	iussit	iubeo	0.22826517273178082
6053	statui	status	0.3155716437359516
6054	tentoria	tentorium	0.22819388778210134
6055	ductor	ductor	0.1856163166883626
6056	primum	primum	0.2599517437859483
6057	quas	qui	0.4173252507543872
6058	ualli	uallum	0.21971244776427473
6059	spatium	spatium	0.2411193844353613
6060	conprendit	conprendio	0.2158055696551618
6061	harenas	harena	0.2364641864720739
6062	expurgat	expurgo	0.13675413376546974
6063	cantu	cantus	0.18024619267144812
6064	uerbis	uerbum	0.19930495038554616
6065	que	que	0.2012336315258229
6066	fugantibus	fugo	0.2172928384170324
6067	angues	anguis	0.21583111151778783
6068	ultima	ultimus	0.24598853350070993
6069	castrorum	castra	0.20765524716586325
6070	medicatus	medico	0.2223695375450475
6071	circumit	circumeo	0.24206370387043494
6072	ignis	ignis	0.23187192093108364
6073	hic	hic	0.40692571418654644
6074	ebulum	ebulum	0.1543238389159118
6075	stridet	strido	0.2044580244004941
6076	peregrina	peregrinus	0.2607981936589615
6077	que	que	0.2012336315258229
6078	galbana	galbanum	0.14800036973760974
6079	sudant	sudo	0.2318611802715766
6080	et	et	0.15833624089312415
6081	tamarix	tamarix	0.14437973917210892
6082	non	non	0.41864799612008574
6083	laeta	laeto	0.2476323505094856
6084	comas	coma	0.19861457286900538
6085	eoa	eoa	0.1117671394895675
6086	que	que	0.2012336315258229
6087	costos	costus	0.2217908071674422
6088	et	et	0.15833624089312415
6089	panacea	panacea	0.14437973917210892
6090	potens	potens	0.23982711193495737
6091	et	et	0.15833624089312415
6092	thessala	thessalus	0.2684402147164029
6093	centaurea	centaurea	0.12066141361198747
6094	peucedanon	peucedanon	0.14830788245777082
6095	que	que	0.2012336315258229
6096	sonant	sono	0.18694981901564736
6097	flammis	flamma	0.19121418882798896
6098	erycina	erycinus	0.24766655665418363
6099	que	que	0.2012336315258229
6100	thapsos	thapsus	0.2139669258585466
6101	et	et	0.15833624089312415
6102	larices	larix	0.12877606643885284
6103	fumo	fumo	0.1853401888417469
6104	que	que	0.2012336315258229
6105	grauem	grauis	0.1936714513943653
6106	serpentibus	serpens	0.2355693852686217
6107	urunt	uro	0.2203689591070583
6108	habrotonum	habrotonum	0.1546313516360729
6109	et	et	0.15833624089312415
6110	longe	longe	0.2539216207916641
6111	nascentis	nascor	0.31753805342832553
6112	cornua	cornu	0.21549887419616226
6113	cerui	ceruus	0.20792962233772777
6114	sic	sic	0.21619464466528485
6115	nox	nox	0.22033439056895182
6116	tuta	tutus	0.2667776004472775
6117	uiris	uir	0.215361805391462
6118	at	at	0.1606357004642853
6119	siquis	siquis	0.2722816389189473
6120	peste	pestis	0.2048757327043487
6121	diurna	diurnus	0.2503861001669733
6122	fata	fatum	0.3082749818072536
6123	trahit	traho	0.22329975320825005
6124	tunc	tunc	0.2257129983250269
6125	sunt	sum	0.4061834567301607
6126	magicae	magicus	0.23961918949471145
6127	miracula	miraculum	0.2332241434367009
6128	gentis	gens	0.3132591521981537
6129	psyllorum	psyllus	0.12745521308226088
6130	que	que	0.2012336315258229
6131	ingens	ingens	0.19783343345499382
6132	et	et	0.15833624089312415
6133	rapti	rapio	0.2001292578947726
6134	pugna	pugna	0.19654385828539245
6135	ueneni	uenenum	0.23726341275003593
6136	nam	nam	0.33628882326213133
6137	primum	primum	0.2599517437859483
6138	tacta	tango	0.2543799506806678
6139	designat	designo	0.22484662248307957
6140	membra	membrum	0.2161167073166522
6141	saliua	saliua	0.14830788245777082
6142	quae	qui	0.42097509598166033
6143	cohibet	cohibeo	0.2567450537893403
6144	uirus	uirus	0.2546821091688539
6145	retinet	retineo	0.21833557562358455
6146	que	que	0.2012336315258229
6147	in	in	0.1978304838181022
6148	uolnere	uolnus	0.21671097412752785
6149	pestem	pestis	0.23519582550116092
6150	plurima	plurimus	0.26660645081908185
6151	tunc	tunc	0.2257129983250269
6152	uoluit	uolo	0.23885656729825155
6153	spumanti	spumo	0.20360434122424179
6154	carmina	carmen	0.23719035581754333
6155	lingua	lingua	0.19622846424478343
6156	murmure	murmur	0.19759621238865488
6157	continuo	continuo	0.2408268643832083
6158	nec	neque	0.2829151588008186
6159	dat	do	0.2984506114907506
6160	suspiria	suspirium	0.24828709011407604
6161	cursus	cursus	0.2057967264350421
6162	uolneris	uolnus	0.24540270084758709
6163	aut	aut	0.2796425113942012
6164	minimum	minimus	0.26161295203792734
6165	patiuntur	patior	0.25104761460148317
6166	fata	fatum	0.3082749818072536
6167	tacere	taceo	0.24305891973581395
6168	saepe	saepe	0.29215977341763016
6169	quidem	quidem	0.344141909186688
6170	pestis	pestis	0.2289015709846312
6171	nigris	niger	0.19162102806725667
6172	inserta	insero	0.22468011523178105
6173	medullis	medulla	0.197698169250169
6174	excantata	excanto	0.12595965776664447
6175	fugit	fugio	0.23805372621094295
6176	sed	sed	0.22991636605070076
6177	siquod	siqui	0.22427729384344286
6178	tardius	tarde	0.28383221297501743
6179	audit	audio	0.24519866779403843
6180	uirus	uirus	0.2546821091688539
6181	et	et	0.15833624089312415
6182	elicitum	elicitus	0.12804528361080056
6183	iussum	iubeo	0.2332121146958479
6184	que	que	0.2012336315258229
6185	exire	exeo	0.2796797725252046
6186	repugnat	repugno	0.2440432468874853
6187	tum	tum	0.17315010599734665
6188	super	super	0.2318773311348063
6189	incumbens	incumbo	0.22547008835577592
6190	pallentia	palleo	0.22649201990578077
6191	uolnera	uolnero	0.24070759774603806
6192	lambit	lambo	0.2279560374807037
6193	ore	os	0.17306794515410123
6194	uenena	uenenum	0.2325683096484869
6195	trahens	traho	0.22211422278514004
6196	et	et	0.15833624089312415
6197	siccat	sicco	0.23263745097174343
6198	dentibus	dens	0.1779111153865635
6199	artus	artus	0.2211648407493434
6200	extractam	extraho	0.20938731772949915
6201	que	que	0.2012336315258229
6202	potens	potens	0.23982711193495737
6203	gelido	gelidus	0.1854327195356103
6204	de	de	0.21528495638144768
6205	corpore	corpus	0.20604169815380455
6206	mortem	mors	0.294887671102794
6207	expuit	expuo	0.2158055696551618
6208	et	et	0.15833624089312415
6209	cuius	qui	0.40644589578445245
6210	morsus	morsus	0.22787197758020322
6211	superauerit	supero	0.2729289450784156
6212	anguis	anguis	0.2221545806960899
6213	iam	iam	0.2423169147710674
6214	promptum	promptus	0.24453870296119523
6215	psyllis	psyllus	0.16910783927963907
6216	uel	uel	0.2357473342493982
6217	gustu	gustus	0.10477944282034261
6218	nosse	nosco	0.2596712167303449
6219	ueneni	uenenum	0.23726341275003593
6220	hoc	hic	0.4324442720018331
6221	igitur	igitur	0.21539272973380205
6222	tandem	tandem	0.26628816046996057
6223	leuior	leuis	0.1901241075534829
6224	romana	romanus	0.24061541887218652
6225	iuuentus	iuuentus	0.21314098430040512
6226	auxilio	auxilium	0.24099979581952274
6227	late	late	0.24339607867641339
6228	squalentibus	squaleo	0.21687738628417996
6229	errat	erro	0.2383815773882981
6230	in	in	0.1978304838181022
6231	aruis	aruum	0.2099173732248799
6232	bis	bis	0.2654429786514045
6233	positis	pono	0.21111357404512127
6234	phoebe	phoebo	0.24752350745725368
6235	flammis	flamma	0.19121418882798896
6236	bis	bis	0.2654429786514045
6237	luce	lux	0.22872489463163478
6238	recepta	recipio	0.1983621233196486
6239	uidit	uideo	0.24042353528065852
6240	hareniuagum	hareniuagus	0.13509953561715488
6241	surgens	surgo	0.22716227326273997
6242	fugiens	fugio	0.2368681957878329
6243	que	que	0.2012336315258229
6244	catonem	cato	0.23717775332635738
6245	iam	iam	0.2423169147710674
6246	que	que	0.2012336315258229
6247	illi	ille	0.21916464503621452
6248	magis	magis	0.2893968784392875
6249	atque	atque	0.17570308892570702
6250	magis	magis	0.2893968784392875
6251	durescere	duresco	0.27236304189329325
6252	puluis	puluis	0.2162922703487863
6253	coepit	coepio	0.19453669076159436
6254	et	et	0.15833624089312415
6255	in	in	0.1978304838181022
6256	terram	terra	0.27106542245781595
6257	libye	libye	0.20733366914153245
6258	spissata	spisso	0.12595965776664447
6259	redire	redeo	0.26475550951356963
6260	iam	iam	0.2423169147710674
6261	que	que	0.2012336315258229
6262	procul	procul	0.2607864745479858
6263	rarae	rarus	0.2291002842720839
6264	nemorum	nemus	0.2217315818154788
6265	se	sui	0.20014995987546627
6266	tollere	tollo	0.2501897821466136
6267	frondes	frons	0.21559578255631767
6268	surgere	surgo	0.2645980376172607
6269	congesto	congero	0.21019955037119856
6270	non	non	0.41864799612008574
6271	culta	colo	0.2707525649486365
6272	mapalia	mapalis	0.2250595911460617
6273	culmo	culmus	0.2119385068018741
6274	quanta	quantus	0.3394401153380871
6275	dedit	do	0.28479481937201434
6276	miseris	miser	0.295111955448385
6277	melioris	melior	0.2959642898669025
6278	gaudia	gaudium	0.2524128627822476
6279	terrae	terra	0.26943705638106286
6280	cum	cum	0.28550000025989547
6281	primum	primum	0.2599517437859483
6282	saeuos	saeuus	0.23931756565085888
6283	contra	contra	0.19925112422853195
6284	uidere	uideo	0.2903295613308055
6285	leones	leo	0.19965658450641088
6286	proxima	proximus	0.2295654963589609
6287	leptis	leptus	0.14957602326072109
6288	erat	sum	0.39446734537716976
6289	cuius	qui	0.40644589578445245
6290	statione	statio	0.19925371527163233
6291	quieta	quietus	0.23086592980743867
6292	exegere	exigo	0.2671510369141018
6293	hiemem	hiems	0.22644474553458344
6294	nimbis	nimbus	0.16855917640976592
6295	flammis	flamma	0.19121418882798896
6296	que	que	0.2012336315258229
6297	carentem	careo	0.26548456022268163
6298	caesar	caesar	0.27595797234656105
6299	ut	ut	0.27774099822990284
6300	emathia	emathia	0.2329736722824542
6301	satiatus	satio	0.23962464935002736
6302	clade	clades	0.22000245989333067
6303	recessit	recedo	0.2087009682848533
6304	cetera	ceterus	0.2938408243667783
6305	curarum	cura	0.2533521957931366
6306	proiecit	proicio	0.22598971647019372
6307	pondera	pondus	0.22213950306551677
6308	soli	solum	0.2672087113535168
6309	intentus	intentus	0.20231132951133823
6310	genero	genero	0.274872522727173
6311	cuius	qui	0.40644589578445245
6312	uestigia	uestigium	0.2265215490267018
6313	frustra	frustra	0.26239887367452513
6314	terris	terra	0.23442186048270164
6315	sparsa	spargo	0.19705790473027895
6316	legens	legens	0.2236610920599696
6317	fama	fama	0.23457779456817263
6318	duce	dux	0.22185043363533474
6319	tendit	tendo	0.2204975879994739
6320	in	in	0.1978304838181022
6321	undas	unda	0.21299523231994993
6322	threicias	threicius	0.23521293022560158
6323	que	que	0.2012336315258229
6324	legit	lego	0.20372017371834356
6325	fauces	fauces	0.2247371751222927
6326	et	et	0.15833624089312415
6327	amore	amor	0.21484711681517765
6328	notatum	noto	0.19603550553969656
6329	aequor	aequor	0.22238326595289826
6330	et	et	0.15833624089312415
6331	heroas	herous	0.21575583468855888
6332	lacrimoso	lacrimosus	0.2122460195220352
6333	litore	litus	0.19903271426237085
6334	turres	turris	0.21365768383614578
6335	qua	qua	0.28888361284606867
6336	pelago	pelagus	0.2681797547943525
6337	nomen	nomen	0.2624633616591976
6338	nepheleias	nepheleia	0.1443505245103366
6339	abstulit	aufero	0.21061343935935078
6340	helle	helle	0.2721244446604106
6341	non	non	0.41864799612008574
6342	asiam	asia	0.2703609244324765
6343	breuioris	breuior	0.23238948813082672
6344	aquae	aqua	0.22150829034811453
6345	disterminat	distermino	0.22946136177389803
6346	usquam	usquam	0.2704866318726051
6347	fluctus	fluctus	0.1966513783683997
6348	ab	ab	0.19208305618423893
6349	europa	europa	0.22878525807762073
6350	quamuis	quamuis	0.30154044275768344
6351	byzantion	byzantium	0.1463720036608567
6352	arto	arto	0.19282716732379968
6353	pontus	pontus	0.22986056600709603
6354	et	et	0.15833624089312415
6355	ostriferam	ostriferus	0.1509815064087997
6356	dirimat	dirimo	0.24963004700900582
6357	calchedona	calchedonus	0.14830788245777082
6358	cursu	cursus	0.18180010281653186
6359	euxinum	euxinus	0.1543238389159118
6360	que	que	0.2012336315258229
6361	ferens	fero	0.2525642476754648
6362	paruo	paruus	0.21195257788173308
6363	ruat	ruo	0.2231155637502989
6364	ore	os	0.17306794515410123
6365	propontis	propons	0.23188768350261765
6366	sigeas	sigeo	0.3463526512469399
6367	que	que	0.2012336315258229
6368	petit	peto	0.24791473468260355
6369	famae	fama	0.26326952128823183
6370	mirator	miror	0.2143346789801328
6371	harenas	harena	0.2364641864720739
6372	et	et	0.15833624089312415
6373	simoentis	simoens	0.14445159957648057
6374	aquas	aqua	0.21681318724656554
6375	et	et	0.15833624089312415
6376	graio	graius	0.21156702026858093
6377	nobile	nobilis	0.24136893310088015
6378	busto	bustum	0.2286286963790729
6379	rhoetion	rhoetion	0.12880528110062514
6380	et	et	0.15833624089312415
6381	multum	multum	0.2691342988961686
6382	debentis	debeo	0.28302857862688807
6383	uatibus	uates	0.1916907902109493
6384	umbras	umbra	0.24046026093160444
6385	circumit	circumeo	0.24206370387043494
6386	exustae	exuso	0.12862587973223114
6387	nomen	nomen	0.2624633616591976
6388	memorabile	memorabilis	0.2600438351863483
6389	troiae	troia	0.2897648786773846
6390	magna	magnus	0.2696310251598993
6391	que	que	0.2012336315258229
6392	phoebei	phoebs	0.15269547283915877
6393	quaerit	quaero	0.25000493386291
6394	uestigia	uestigium	0.2265215490267018
6395	muri	murus	0.21231571724943168
6396	iam	iam	0.2423169147710674
6397	siluae	silua	0.18684410921413172
6398	steriles	sterilis	0.2456528958359835
6399	et	et	0.15833624089312415
6400	putres	puter	0.23133564366610723
6401	robore	robur	0.21158453581953446
6402	trunci	truncus	0.20103783753720889
6403	assaraci	assarax	0.12278932464248417
6404	pressere	premo	0.200754181808204
6405	domos	domus	0.2842653365942992
6406	et	et	0.15833624089312415
6407	templa	templum	0.2583997263717023
6408	deorum	deus	0.2919972603260973
6409	iam	iam	0.2423169147710674
6410	lassa	lasso	0.2300965737085982
6411	radice	radix	0.2192982189956894
6412	tenent	teneo	0.23084623908251473
6413	ac	ac	0.15864200912649323
6414	tota	totus	0.25141502186772324
6415	teguntur	tego	0.2075854517113446
6416	pergama	pergama	0.2838023019538699
6417	dumetis	dumetum	0.20972729615578817
6418	etiam	etiam	0.29770997469861954
6419	periere	pereo	0.23631289753055756
6420	ruinae	ruina	0.24246876303844478
6421	aspicit	aspicio	0.2956313940461067
6422	hesiones	hesio	0.23705775251876487
6423	scopulos	scopulus	0.20635136277303434
6424	silua	silua	0.16914174011215125
6425	que	que	0.2012336315258229
6426	latentis	lateo	0.22182971005935836
6427	anchisae	anchises	0.2158793166605768
6428	thalamos	thalamus	0.25801465257218653
6429	quo	qui	0.3777541690643932
6430	iudex	iudex	0.2414379626579326
6431	sederit	sedio	0.15791361778533783
6432	antro	antrum	0.20826158911872933
6433	unde	unde	0.32699021154172
6434	puer	puer	0.250825851641007
6435	raptus	rapio	0.20374266885380232
6436	caelo	caelum	0.21867397114166637
6437	quo	quis	0.4632900480574442
6438	uertice	uertex	0.1584793239719
6439	nais	naio	0.29516247344374724
6440	luxerit		0.15041673091433974
6441	oenone	oeno	0.12035390089182639
6442	nullum	nullus	0.3129816038778681
6443	est	sum	0.4103991028490287
6444	sine	sine	0.2704718843185471
6445	nomine	nomen	0.2321432688623853
6446	saxum	saxum	0.2059059587903167
6447	inscius	inscius	0.21514006905155317
6448	in	in	0.1978304838181022
6449	sicco	siccus	0.1824140140647854
6450	serpentem	serpens	0.22109289762505546
6451	puluere	puluis	0.19226643206850375
6452	riuum	riuus	0.22669567007168712
6453	transierat	transeo	0.20771496536058037
6454	qui	qui	0.40178000734467567
6455	xanthus	xanthus	0.2380711378971536
6456	erat	sum	0.39446734537716976
6457	securus	securus	0.21626212070708947
6458	in	in	0.1978304838181022
6459	alto	altus	0.1654758100717318
6460	gramine	gramen	0.2066517273765699
6461	ponebat	pono	0.22559471933011574
6462	gressus	gressus	0.20759208977406618
6463	phryx	phryx	0.2444105697144961
6464	incola	incola	0.22490067382552975
6465	manes	maneo	0.3712518590122154
6466	hectoreos	hectoreus	0.2474476542095716
6467	calcare	calco	0.280340349659714
6468	uetat	ueto	0.26349671792838963
6469	discussa	discutio	0.2177496488142331
6470	iacebant	iaceo	0.23811629517986854
6471	saxa	saxum	0.19958248961201464
6472	nec	neque	0.2829151588008186
6473	ullius	ullus	0.32560743850048535
6474	faciem	facies	0.23138084636554107
6475	seruantia	seruo	0.23061830647253614
6476	sacri	sacer	0.24809616224429415
6477	herceas	herceus	0.2355010944616474
6478	monstrator	monstro	0.20193233144330203
6479	ait	aio	0.13675413376546974
6480	non	non	0.41864799612008574
6481	respicis	respicio	0.2930376212519942
6482	aras	ara	0.24020155192911818
6483	o	o	0.5610938669544605
6484	sacer	sacer	0.22451348322592163
6485	et	et	0.15833624089312415
6486	magnus	magnus	0.2540565670884155
6487	uatum	uates	0.20480805885952474
6488	labor	labor	0.2508998334541126
6489	omnia	omnis	0.2729305233174609
6490	fato	fatum	0.3353984078074239
6491	eripis	eripio	0.33550687491782816
6492	et	et	0.15833624089312415
6493	populis	populus	0.244274571074286
6494	donas	dono	0.31307439636290435
6495	mortalibus	mortalis	0.2819154890701833
6496	aeuum	aeuum	0.27382583245785785
6497	inuidia	inuidia	0.23506598711824095
6498	sacrae	sacer	0.24475382973718207
6499	caesar	caesar	0.27595797234656105
6500	ne	ne	0.4182298357594052
6501	tangere	tango	0.3014246606109038
6502	famae	fama	0.2856978441868532
6503	nam	nam	0.33628882326213133
6504	siquid	siquis	0.35190089553189247
6505	latiis	latium	0.30623644416200135
6506	fas	fas	0.25247870913162385
6507	est	sum	0.4103991028490287
6508	promittere	promitto	0.3043552611502428
6509	musis	musa	0.2513986984016369
6510	quantum	quantum	0.35466394972641835
6511	zmyrnaei	zmyrnaeus	0.12248181192232309
6512	durabunt	duro	0.27041792301365
6513	uatis	uates	0.23035583133658372
6514	honores	honor	0.24945287571660468
6515	uenturi	uenio	0.2862632437288859
6516	me	ego	0.8083840689476842
6517	te	tu	0.7807333600401292
6518	que	que	0.2012336315258229
6519	legent	lego	0.20010676275931383
6520	pharsalia	pharsalis	0.2410151104661991
6521	nostra	noster	0.5083500721343409
6522	uiuet	uiuo	0.2736963598623876
6523	et	et	0.15833624089312415
6524	a	ab	0.19208305618423893
6525	nullo	nullus	0.2889557655975856
6526	tenebris	tenebra	0.217157025711474
6527	damnabimur	damno	0.2996784288502412
6528	aeuo	aeuum	0.2435057396610456
6529	ut	ut	0.27774099822990284
6530	ducis	dux	0.23496770228391017
6531	inpleuit	impleo	0.17706899959696223
6532	uisus	uisus	0.18115834801210368
6533	ueneranda	uenero	0.26370975861112333
6534	uetustas	uetustas	0.24511201746571867
6535	erexit	erigo	0.19037536067750815
6536	subitas	subeo	0.17976313174276926
6537	congestu	congero	0.20066276002661632
6538	caespitis	caespes	0.2511255832826232
6539	aras	ara	0.24020155192911818
6540	uota	uotum	0.2692803291937341
6541	que	que	0.2012336315258229
6542	turicremos	turicremos	0.12877606643885284
6543	non	non	0.41864799612008574
6544	inrita	irritus	0.24698443269006498
6545	fudit	fundo	0.16440724819917824
6546	in	in	0.1978304838181022
6547	ignes	ignis	0.23184270626931133
6548	di	deus	0.2873313718863206
6549	cinerum	cinis	0.2762849602544635
6550	phrygias	phrygius	0.24612366624093251
6551	colitis	colo	0.32701397672587706
6552	quicumque	quicumque	0.3376913823831891
6553	ruinas	ruina	0.24876301755497449
6554	aeneae	aeneus	0.22783027475022333
6555	que	que	0.2012336315258229
6556	mei	meus	0.503257185509224
6557	quos	qui	0.40175079268290337
6558	nunc	nunc	0.38025600229896883
6559	lauinia	lauinium	0.14800036973760974
6560	sedes	sedes	0.26886391446904345
6561	seruat	seruo	0.2470185393461795
6562	et	et	0.15833624089312415
6563	alba	albus	0.2336925041606785
6564	lares	lar	0.2431053706679868
6565	et	et	0.15833624089312415
6566	quorum	qui	0.4001224266061504
6567	lucet	luceo	0.210506665247631
6568	in	in	0.1978304838181022
6569	aris	ara	0.20988145913230594
6570	ignis	ignis	0.23187192093108364
6571	adhuc	adhuc	0.2728667279190589
6572	phrygius	phrygius	0.2732318034179033
6573	nulli	nullus	0.28743383140080914
6574	que	que	0.2012336315258229
6575	aspecta	aspecto	0.19618825310945637
6576	uirorum	uir	0.1929334824928407
6577	pallas	palla	0.22069973360479422
6578	in	in	0.1978304838181022
6579	abstruso	abstrudo	0.21867389379602659
6580	pignus	pignus	0.29980118183151866
6581	memorabile	memorabilis	0.2600438351863483
6582	templo	templum	0.2344031027531921
6583	gentis	gens	0.3132591521981537
6584	iuleae	iuleus	0.14935314033204666
6585	uestris	uester	0.3650465878935125
6586	clarissimus	clarissimus	0.23347045445188797
6587	aris	ara	0.2610015087509865
6588	dat	do	0.2984506114907506
6589	pia	pius	0.27055000489870584
6590	tura	tus	0.2366850464715904
6591	nepos	nepos	0.25888995312906304
6592	et	et	0.15833624089312415
6593	uos	uos	0.5528208651868813
6594	in	in	0.1978304838181022
6595	sede	sedes	0.24486729085053327
6596	priore	prior	0.21121724043615603
6597	rite	rite	0.27332169530111344
6598	uocat	uoco	0.25985121877343176
6599	date	do	0.40560657422350477
6600	felices	felix	0.3003750341140752
6601	in	in	0.1978304838181022
6602	cetera	ceterus	0.2974614549322791
6603	cursus	cursus	0.2057967264350421
6604	restituam	restituo	0.33004731386242736
6605	populos	populus	0.22347461425241774
6606	grata	gratus	0.22596697947959452
6607	uice	uicis	0.198120636726835
6608	moenia	moenia	0.26926245337391
6609	reddent	reddo	0.28229149347983407
6610	ausonidae	ausonides	0.23112086932383863
6611	phrygibus	phrygis	0.23165760436937116
6612	romana	romanus	0.21658958059190397
6613	que	que	0.2012336315258229
6614	pergama	pergamum	0.22900409706347497
6615	surgent	surgo	0.24589387674668833
6616	sic	sic	0.21619464466528485
6617	fatus	for	0.1770702458392504
6618	repetit	repeto	0.23116714416893552
6619	classes	classis	0.2458831730238092
6620	et	et	0.15833624089312415
6621	tota	totus	0.2540886458187521
6622	secundis	secundus	0.28578753470873575
6623	uela	uelum	0.2515768701548564
6624	dedit	do	0.28479481937201434
6625	coris	cos	0.24540270084758709
6626	auidus	auidus	0.1991969341558023
6627	que	que	0.2012336315258229
6628	urguente	urguens	0.24215943271608187
6629	procella	procella	0.21308879504597894
6630	iliacas	iliacus	0.26680487677592724
6631	pensare	penso	0.2873451897730246
6632	moras	mora	0.2545510373207066
6633	asiam	asia	0.2703609244324765
6634	que	que	0.2012336315258229
6635	potentem	possum	0.3174505196682352
6636	praeuehitur	praeuehor	0.21030294168661642
6637	pelago	pelagus	0.217059705175672
6638	que	que	0.2012336315258229
6639	rhodon	rhodon	0.13509953561715488
6640	spumante	spumo	0.19261902505352355
6641	relinquit	relinquo	0.2418819983917166
6642	septima	septimus	0.26580473637094315
6643	nox	nox	0.22033439056895182
6644	zephyro	zephyrus	0.19211638415261176
6645	numquam	numquam	0.31306704929845697
6646	laxante	laxo	0.18732160780584445
6647	rudentes	rudens	0.23167160908253343
6648	ostendit	ostendo	0.2225308107364588
6649	phariis	pharius	0.2506192400596735
6650	aegyptia	aegyptius	0.24400474690003462
6651	litora	litus	0.22302933788088103
6652	flammis	flamma	0.19121418882798896
6653	sed	sed	0.22991636605070076
6654	prius	prior	0.26232200123163707
6655	orta	orior	0.20822373774302977
6656	dies	dies	0.23289740198284148
6657	nocturnam	nocturnus	0.267283941958688
6658	lampada	lampas	0.2223346888778724
6659	texit	tego	0.20239591433517923
6660	quam	qui	0.4236487199326892
6661	tutas	tutus	0.2667483857855052
6662	intraret	intro	0.2627195286013418
6663	aquas	aqua	0.21681318724656554
6664	ibi	ibi	0.24891041772732736
6665	plena	plenus	0.2171428135637976
6666	tumultu	tumultus	0.17479988087895457
6667	litora	litus	0.22302933788088103
6668	et	et	0.15833624089312415
6669	incerto	incertus	0.19331442387872355
6670	turbatas	turbo	0.169119634215661
6671	murmure	murmur	0.19759621238865488
6672	uoces	uox	0.19696498843218385
6673	accipit	accipio	0.2536784825953948
6674	ac	ac	0.15864200912649323
6675	dubiis	dubius	0.2057817657854331
6676	ueritus	uereor	0.23603299772823216
6677	se	sui	0.20014995987546627
6678	credere	credo	0.3208709998393362
6679	regnis	regnum	0.28839712138005474
6680	abstinuit	abstineo	0.20582801359321878
6681	tellure	tellus	0.22651523425795878
6682	rates	ratis	0.2321298019006926
6683	sed	sed	0.22991636605070076
6684	dira	dirus	0.2675412408273887
6685	satelles	satelles	0.22816395529703792
6686	regis	rex	0.2293445531763072
6687	dona	donum	0.2603627305992323
6688	ferens	fero	0.2525642476754648
6689	medium	medius	0.1975361293665415
6690	prouectus	proueho	0.21317966727269733
6691	in	in	0.1978304838181022
6692	aequor	aequor	0.22867752046942802
6693	colla	collum	0.20756838190679355
6694	gerit	gero	0.2427758719700934
6695	magni	magnus	0.2587224555281922
6696	phario	pharius	0.22535447563821304
6697	uelamine	uelamen	0.20896398289159265
6698	tecta	tectum	0.219810407339124
6699	ac	ac	0.15864200912649323
6700	prius	prior	0.26232200123163707
6701	infanda	infandus	0.2750944746185665
6702	commendat	commendo	0.2346636552240982
6703	crimina	crimen	0.271344776358148
6704	uoce	uox	0.17296836481367364
6705	terrarum	terra	0.26311358720276085
6706	domitor	domitor	0.2100098824530026
6707	romanae	romanus	0.24528130731196318
6708	maxime	magis	0.2893968784392875
6709	gentis	gens	0.3132591521981537
6710	et	et	0.15833624089312415
6711	quod	qui	0.42729856515996234
6712	adhuc	adhuc	0.2728667279190589
6713	nescis	nescio	0.34561882279656453
6714	genero	genero	0.22375247310849244
6715	secure	secur	0.1717661744074685
6716	perempto	perimo	0.22644978841433225
6717	rex	rex	0.22467866473653048
6718	tibi	tu	0.8015333168619974
6719	pellaeus	pellaeus	0.23996435060607876
6720	belli	bellum	0.29200702120598265
6721	pelagi	pelagus	0.24575143189573123
6722	que	que	0.2012336315258229
6723	labores	labor	0.2508706187923403
6724	donat	dono	0.24164582493433295
6725	et	et	0.15833624089312415
6726	emathiis	emathia	0.2303000483314253
6727	quod	qui	0.42100431064343263
6728	solum	solum	0.30495462304613563
6729	defuit	desum	0.2290653278008658
6730	armis	arma	0.2696618648289194
6731	exhibet	exhibeo	0.24065095980271994
6732	absenti	absum	0.2678755531776723
6733	bellum	bellum	0.29363538728273564
6734	ciuile	ciuilis	0.2656114316579526
6735	peractum	perago	0.21795451232639845
6736	est	sum	0.4103991028490287
6737	thessalicas	thessalicus	0.25469387355528694
6738	quaerens	quaero	0.24881940343979997
6739	magnus	magnus	0.2540565670884155
6740	reparare	reparo	0.27949309838078845
6741	ruinas	ruina	0.24876301755497449
6742	ense	ensis	0.1653615879598535
6743	iacet	iaceo	0.25538549825763457
6744	nostro	noster	0.48435344851583073
6745	tanto	tantus	0.31737125096908375
6746	te	tu	0.7807333600401292
6747	pignore	pignus	0.2694810890347064
6748	caesar	caesar	0.24411375917475533
6749	emimus	emo	0.3228611419906431
6750	hoc	hic	0.4324442720018331
6751	tecum	tecum	0.3299120337761309
6752	percussum	percituor	0.12804528361080056
6753	est	sum	0.4103991028490287
6754	sanguine	sanguis	0.2332791310679242
6755	foedus	foedus	0.2925181363863236
6756	accipe	accipio	0.3644478562871788
6757	regna	regnum	0.318717214176867
6758	phari	phor	0.1645118910756834
6759	nullo	nullus	0.2889557655975856
6760	quaesita	quaero	0.225481407418209
6761	cruore	cruor	0.19424804400529952
6762	accipe	accipio	0.3644478562871788
6763	niliaci	niliax	0.13347116954040184
6764	ius	ius	0.2871172323903613
6765	gurgitis	gurges	0.21979014517137857
6766	accipe	accipio	0.3644478562871788
6767	quidquid	quidquid	0.3257405127555517
6768	pro	pro	0.2911763213301979
6769	magni	magnus	0.2587224555281922
6770	ceruice	ceruix	0.1855546362921205
6771	dares	do	0.383541780068192
6772	dignum	dignus	0.29702302685500215
6773	que	que	0.2012336315258229
6774	clientem	cliens	0.23945719624825662
6775	castris	castra	0.23008357006448454
6776	crede	credo	0.3953901395997094
6777	tuis	tuus	0.5026851072665918
6778	cui	qui	0.42887421868307374
6779	tantum	tantum	0.31766075887298484
6780	fata	fatum	0.3082749818072536
6781	licere	licet	0.3641325739470969
6782	in	in	0.1978304838181022
6783	generum	gener	0.2673715837477303
6784	uoluere	uolo	0.23524315633922183
6785	tuum	tuus	0.48820861962302553
6786	nec	neque	0.2829151588008186
6787	uile	uilis	0.2783843144602058
6788	putaris	puto	0.3350497308624154
6789	hoc	hic	0.4324442720018331
6790	meritum	meritum	0.2781554114223574
6791	facili	facilis	0.23831152769207126
6792	nobis	nos	0.5997307209855689
6793	quod	quod	0.3777126237231303
6794	caede	caedes	0.23005257845444504
6795	peractum	perago	0.21795451232639845
6796	est	sum	0.4103991028490287
6797	hospes	hospes	0.24957592754461264
6798	auitus	auitus	0.25023548118098793
6799	erat	sum	0.39446734537716976
6800	depulso	depulsus	0.21845754016531171
6801	sceptra	sceptrum	0.27089352962862573
6802	parenti	parens	0.29997388817889215
6803	reddiderat	reddo	0.2553196014021502
6804	quid	quis	0.4783020786977808
6805	plura	plus	0.28702372037757834
6806	feram	ferus	0.3516313086652079
6807	tu	tu	0.7744391055235995
6808	nomina	nomen	0.2561398924808955
6809	tanto	tantus	0.341946182423814
6810	inuenies	inuenio	0.33018815230018395
6811	operi	opus	0.27939525850766417
6812	uel	uel	0.2357473342493982
6813	famam	fama	0.2648978873649849
6814	consule	consul	0.2183249521280679
6815	mundi	mundus	0.25188667932710695
6816	si	si	0.5027294574644618
6817	scelus	scelus	0.2830389600202345
6818	est	sum	0.4103991028490287
6819	plus	plus	0.2933471895558804
6820	te	tu	0.7807333600401292
6821	nobis	nos	0.5997307209855689
6822	debere	debeo	0.3177981210158221
6823	fateris	fateor	0.3421813043617413
6824	quod	quod	0.3777126237231303
6825	scelus	scelus	0.28933321453676425
6826	hoc	hic	0.4324442720018331
6827	non	non	0.41864799612008574
6828	ipse	ipse	0.2748933595453659
6829	facis	facio	0.3250689411063723
6830	sic	sic	0.21619464466528485
6831	fatus	fatus	0.20477301527640063
6832	opertum	opertus	0.25032821607833666
6833	detexit	detego	0.22159878665640764
6834	tenuit	teneo	0.22080385792280818
6835	que	que	0.2012336315258229
6836	caput	caput	0.2474480722258332
6837	iam	iam	0.2423169147710674
6838	languida	languidus	0.21884771160913247
6839	morte	mors	0.26456757830598177
6840	effigies	effigies	0.24204141750752203
6841	habitum	habitus	0.23500661972584122
6842	noti	notus	0.20991036590554063
6843	mutauerat	muto	0.23505017067067752
6844	oris	os	0.20175967187416047
6845	non	non	0.41864799612008574
6846	primo	primus	0.17886313505211374
6847	caesar	caesar	0.24411375917475533
6848	damnauit	damno	0.2233984121959387
6849	munera	munus	0.2713769624368165
6850	uisu	uideo	0.2328480755929787
6851	auertit	auerto	0.23248436443955334
6852	que	que	0.2012336315258229
6853	oculos	oculus	0.1953018476080902
6854	uoltus	uoltus	0.23593513042038433
6855	dum	dum	0.32876745542494623
6856	crederet	credo	0.2982833630567955
6857	haesit	haereo	0.16942426155662493
6858	ut	ut	0.27774099822990284
6859	que	que	0.2012336315258229
6860	fidem	fides	0.28964392868274424
6861	uidit	uideo	0.24042353528065852
6862	sceleris	scelus	0.2877048484600112
6863	tutum	tutus	0.2767217001910804
6864	que	que	0.2012336315258229
6865	putauit	puto	0.23630277016623774
6866	iam	iam	0.2423169147710674
6867	bonus	bonus	0.2574953326949698
6868	esse	sum	0.4721995529199149
6869	socer	socer	0.27421341671764804
6870	lacrimas	lacrima	0.21642052825279104
6871	non	non	0.41864799612008574
6872	sponte	spons	0.22990473603895253
6873	cadentis	cado	0.23479782958283602
6874	effudit	effundo	0.18427777014392077
6875	gemitus	gemitus	0.18009643878291773
6876	que	que	0.2012336315258229
6877	expressit	exprimo	0.2126352171848383
6878	pectore	pectus	0.17834214974671095
6879	laeto	laetus	0.18014451666763381
6880	non	non	0.41864799612008574
6881	aliter	aliter	0.2539536221581291
6882	manifesta	manifestus	0.2580125795348711
6883	potens	potens	0.23982711193495737
6884	abscondere	abscondo	0.26912406752949547
6885	mentis	mens	0.26220949698895035
6886	gaudia	gaudium	0.2524128627822476
6887	quam	qui	0.4236487199326892
6888	lacrimis	lacrima	0.18610043545597882
6889	meritum	meritum	0.28444966593888715
6890	que	que	0.2012336315258229
6891	inmane	inmaneo	0.2642936334963685
6892	tyranni	tyrannus	0.22601736722326063
6893	destruit	destruo	0.2476056905507623
6894	et	et	0.15833624089312415
6895	generi	genus	0.3269176869110109
6896	mauolt	malo	0.23964550858893
6897	lugere	lugeo	0.26483632440314747
6898	reuolsum	reuoldeo	0.12065668430667074
6899	quam	quam	0.3311780972189745
6900	debere	debeo	0.3177981210158221
6901	caput	caput	0.2474480722258332
6902	qui	qui	0.3954565381663737
6903	duro	durus	0.22396082582894417
6904	membra	membrum	0.2161167073166522
6905	senatus	senatus	0.22758737376563629
6906	calcarat	calco	0.2440901157283033
6907	uoltu	uoltus	0.2119385068018741
6908	qui	qui	0.40178000734467567
6909	sicco	siccus	0.20163831736354232
6910	lumine	lumen	0.1969634278589538
6911	campos	campus	0.20867139176361377
6912	uiderat	uideo	0.24465350838254932
6913	emathios	emathius	0.21824255847510823
6914	uni	unus	0.30898492576877856
6915	tibi	tu	0.8015333168619974
6916	magne	magnus	0.28590078026022125
6917	negare	nego	0.30128921815612025
6918	non	non	0.41864799612008574
6919	audet	audeo	0.25877793728600895
6920	gemitus	gemitus	0.18012565344469003
6921	o	o	0.5610938669544605
6922	sors	sors	0.27280003208613224
6923	durissima	durissimus	0.2573070232828978
6924	fati	fatum	0.3129700849088026
6925	huncine	hunco	0.1606494942724309
6926	tu	tu	0.7744391055235995
6927	caesar	caesar	0.27595797234656105
6928	scelerato	scelero	0.2185262811752623
6929	marte	martes	0.10477944282034261
6930	petisti	peto	0.3056875139924387
6931	qui	qui	0.40178000734467567
6932	tibi	tu	0.8015333168619974
6933	flendus	flendus	0.2530189218129079
6934	erat	sum	0.39446734537716976
6935	nunc	nunc	0.38025600229896883
6936	mixti	misceo	0.18429553095593337
6937	foedera	foedus	0.28619466720802156
6938	tangunt	tango	0.26156101572046336
6939	te	tu	0.7807333600401292
6940	generis	genus	0.30448936401238963
6941	nunc	nunc	0.38025600229896883
6942	gnata	nata	0.23241036845722418
6943	iubet	iubeo	0.2419209648505171
6944	maerere	maereo	0.24198048210150316
6945	nepos	nepos	0.25888995312906304
6946	que	que	0.2012336315258229
6947	credis	credo	0.3560493373364969
6948	apud	apud	0.21736553521756613
6949	populos	populus	0.22347461425241774
6950	pompei	pompeius	0.13347116954040184
6951	nomen	nomen	0.2624633616591976
6952	amantis	amo	0.23898862935569926
6953	hoc	hic	0.4324442720018331
6954	castris	castra	0.23008357006448454
6955	prodesse	prosum	0.3094947921705915
6956	tuis	tuus	0.5026851072665918
6957	fortasse	fortasse	0.29288365888614165
6958	tyranni	tyrannus	0.22601736722326063
6959	tangeris	tango	0.3502655952569345
6960	inuidia	inuidia	0.23506598711824095
6961	capti	capio	0.2433504402988631
6962	que	que	0.2012336315258229
6963	in	in	0.1978304838181022
6964	uiscera	uiscus	0.24602222747493663
6965	magni	magnus	0.2587224555281922
6966	hoc	hic	0.4324442720018331
6967	alii	alium	0.24144091454230726
6968	licuisse	licet	0.34023493773930846
6969	doles	doleo	0.3227563851305403
6970	quereris	queror	0.31492257513109656
6971	que	que	0.2012336315258229
6972	perisse	pereo	0.26593469833194583
6973	uindictam	uindicta	0.2566167486211326
6974	belli	bellum	0.29200702120598265
6975	raptum	rapio	0.20733938572039073
6976	que	que	0.2012336315258229
6977	e	ex	0.19918257400950565
6978	iure	ius	0.25679713959354905
6979	superbi	superbus	0.24430793701191117
6980	uictoris	uictor	0.2401113583360241
6981	generum	gener	0.2673715837477303
6982	quisquis	quisquis	0.32735041254482855
6983	te	tu	0.7807333600401292
6984	flere	flo	0.2870979684517927
6985	coegit	cogo	0.2152120036084708
6986	impetus	impetus	0.2436608347112651
6987	a	ab	0.19208305618423893
6988	uera	uerus	0.26130071889490014
6989	longe	longe	0.2539216207916641
6990	pietate	pietas	0.25664606433540205
6991	recessit	recedo	0.2087009682848533
6992	scilicet	scilicet	0.2654738514209799
6993	hoc	hic	0.3828998759062639
6994	animo	animus	0.21824817171972005
6995	terras	terra	0.2647419532795139
6996	atque	atque	0.17570308892570702
6997	aequora	aequor	0.22235405129112595
6998	lustras	lustro	0.24112634820888385
6999	necubi	necubi	0.2092652632031063
7000	suppressus	supprimo	0.22095679347733252
7001	pereat	pereo	0.2809004898759298
7002	gener	gener	0.2610773292312006
7003	o	o	0.5610938669544605
7004	bene	bene	0.28896541355112837
7005	rapta	raptum	0.21957904740784934
7006	arbitrio	arbitrium	0.21552177433472045
7007	mors	mors	0.28859341658626425
7008	ista	iste	0.4046641394085343
7009	tuo	tuus	0.5282328797436507
7010	quam	quam	0.2936790084233367
7011	magna	magnus	0.2732516557254001
7012	remisit	remitto	0.2275108346913714
7013	crimina	crimen	0.271344776358148
7014	romano	romanus	0.2010151225204202
7015	tristis	tristis	0.23846078102373913
7016	fortuna	fortuna	0.2987094485309642
7017	pudori	pudor	0.24810521230000077
7018	quod	quod	0.3777126237231303
7019	te	tu	0.7807333600401292
7020	non	non	0.41864799612008574
7021	passa	patior	0.24871939334522883
7022	est	sum	0.4103991028490287
7023	misereri	misereo	0.2602087555179472
7024	perfide	perfidus	0.2822036182113188
7025	magni	magnus	0.2587224555281922
7026	uiuentis	uiuo	0.2602343416535303
7027	nec	neque	0.2829151588008186
7028	non	non	0.41864799612008574
7029	his	hic	0.3765764067279619
7030	fallere	fallo	0.32047513552111495
7031	uocibus	uox	0.1666448956353716
7032	audet	audeo	0.25877793728600895
7033	adquirit	adquiro	0.22622062580172514
7034	que	que	0.2012336315258229
7035	fidem	fides	0.28964392868274424
7036	simulati	simulo	0.19736420811966088
7037	fronte	frons	0.1915991589378075
7038	doloris	dolor	0.23691392203193506
7039	aufer	aufero	0.335038605169871
7040	ab	ab	0.19208305618423893
7041	aspectu	aspectus	0.1875363760170925
7042	nostro	noster	0.4651291452170738
7043	funesta	funestus	0.2676530365423454
7044	satelles	satelles	0.22816395529703792
7045	regis	rex	0.2293445531763072
7046	dona	donum	0.2603627305992323
7047	tui	tu	0.6366512418839035
7048	peius	malus	0.26587446830433276
7049	de	de	0.21528495638144768
7050	caesare	caesar	0.22008792089447282
7051	uestrum	tu	0.7727815247850741
7052	quam	quam	0.3311780972189745
7053	de	de	0.21528495638144768
7054	pompeio	pompeius	0.12400374611909955
7055	meruit	mereo	0.2871250447307236
7056	scelus	scelus	0.28933321453676425
7057	unica	unicus	0.27898871425294836
7058	belli	bellum	0.29200702120598265
7059	praemia	praemium	0.28178437413897306
7060	ciuilis	ciuilis	0.26398306558119955
7061	uictis	uinco	0.29065681618553363
7062	donare	dono	0.27789605886574364
7063	salutem	salus	0.2714652148285008
7064	perdidimus	perdo	0.30672482674319484
7065	quod	quod	0.3777126237231303
7066	si	si	0.5027294574644618
7067	phario	pharius	0.2569427092379755
7068	germana	germanus	0.28917349249105057
7069	tyranno	tyrannus	0.24844569012188192
7070	non	non	0.41864799612008574
7071	inuisa	inuideo	0.2889631443297084
7072	foret	sum	0.46695662168441543
7073	potuissem	possum	0.4077806546252869
7074	reddere	reddo	0.3009956543504064
7075	regi	rex	0.2517728760749285
7076	quod	qui	0.42729856515996234
7077	meruit	mereo	0.2871250447307236
7078	fratri	frater	0.27169001610039656
7079	que	que	0.2012336315258229
7080	tuum	tuus	0.48820861962302553
7081	pro	pro	0.2911763213301979
7082	munere	munus	0.24738033881830634
7083	tali	talis	0.24092485417931875
7084	misissem	mitto	0.33023133170624414
7085	cleopatra	cleopatra	0.2329736722824542
7086	caput	caput	0.2474480722258332
7087	secreta	secerno	0.23620215439391612
7088	quid	quis	0.4783020786977808
7089	arma	arma	0.24886190800705116
7090	mouit	moueo	0.22047562343683486
7091	et	et	0.15833624089312415
7092	inseruit	insero	0.22181879911187008
7093	nostro	noster	0.5162491948357543
7094	sua	suus	0.226591481728214
7095	tela	telum	0.1953497244028474
7096	labori	labor	0.27799404479251055
7097	ergo	ergo	0.2082319215402339
7098	in	in	0.1978304838181022
7099	thessalicis	thessalicus	0.2243737807584747
7100	pellaeo	pellaeum	0.1050869555405037
7101	fecimus	facio	0.30746164587817204
7102	aruis	aruum	0.2099173732248799
7103	ius	ius	0.2871172323903613
7104	gladio	gladius	0.17994263268027638
7105	uestris	uester	0.34947212982202874
7106	quaesita	quaero	0.225481407418209
7107	licentia	licentia	0.2131109875016971
7108	regnis	regnum	0.33951717099873524
7109	non	non	0.41864799612008574
7110	tuleram	fero	0.3154144383598665
7111	magnum	magnus	0.2603508216049452
7112	mecum	mecus	0.3766248280298834
7113	romana	romanus	0.24423604943768734
7114	regentem	rego	0.26864056659569413
7115	te	tu	0.7807333600401292
7116	ptolemaee	ptolemaeus	0.12877606643885284
7117	feram	ferus	0.3516313086652079
7118	frustra	frustra	0.26239887367452513
7119	ciuilibus	ciuilis	0.22896786968283828
7120	armis	arma	0.2185418152102389
7121	miscuimus	misceo	0.2614243844407217
7122	gentes	gens	0.30226979458007497
7123	siqua	siquis	0.2723108535807196
7124	est	sum	0.4103991028490287
7125	hoc	hic	0.3828998759062639
7126	orbe	orbis	0.20040077114373672
7127	potestas	potestas	0.2791525626868987
7128	altera	alter	0.28137599609053815
7129	quam	qui	0.4236487199326892
7130	caesar	caesar	0.24411375917475533
7131	si	si	0.5027294574644618
7132	tellus	tellus	0.2505410725382413
7133	ulla	ullus	0.3365160081321924
7134	duorum	duo	0.21176267227010043
7135	est	sum	0.4103991028490287
7136	uertissem	uerto	0.3114864636198178
7137	latias	latia	0.2405521303519887
7138	a	ab	0.19208305618423893
7139	uestro	uester	0.3750199022990877
7140	litore	litus	0.19903271426237085
7141	proras	prora	0.21951371437027034
7142	famae	fama	0.26326952128823183
7143	cura	cura	0.255009776531662
7144	uetat	ueto	0.26349671792838963
7145	ne	ne	0.4182298357594052
7146	non	non	0.41864799612008574
7147	damnasse	damno	0.2494068020382972
7148	cruentam	cruentus	0.24891682845902086
7149	sed	sed	0.22991636605070076
7150	uidear	uideo	0.347635352161597
7151	timuisse	timeo	0.2733863335159168
7152	pharon	pharon	0.22780676362558316
7153	nec	neque	0.2829151588008186
7154	fallere	fallo	0.32047513552111495
7155	uosmet	uosmet	0.4273610835796572
7156	credite	credo	0.3917767286406797
7157	uictorem	uictor	0.24173972441277713
7158	nobis	nos	0.5997307209855689
7159	quoque	quoque	0.31480817453257254
7160	tale	talis	0.271244946976131
7161	paratum	paro	0.28944937996133435
7162	litoris	litus	0.22772444098243005
7163	hospitium	hospitium	0.27485802517608604
7164	ne	ne	0.4182298357594052
7165	sic	sic	0.21619464466528485
7166	mea	meus	0.522481488807981
7167	colla	collum	0.20127412739026382
7168	gerantur	gero	0.26162800649512874
7169	thessaliae	thessalius	0.14935314033204666
7170	fortuna	fortuna	0.2987094485309642
7171	facit	facio	0.2536403696778009
7172	maiore	maior	0.23705530132847136
7173	profecto	prŏfectus	0.3042817846913347
7174	quam	quam	0.3311780972189745
7175	metui	metuo	0.2953817894806605
7176	poterat	possum	0.30514181297765275
7177	discrimine	discrimen	0.23570037558724521
7178	gessimus	gero	0.29659714817046456
7179	arma	arma	0.24886190800705116
7180	exilium	exilium	0.2668141501171025
7181	generi	genus	0.3269176869110109
7182	que	que	0.2012336315258229
7183	minas	minae	0.24655193853919327
7184	romam	roma	0.28378511603082635
7185	que	que	0.2012336315258229
7186	timebam	timeo	0.31846842295169536
7187	poena	poena	0.29783862486555224
7188	fugae	fuga	0.25749347817767165
7189	ptolemaeus	ptolemaeus	0.12911279382078622
7190	erat	sum	0.39446734537716976
7191	sed	sed	0.22991636605070076
7192	parcimus	parco	0.3552556539852205
7193	annis	annus	0.29489431121924864
7194	donamus	dono	0.30912289325344033
7195	que	que	0.2012336315258229
7196	nefas	nefas	0.25702722172592724
7197	sciat	scio	0.3043486815801792
7198	hac	hic	0.3984743339777477
7199	pro	pro	0.2911763213301979
7200	caede	caedes	0.23005257845444504
7201	tyrannus	tyrannus	0.22135147878348393
7202	nil	nihil	0.5376309956045434
7203	uenia	uenia	0.23937640761067974
7204	plus	plus	0.2933471895558804
7205	posse	possum	0.3550478390277997
7206	dari	do	0.32620836880096427
7207	uos	uos	0.5528208651868813
7208	condite	condo	0.33792220145398155
7209	busto	bustum	0.2286286963790729
7210	tanti	tantus	0.34606297768914296
7211	colla	collum	0.20756838190679355
7212	ducis	dux	0.23496770228391017
7213	sed	sed	0.22991636605070076
7214	non	non	0.41864799612008574
7215	ut	ut	0.27774099822990284
7216	crimina	crimen	0.271344776358148
7217	solum	solum	0.28627941292182657
7218	uestra	uester	0.3990165259175979
7219	tegat	tego	0.24337009572152174
7220	tellus	tellus	0.2505410725382413
7221	iusto	iustus	0.29044966746310963
7222	date	do	0.40560657422350477
7223	tura	tus	0.2366850464715904
7224	sepulchro	sepulchrum	0.23116281010063106
7225	et	et	0.15833624089312415
7226	placate	placo	0.35394101079741624
7227	caput	caput	0.2474480722258332
7228	cineres	cinis	0.25868902303245955
7229	que	que	0.2012336315258229
7230	in	in	0.1978304838181022
7231	litore	litus	0.19903271426237085
7232	fusos	fundo	0.15835217990008577
7233	colligite	colligo	0.31793309262097835
7234	atque	atque	0.17570308892570702
7235	unam	unus	0.30375942701839403
7236	sparsis	spargo	0.17971544332537354
7237	date	do	0.40560657422350477
7238	manibus	manus	0.203517708708326
7239	urnam	urna	0.26298120901025157
7240	sentiat	sentio	0.2526915550117
7241	aduentum	aduentus	0.23760454970851497
7242	soceri	socer	0.27887930515742476
7243	uoces	uox	0.19696498843218385
7244	que	que	0.2012336315258229
7245	querentis	queror	0.24714462297051504
7246	audiat	audio	0.2725170570616447
7247	umbra	umbra	0.21646363731309426
7248	pias	pius	0.26690015967143266
7249	dum	dum	0.32876745542494623
7250	nobis	nos	0.5997307209855689
7251	omnia	omnis	0.2729305233174609
7252	praefert	praefero	0.25535046842930803
7253	dum	dum	0.32876745542494623
7254	uitam	uita	0.292838910929582
7255	phario	pharius	0.20613017233945607
7256	mauolt	malo	0.23964550858893
7257	debere	debeo	0.3177981210158221
7258	clienti	cliens	0.26025715307012487
7259	laeta	laeto	0.2476323505094856
7260	dies	dies	0.23289740198284148
7261	rapta	raptum	0.21957904740784934
7262	est	sum	0.4103991028490287
7263	populis	populus	0.244274571074286
7264	concordia	concordia	0.2425660371692539
7265	mundo	mundus	0.27431500222572824
7266	nostra	noster	0.5047294415688401
7267	perit	pereo	0.25358210060832354
7268	caruere	careo	0.2369044803748751
7269	deis	deus	0.3144255832247186
7270	mea	meus	0.522481488807981
7271	uota	uotum	0.2692803291937341
7272	secundis	secundus	0.23101763986278206
7273	ut	ut	0.27774099822990284
7274	te	tu	0.7807333600401292
7275	conplexus	complexus	0.23310716442525686
7276	positis	pono	0.21319919988927738
7277	felicibus	felix	0.2737047865445361
7278	armis	arma	0.2185418152102389
7279	adfectus	adfectus	0.20652645947633771
7280	a	ab	0.19208305618423893
7281	te	tu	0.7504132672433169
7282	ueteres	uetus	0.2267905913790223
7283	uitam	uita	0.292838910929582
7284	que	que	0.2012336315258229
7285	rogarem	rogo	0.3451558926815558
7286	magne	magnus	0.28590078026022125
7287	tuam	tuus	0.5037830776945094
7288	digna	dignus	0.309923860975457
7289	que	que	0.2012336315258229
7290	satis	satis	0.33952481816175184
7291	mercede	merces	0.25103473268700394
7292	laborum	labor	0.24924225271558725
7293	contentus	contentus	0.2301162737702439
7294	par	par	0.23837298115260933
7295	esse	sum	0.4721995529199149
7296	tibi	tu	0.8015333168619974
7297	tunc	tunc	0.2257129983250269
7298	pace	pax	0.2533402430966158
7299	fideli	fidelis	0.21635827805425129
7300	fecissem	facio	0.3426234192066988
7301	ut	ut	0.27774099822990284
7302	uictus	uinco	0.2698881303389166
7303	posses	possum	0.4038887736738304
7304	ignoscere	ignosco	0.28603966807682335
7305	diuis	diuus	0.3014707368723918
7306	fecisses	facio	0.3429615113571331
7307	ut	ut	0.27774099822990284
7308	roma	roma	0.2814190047999585
7309	mihi	ego	0.8291840257695525
7310	nec	neque	0.2829151588008186
7311	talia	talis	0.26492147779782893
7312	fatus	for	0.1770702458392504
7313	inuenit	inuenio	0.22394430473300814
7314	fletus	fletus	0.21617386066549277
7315	comitem	comes	0.22261776924152613
7316	nec	neque	0.2829151588008186
7317	turba	turba	0.2321590165624649
7318	querenti	queror	0.2626437235420409
7319	credidit	credo	0.2709649737891892
7320	abscondunt	abscondo	0.229260422639055
7321	gemitus	gemitus	0.18009643878291773
7322	et	et	0.15833624089312415
7323	pectora	pectus	0.20233877336522116
7324	laeta	laeto	0.2512529810749864
7325	fronte	frons	0.1915991589378075
7326	tegunt	tego	0.21243829549488577
7327	hilares	hilaris	0.21719746125110895
7328	que	que	0.2012336315258229
7329	nefas	nefas	0.25702722172592724
7330	spectare	specto	0.28388015581819587
7331	cruentum	cruentus	0.23334237038753708
7332	o	o	0.5610938669544605
7333	bona	bonus	0.2730697907664536
7334	libertas	libertas	0.2456351459528524
7335	cum	cum	0.28550000025989547
7336	caesar	caesar	0.24411375917475533
7337	lugeat	lugeo	0.255904479739343
7338	audent	audeo	0.2551645263269792
