type	feature	n	log_odds_weighted	log_odds_weighted_scaled
speech	ego	1481	13.796574080943	0.9999999999999999
speech	tu	1531	12.8211593681017	0.9435152596583698
speech	meus	518	8.21409117918952	0.6767271469090108
speech	noster	461	7.50864400609288	0.6358758045286712
speech	tuus	495	7.25857272433435	0.6213945677469502
speech	si	638	6.66338864262635	0.5869283885227111
speech	o	355	6.57622447566395	0.5818808479503284
speech	nos	308	6.0902759477732	0.5537403287886368
speech	sum	1851	5.51377962594889	0.5203563285091075
speech	quis	576	5.3012586241929	0.5080495697086759
speech	uos	238	5.16807662255842	0.5003372083084782
speech	hic	1681	4.66866851441697	0.47141726590705146
speech	iste	142	4.05266041187828	0.4357452002080596
speech	ne	217	3.74500134927484	0.4179291451125979
speech	uester	124	3.73256045000628	0.4172087120951852
speech	nunc	519	3.72860495874222	0.4169796557830006
speech	cur	114	3.60195050026589	0.40964529419714124
speech	qui	1994	3.53973587626155	0.40604254263303907
speech	equidem	68	3.20798599075204	0.38683142566435436
speech	non	966	3.20705043357212	0.38677724901140176
speech	licet	128	3.12898173005187	0.38225641250043296
speech	heu	122	2.83578579111606	0.3652778942743048
speech	possum	298	2.8152196750632	0.3640869426618385
speech	nascor	222	2.81323975101053	0.36397228835681433
speech	reor	48	2.61613189357642	0.3525580806358445
speech	certe	53	2.53085867179128	0.3476200417409857
speech	an	105	2.51725001497192	0.3468319857103351
speech	utinam	45	2.46208148700483	0.3436372625467139
speech	neque	1053	2.43892037232185	0.3422960386225022
speech	regnum	203	2.42402876402529	0.34143368887851455
speech	tantus	242	2.40548789291107	0.34036001603269117
speech	mecus	45	2.35714284579909	0.3375604299725531
speech	quod	189	2.34564695711645	0.33689472104004814
speech	patria	180	2.33306537930785	0.3361661415484218
speech	aut	374	2.32589202480535	0.3357507438092674
speech	satis	115	2.32186055171843	0.33551728750856674
speech	quicumque	90	2.27750284856513	0.33294860230033685
speech	deus	429	2.2213887034716	0.32969911992799505
speech	gens	210	2.19942177004595	0.32842704917253623
speech	mereo	82	2.1929694630726	0.32805340616798023
speech	da	39	2.19063686871839	0.3279183292774174
speech	maneo	144	2.15989831371445	0.3261383076363485
speech	pro	140	2.1268934906166	0.3242270499547076
speech	do	595	2.11248981191819	0.3233929554505617
speech	dignus	104	2.10970958805649	0.32323195703537244
speech	misereor	27	2.09364783317365	0.32230184593283906
speech	precor	129	2.09026479276583	0.32210593935434967
speech	nefas	77	2.0736621091559	0.3211445039153153
speech	fatum	243	2.06338243630475	0.32054922413928777
speech	salto	34	2.05143539147028	0.3198573894596989
speech	neue	60	2.02483672934455	0.3183171025398613
speech	numen	151	2.01538910761354	0.3177700055427619
speech	aspicio	79	2.01512170302462	0.31775452056127407
speech	tecum	38	1.98986110321622	0.3162917187373247
speech	nempe	29	1.9675100916388	0.3149974066168464
speech	quin	76	1.9235608526079	0.31245237492705225
speech	quisquis	46	1.92035385347801	0.3122666626236157
speech	fas	61	1.91656884541091	0.3120474787267085
speech	felix	82	1.90597479377792	0.3114339937671551
speech	imperium	74	1.8910037792525	0.31056704573265614
speech	fortuna	112	1.85806165283504	0.30865941871771063
speech	scilicet	33	1.83654501477971	0.30741342386282483
speech	poena	110	1.82798577002507	0.3069177713868867
speech	oro	101	1.81442825647091	0.30613267698272895
speech	uinco	170	1.80620231878266	0.3056563257976686
speech	pudeo	43	1.80415465362229	0.30553774871105366
speech	solus	166	1.80329865099791	0.3054881789379783
speech	diuus	153	1.77396351719187	0.30378942722334146
speech	genus	121	1.77048138416819	0.3035877823464617
speech	italia	41	1.76907839670751	0.30350653753707374
speech	spes	115	1.76359302282046	0.3031888881151327
speech	habeo	183	1.75893756535847	0.3029192978552667
speech	egomet	21	1.74529471799035	0.30212926190341605
speech	parco	50	1.74390704275915	0.3020489038012868
speech	ago	266	1.73343435874736	0.3014424470508419
speech	mecum	28	1.73068064903743	0.30128298402870995
speech	tuno	19	1.73000964893741	0.30124412746245166
speech	gloria	68	1.72886003761466	0.301177555268897
speech	cerno	135	1.72098891067174	0.3007217506191273
speech	carus	69	1.70143911103939	0.29958965230091805
speech	ciuis	26	1.70002570226417	0.29950780400950533
speech	ullus	138	1.69900916031741	0.29944893765537595
speech	nihil	102	1.68145761960529	0.29843255538569313
speech	crudelis	58	1.67581029421082	0.2981055276052713
speech	quantus	78	1.67495313638286	0.2980558909361636
speech	impius	55	1.67142539422396	0.29785160490560203
speech	quaenus	21	1.666181929791	0.29754796408176865
speech	credo	143	1.63484453015813	0.29573326428491153
speech	fallo	78	1.62117245242717	0.2949415356484689
speech	inquio	28	1.61020334863413	0.29430633200495876
speech	anima	116	1.60334842926159	0.29390937434610526
speech	melior	48	1.59148357285311	0.29322229906971176
speech	sin	18	1.59107541703485	0.2931986634046866
speech	tantum	113	1.56673536273071	0.2917891689310327
speech	quare	14	1.56226818784405	0.2915304818206049
speech	pignus	39	1.55232497351306	0.29095468583121376
speech	socer	42	1.54993474150114	0.29081627123404585
speech	quantum	74	1.54960839548369	0.2907973730466241
speech	annus	143	1.54683164755114	0.29063657591705516
speech	miser	166	1.54372783410219	0.2904568389350056
speech	potior	65	1.53880377057869	0.2901716941182534
speech	debeo	53	1.52871564660106	0.28958750663788335
speech	germanus	53	1.52871564660106	0.28958750663788335
speech	luo	25	1.52369816289452	0.28929695200445293
speech	culpa	35	1.51476540031127	0.2887796696952918
speech	gratia	26	1.51279619365653	0.2886656360180182
speech	iuro	37	1.51083013911822	0.2885517848748768
speech	inuideo	37	1.51083013911822	0.2885517848748768
speech	mors	157	1.50868140129264	0.2884273548283107
speech	parens	186	1.50387099078154	0.28814879147973804
speech	num	29	1.48906716882412	0.2872915253053404
speech	umquam	57	1.4758092060564	0.28652377741868795
speech	quaeso	24	1.47269254568589	0.28634329649150514
speech	quoque	195	1.46821485193682	0.28608400025020814
speech	adsum	131	1.45913794986696	0.28555837104883086
speech	i	17	1.45048134969619	0.2850570808730215
speech	inultus	17	1.45048134969619	0.2850570808730215
speech	immo	12	1.44636863689316	0.28481892010743065
speech	uita	105	1.43792279272163	0.2843298344818867
speech	pergama	29	1.43554902775543	0.2841923734655798
speech	aliquis	45	1.43545135343071	0.284186717298211
speech	memini	45	1.43545135343071	0.284186717298211
speech	carthago	54	1.43122075900799	0.28394173019240654
speech	sine	135	1.41181850363376	0.28281817593140607
speech	numquam	48	1.40808111811831	0.28260174978197694
speech	res	169	1.40527109982709	0.28243902601797666
speech	quo	65	1.39311604062712	0.2817351455518439
speech	ultor	27	1.39082970826494	0.28160274762087956
speech	procus	20	1.39081510278916	0.28160190184062206
speech	troia	86	1.38799341183551	0.281438502130998
speech	uerus	51	1.38523230176958	0.2812786105658253
speech	scio	48	1.37269020042021	0.28055231709420647
speech	nonne	14	1.36039311507258	0.2798402121160107
speech	domus	191	1.36021027559631	0.27982962416792523
speech	placeo	73	1.35770181031933	0.27968436286731035
speech	optimus	18	1.34940775366639	0.279204067019552
speech	thebae	62	1.34754611798892	0.2790962626093168
speech	iuuo	75	1.34421587351163	0.2789034133605845
speech	bellum	396	1.33937518626558	0.2786230967336477
speech	usque	37	1.33687721874618	0.2784784433417544
speech	quodsi	12	1.3345954096837	0.27834630734800064
speech	adnuo	19	1.33400801863635	0.2783122924512067
speech	quando	47	1.33322578078701	0.278266994280876
speech	uoluntas	15	1.33122440329	0.2781510976404461
speech	conubium	30	1.33088751514042	0.278131588974642
speech	externus	31	1.33036752304426	0.27810147704569055
speech	fides	107	1.32757678875725	0.2779398699882113
speech	funus	97	1.32383084940002	0.27772294849918405
speech	fateor	52	1.32348439561654	0.27770288590248277
speech	libet	20	1.32152988355485	0.2775897031661084
speech	supersum	51	1.31831929661308	0.27740378309809777
speech	ualeo	65	1.3084801609916	0.2768340141439813
speech	seruio	16	1.30820323660437	0.2768179778858636
speech	foedus	106	1.30078837659967	0.2763885949408237
speech	coniunx	154	1.29697448458058	0.2761677384194352
speech	inhumatus	13	1.29687770915421	0.2761621343058638
speech	pario	36	1.29228182310823	0.27589599373352125
speech	tarpeius	24	1.29191819811381	0.2758749367788525
speech	superi	29	1.28192109378108	0.27529602010375176
speech	mycenae	18	1.27535413121656	0.2749157375732478
speech	nescio	42	1.27460290442982	0.2748722352050468
speech	latium	42	1.27460290442982	0.2748722352050468
speech	obtestor	11	1.26841976153628	0.27451417907134396
speech	nimium	40	1.26591071220014	0.2743688839487767
speech	dubito	39	1.26176965199549	0.2741290816294971
speech	pater	295	1.25474814245866	0.2737224769947989
speech	forsitan	20	1.25461360244005	0.2737146859927598
speech	persoluo	9	1.25257814484861	0.2735968158273673
speech	indecoris	9	1.25257814484861	0.2735968158273673
speech	mene	9	1.25257814484861	0.2735968158273673
speech	thybris	21	1.24744799443596	0.2732997368412118
speech	sententia	34	1.24380923594958	0.2730890220287703
speech	semper	75	1.24337271828175	0.27306374397339817
speech	prosum	22	1.24194123382295	0.27298084894742214
speech	pietas	48	1.23509383664603	0.2725843268871513
speech	egeo	24	1.23489608276683	0.27257287526932034
speech	absisto	24	1.23489608276683	0.27257287526932034
speech	pergo	27	1.23160557207441	0.2723823269419209
speech	assum	12	1.2304236251426	0.2723138822438228
speech	inclutus	16	1.22826119548168	0.272188659324488
speech	huc	98	1.22506244952865	0.2720034249496143
speech	aeternus	49	1.20793294841633	0.2710114823330296
speech	hostia	13	1.2020324580875	0.2706697941672427
speech	ei	10	1.19875925905788	0.27048024833115825
speech	hodie	10	1.19875925905788	0.27048024833115825
speech	praedo	10	1.19875925905788	0.27048024833115825
speech	excindo	10	1.19875925905788	0.27048024833115825
speech	iuppiter	219	1.19445712131058	0.2702311182633307
speech	scelus	60	1.19078983141665	0.2700187512417049
speech	proprius	20	1.18991029080197	0.2699678184204279
speech	paro	137	1.18418121584179	0.269636056650523
speech	decet	28	1.18261996453892	0.2695456470295795
speech	potestas	28	1.18261996453892	0.2695456470295795
speech	argos	28	1.18261996453892	0.2695456470295795
speech	uerum	54	1.17800103550258	0.2692781720737076
speech	genitor	94	1.17510690471897	0.26911057748683614
speech	argolicus	35	1.16350241626007	0.2684385797111526
speech	incolumis	11	1.16061150415092	0.2682711715126847
speech	salueo	11	1.16061150415092	0.2682711715126847
speech	tot	91	1.15275331509988	0.2678161160759972
speech	praemium	45	1.14846883962478	0.2675680088027266
speech	officium	17	1.14246555927165	0.2672203682274098
speech	fiducia	29	1.13768692034943	0.26694364472185417
speech	prohibeo	37	1.13425258069837	0.2667447674844276
speech	exspecto	25	1.12669606816064	0.26630718166276346
speech	uenio	266	1.1265225699261	0.26629713465137567
speech	uoluptas	21	1.12526768208591	0.2662244660593626
speech	roma	55	1.12522932195834	0.26622224468437544
speech	enumero	9	1.12501989674528	0.26621011719785614
speech	recuso	22	1.12436396357093	0.2661721331336967
speech	fortiter	22	1.12436396357093	0.2661721331336967
speech	pax	75	1.12091975512126	0.2659726844095788
speech	libya	40	1.11517416028306	0.26563996599937706
speech	ius	61	1.11425583034231	0.26558678694889903
speech	disco	33	1.11169629108688	0.2654385680340786
speech	senectus	32	1.10637424871435	0.26513037688467117
speech	agedum	7	1.10466195385687	0.26503122056773254
speech	prŏfectus	7	1.10466195385687	0.26503122056773254
speech	hippodamus	7	1.10466195385687	0.26503122056773254
speech	nullane	7	1.10466195385687	0.26503122056773254
speech	casus	84	1.09889390834546	0.2646972020741611
speech	mortalis	59	1.09857840240987	0.26467893161892453
speech	creon	14	1.09752447674261	0.26461790043201416
speech	gigno	30	1.09624997899873	0.2645440962611509
speech	gener	30	1.09624997899873	0.2645440962611509
speech	mactus	10	1.08691723624845	0.2640036517261395
speech	degener	16	1.07855685296101	0.263519515006721
speech	uirtus	115	1.07798115720879	0.263486177366175
speech	adeo	92	1.07565556530673	0.26335150597666335
speech	experior	25	1.07542966834156	0.26333842463674345
speech	triumphus	23	1.06988957764716	0.26301760665007323
speech	supplicium	18	1.06941916299756	0.26299036567350625
speech	promitto	38	1.06443579982319	0.2627017869067247
speech	iungo	85	1.06263050639288	0.26259724518789573
speech	metuo	49	1.04782353802784	0.26173979680995424
speech	quonam	8	1.04642298836349	0.26165869316953866
speech	heia	8	1.04642298836349	0.26165869316953866
speech	reseruo	8	1.04642298836349	0.26165869316953866
speech	finis	83	1.04638574234339	0.2616565363107724
speech	merces	12	1.04129369114211	0.2613616635903551
speech	pio	12	1.04129369114211	0.2613616635903551
speech	firmus	12	1.04129369114211	0.2613616635903551
speech	unicus	12	1.04129369114211	0.2613616635903551
speech	quoniam	27	1.03526865236449	0.26101276301870924
speech	uiolo	27	1.03526865236449	0.26101276301870924
speech	improbus	42	1.02352051489839	0.2603324467537049
speech	solaris	6	1.02271447423732	0.2602857701997777
speech	quandoquidem	6	1.02271447423732	0.2602857701997777
speech	deprecor	6	1.02271447423732	0.2602857701997777
speech	dignor	6	1.02271447423732	0.2602857701997777
speech	concedo	32	1.0221253346186	0.26025165404595074
speech	meritum	32	1.0221253346186	0.26025165404595074
speech	nepos	53	1.02070395295212	0.26016934405687586
speech	posco	95	1.01734468583388	0.2599748141524014
speech	periculum	23	1.01676435331593	0.2599412080040046
speech	digno	23	1.01676435331593	0.2599412080040046
speech	sepulcrum	31	1.01524512516231	0.2598532318779044
speech	cinis	45	1.01477336849539	0.25982591318721354
speech	nisi	62	1.01447690076463	0.2598087452046404
speech	capio	123	1.01446001947601	0.259807767635621
speech	testis	21	1.01010097161453	0.2595553419920963
speech	dos	9	1.00867286117562	0.2594726423503347
speech	miseret	9	1.00867286117562	0.2594726423503347
speech	absumo	16	1.00824793210155	0.25944803537230116
speech	sons	16	1.00824793210155	0.25944803537230116
speech	rego	47	0.999656047493272	0.2589504927734919
speech	thalamus	71	0.991482445499994	0.2584771722666674
speech	militia	10	0.983410653451288	0.2580097474144887
speech	quidquid	10	0.983410653451288	0.2580097474144887
speech	aliqui	10	0.983410653451288	0.2580097474144887
speech	seruus	10	0.983410653451288	0.2580097474144887
speech	enim	128	0.967784724170998	0.25710487429090945
speech	coram	11	0.966328634695037	0.2570205544268751
speech	sanguis	241	0.965962920591468	0.2569993764951632
speech	sors	65	0.963220821539043	0.25684058582804675
speech	tango	65	0.963220821539043	0.25684058582804675
speech	bonus	62	0.961916899605219	0.2567650777483672
speech	dego	7	0.961915809383477	0.2567650146153314
speech	gnatus	7	0.961915809383477	0.2567650146153314
speech	reus	7	0.961915809383477	0.2567650146153314
speech	mitesco	7	0.961915809383477	0.2567650146153314
speech	admetus	7	0.961915809383477	0.2567650146153314
speech	nego	70	0.958543007235917	0.25656970091847964
speech	senecta	21	0.954901252841736	0.2563588126177034
speech	seruitium	12	0.954891709862799	0.25635825999871964
speech	fallax	20	0.950569707045108	0.25610797957573733
speech	communis	28	0.950560185802638	0.2561074282154784
speech	reddo	101	0.948404111190042	0.2559825733070519
speech	nolo	13	0.947506617386608	0.2559306008446953
speech	occumbo	19	0.946830011480253	0.2558914196549604
speech	quisquam	48	0.946392476718904	0.2558660827012935
speech	spero	48	0.946392476718904	0.2558660827012935
speech	spondeo	14	0.943120110755006	0.255676585106742
speech	turpis	27	0.94308632906528	0.25567462886192904
speech	coniugium	17	0.941682124718789	0.2555933135845871
speech	patiens	15	0.941007467155879	0.2555542452203736
speech	io	16	0.940653531058302	0.2555337493345663
speech	sollemnis	16	0.940653531058302	0.2555337493345663
speech	serus	40	0.937515422617268	0.2553520263831671
speech	siquis	26	0.935705271735108	0.2552472033768992
speech	humanus	26	0.935705271735108	0.2552472033768992
speech	uides	5	0.933602874442842	0.2551254568381345
speech	lin	5	0.933602874442842	0.2551254568381345
speech	pulchrus	5	0.933602874442842	0.2551254568381345
speech	necesse	5	0.933602874442842	0.2551254568381345
speech	menus	5	0.933602874442842	0.2551254568381345
speech	effugium	5	0.933602874442842	0.2551254568381345
speech	aesonis	5	0.933602874442842	0.2551254568381345
speech	nisa	5	0.933602874442842	0.2551254568381345
speech	meatus	5	0.933602874442842	0.2551254568381345
speech	hadriacus	5	0.933602874442842	0.2551254568381345
speech	hosno	5	0.933602874442842	0.2551254568381345
speech	thebe	5	0.933602874442842	0.2551254568381345
speech	tam	61	0.926659914076834	0.25472340086305717
speech	eripio	69	0.925363705426743	0.25464833944757403
speech	effetus	8	0.925007156292096	0.25462769224487714
speech	troiani	8	0.925007156292096	0.25462769224487714
speech	pango	8	0.925007156292096	0.25462769224487714
speech	faciendus	8	0.925007156292096	0.25462769224487714
speech	praesto	24	0.921317259118195	0.254414016071029
speech	ausonia	38	0.919069427873186	0.2542838476795391
speech	partus	23	0.914370654190594	0.2540117490450904
speech	dimitto	37	0.909723304803238	0.2537426283111443
speech	indignus	22	0.907640077625334	0.2536219918837177
speech	infandus	28	0.906797237348333	0.2535731843215914
speech	ueto	53	0.905277320700008	0.2534851683258398
speech	omen	50	0.905256253747817	0.25348394837158994
speech	fingo	40	0.903295209081103	0.2533703873422765
speech	calchas	9	0.901774407208205	0.2532823200845544
speech	exoro	9	0.901774407208205	0.2532823200845544
speech	dica	9	0.901774407208205	0.2532823200845544
speech	opto	61	0.900664929741624	0.2532180719798358
speech	nefandus	27	0.898349695544584	0.253084000388821
speech	laus	78	0.892194262923499	0.2527275489136535
speech	hora	26	0.889927602996788	0.25259629018265684
speech	excidium	10	0.887103606430249	0.2524327569585967
speech	impunis	10	0.887103606430249	0.2524327569585967
speech	extinguo	10	0.887103606430249	0.2524327569585967
speech	iterum	82	0.884956629408834	0.25230842887744565
speech	paulus	34	0.881173725868792	0.25208936685040867
speech	eo	274	0.878500554318631	0.2519345676671365
speech	etiam	106	0.877689496583574	0.2518876005823021
speech	libens	12	0.873150787736973	0.2516247710521428
speech	crastinus	12	0.873150787736973	0.2516247710521428
speech	pala	12	0.873150787736973	0.2516247710521428
speech	patruus	12	0.873150787736973	0.2516247710521428
speech	hesperia	12	0.873150787736973	0.2516247710521428
speech	paelex	15	0.872688890575066	0.25159802330996567
speech	stirpes	33	0.871481848778732	0.25152812540751474
speech	forsan	14	0.871054930400244	0.2515034032319739
speech	elysius	13	0.871037006579303	0.25150236529153847
speech	inuisus	13	0.871037006579303	0.25150236529153847
speech	tumulo	6	0.870019323494104	0.25144343285586696
speech	posthac	6	0.870019323494104	0.25144343285586696
speech	cacus	6	0.870019323494104	0.25144343285586696
speech	pandus	6	0.870019323494104	0.25144343285586696
speech	adrastius	6	0.870019323494104	0.25144343285586696
speech	aetas	46	0.86581557284704	0.2512000002311235
speech	tartara	23	0.864977754770783	0.2511514834967869
speech	exul	23	0.864977754770783	0.2511514834967869
speech	sisto	39	0.859394518935626	0.2508281670425002
speech	manis	21	0.848842245030037	0.2502171013657946
speech	iussus	73	0.845494568321743	0.25002324264383124
speech	magnus	373	0.843151280913914	0.24988754653525863
speech	teucri	20	0.841024623923541	0.24976439515532195
speech	lex	49	0.836671521153082	0.24951231378271937
speech	traha	4	0.835036721537564	0.24941764509402986
speech	tityon	4	0.835036721537564	0.24941764509402986
speech	pauefacio	4	0.835036721537564	0.24941764509402986
speech	acin	4	0.835036721537564	0.24941764509402986
speech	aegates	4	0.835036721537564	0.24941764509402986
speech	eheu	4	0.835036721537564	0.24941764509402986
speech	indebitus	4	0.835036721537564	0.24941764509402986
speech	conqueror	4	0.835036721537564	0.24941764509402986
speech	certior	4	0.835036721537564	0.24941764509402986
speech	statua	4	0.835036721537564	0.24941764509402986
speech	cras	4	0.835036721537564	0.24941764509402986
speech	tali	4	0.835036721537564	0.24941764509402986
speech	uotiuus	4	0.835036721537564	0.24941764509402986
speech	saeue	4	0.835036721537564	0.24941764509402986
speech	recidiuus	4	0.835036721537564	0.24941764509402986
speech	uosmet	4	0.835036721537564	0.24941764509402986
speech	turno	4	0.835036721537564	0.24941764509402986
speech	uosno	4	0.835036721537564	0.24941764509402986
speech	tholus	4	0.835036721537564	0.24941764509402986
speech	so	4	0.835036721537564	0.24941764509402986
speech	absoluo	4	0.835036721537564	0.24941764509402986
speech	aufidus	7	0.834751751947801	0.24940114295081722
speech	quoue	7	0.834751751947801	0.24940114295081722
speech	quinus	7	0.834751751947801	0.24940114295081722
speech	discus	7	0.834751751947801	0.24940114295081722
speech	demoror	7	0.834751751947801	0.24940114295081722
speech	sedes	96	0.82828701105465	0.24902677991741384
speech	inclitus	18	0.826148824046425	0.24890296085217786
speech	causa	80	0.82348125955963	0.24874848636517505
speech	occido	28	0.821652842416085	0.2486426055882812
speech	timeo	68	0.820212611241059	0.24855920405364954
speech	uictoria	23	0.816711572276771	0.2483564643633206
speech	sortitus	8	0.814421387756835	0.24822384335992587
speech	iustitia	8	0.814421387756835	0.24822384335992587
speech	monumentum	8	0.814421387756835	0.24822384335992587
speech	uel	74	0.809871897923047	0.24796038951966148
speech	uanus	57	0.808811771850541	0.24789899927698156
speech	insanus	22	0.807258100460975	0.24780902859696155
speech	totiens	22	0.807258100460975	0.24780902859696155
speech	ango	15	0.807012406602283	0.24779480084990274
speech	ob	15	0.807012406602283	0.24779480084990274
speech	titulus	15	0.807012406602283	0.24779480084990274
speech	homo	71	0.803186108369764	0.24757322590409953
speech	propago	9	0.802925476099498	0.24755813309699215
speech	doricus	9	0.802925476099498	0.24755813309699215
speech	thessalus	14	0.802023924400764	0.24750592564826582
speech	uilis	14	0.802023924400764	0.24750592564826582
speech	cadauer	14	0.802023924400764	0.24750592564826582
speech	rogo	56	0.798422365025382	0.2472973649781578
speech	succurro	13	0.79809991550701	0.24727869243090303
speech	dardanus	21	0.797831409394835	0.24726314366192642
speech	uiso	10	0.797065967659775	0.2472188181283023
speech	aeetes	10	0.797065967659775	0.2472188181283023
speech	quiduis	11	0.795000421965558	0.2470992056079398
speech	iniuria	11	0.795000421965558	0.2470992056079398
speech	propter	11	0.795000421965558	0.2470992056079398
speech	bello	29	0.79114626909802	0.246876017643791
speech	copia	25	0.79064228984205	0.2468468329933687
speech	munus	98	0.789025123127838	0.24675318539841362
speech	desino	20	0.788455501540444	0.24672019950325194
speech	permitto	20	0.788455501540444	0.24672019950325194
speech	crimen	55	0.787913503441104	0.24668881324107667
speech	certus	67	0.78654274594456	0.24660943481849976
speech	perimo	24	0.78012413054444	0.24623774284025138
speech	uoco	152	0.779371687076135	0.246194170015924
speech	progenies	19	0.779160933513305	0.24618196560674727
speech	parca	19	0.779160933513305	0.24618196560674727
speech	sceptrum	43	0.77232866773378	0.24578631978203203
speech	genetrix	43	0.77232866773378	0.24578631978203203
speech	semel	18	0.769986870593457	0.24565070997251973
speech	indulgeo	23	0.769519904742417	0.24562366871048302
speech	clymene	5	0.768550329777805	0.2455675221408272
speech	eloquium	5	0.768550329777805	0.2455675221408272
speech	haruspex	5	0.768550329777805	0.2455675221408272
speech	petio	5	0.768550329777805	0.2455675221408272
speech	auguro	5	0.768550329777805	0.2455675221408272
speech	ideo	5	0.768550329777805	0.2455675221408272
speech	caper	5	0.768550329777805	0.2455675221408272
speech	inlicitus	5	0.768550329777805	0.2455675221408272
speech	aonis	5	0.768550329777805	0.2455675221408272
speech	offendo	5	0.768550329777805	0.2455675221408272
speech	carissimus	5	0.768550329777805	0.2455675221408272
speech	patior	83	0.767720554582886	0.24551947115716877
speech	urbs	238	0.763311888213062	0.24526417218343582
speech	ferus	76	0.763143536576136	0.2452544232034659
speech	decus	95	0.76159904542758	0.24516498413684368
speech	potentia	17	0.760983930955558	0.24512936381989014
speech	satio	17	0.760983930955558	0.24512936381989014
speech	nullus	197	0.760139060480692	0.24508043869218102
speech	supero	62	0.759171837602171	0.24502442832815174
speech	colo	47	0.756839477136898	0.24488936498173136
speech	uiuus	29	0.751167873940115	0.24456093131175127
speech	pius	68	0.749843603499479	0.24448424488187004
speech	iliacus	25	0.74655279123422	0.24429367909085922
speech	labor	223	0.744746933722791	0.2441891047069749
speech	tutus	51	0.744601745947743	0.244180697110015
speech	audeo	111	0.742303461303277	0.2440476070410784
speech	puer	97	0.74219180295475	0.24404114108076377
speech	cognosco	43	0.741476542194115	0.24399972144887885
speech	quam	80	0.738470876188145	0.24382566803173658
speech	elementum	6	0.736285610572953	0.24369912271800837
speech	arion	6	0.736285610572953	0.24369912271800837
speech	porro	6	0.736285610572953	0.24369912271800837
speech	fortissimus	6	0.736285610572953	0.24369912271800837
speech	fabrico	6	0.736285610572953	0.24369912271800837
speech	fidissimus	6	0.736285610572953	0.24369912271800837
speech	nubo	6	0.736285610572953	0.24369912271800837
speech	nimirum	6	0.736285610572953	0.24369912271800837
speech	utor	31	0.735991892373567	0.24368211395649647
speech	oppidum	14	0.735777182384887	0.24366968043688714
speech	requies	24	0.73503214267067	0.24362653635237852
speech	praesens	24	0.73503214267067	0.24362653635237852
speech	moneo	55	0.734881003329245	0.24361778410951873
speech	mater	186	0.732499251072908	0.2434798605617332
speech	inmitis	13	0.728378303759768	0.24324122294854178
speech	consulto	19	0.726372832970857	0.24312508927198034
speech	perficio	3	0.723160350970954	0.24293905946411729
speech	dictys	3	0.723160350970954	0.24293905946411729
speech	luio	3	0.723160350970954	0.24293905946411729
speech	agendus	3	0.723160350970954	0.24293905946411729
speech	auxilior	3	0.723160350970954	0.24293905946411729
speech	fidis	3	0.723160350970954	0.24293905946411729
speech	discessus	3	0.723160350970954	0.24293905946411729
speech	nostri	3	0.723160350970954	0.24293905946411729
speech	sparte	3	0.723160350970954	0.24293905946411729
speech	triginta	3	0.723160350970954	0.24293905946411729
speech	famulo	3	0.723160350970954	0.24293905946411729
speech	magus	3	0.723160350970954	0.24293905946411729
speech	inausus	3	0.723160350970954	0.24293905946411729
speech	impo	3	0.723160350970954	0.24293905946411729
speech	reluctor	3	0.723160350970954	0.24293905946411729
speech	remollesco	3	0.723160350970954	0.24293905946411729
speech	uidesne	3	0.723160350970954	0.24293905946411729
speech	incerno	3	0.723160350970954	0.24293905946411729
speech	gryneus	3	0.723160350970954	0.24293905946411729
speech	primitiae	3	0.723160350970954	0.24293905946411729
speech	oenotris	3	0.723160350970954	0.24293905946411729
speech	semihomo	3	0.723160350970954	0.24293905946411729
speech	intempto	3	0.723160350970954	0.24293905946411729
speech	conpreco	3	0.723160350970954	0.24293905946411729
speech	uberrimus	3	0.723160350970954	0.24293905946411729
speech	sicine	3	0.723160350970954	0.24293905946411729
speech	exequor	3	0.723160350970954	0.24293905946411729
speech	paruulus	3	0.723160350970954	0.24293905946411729
speech	lacones	3	0.723160350970954	0.24293905946411729
speech	crucio	3	0.723160350970954	0.24293905946411729
speech	deo	3	0.723160350970954	0.24293905946411729
speech	cyprus	3	0.723160350970954	0.24293905946411729
speech	ensifer	3	0.723160350970954	0.24293905946411729
speech	tune	3	0.723160350970954	0.24293905946411729
speech	proditio	3	0.723160350970954	0.24293905946411729
speech	peccatum	3	0.723160350970954	0.24293905946411729
speech	delendus	3	0.723160350970954	0.24293905946411729
speech	epaphus	3	0.723160350970954	0.24293905946411729
speech	defodio	3	0.723160350970954	0.24293905946411729
speech	salictum	3	0.723160350970954	0.24293905946411729
speech	lethe	3	0.723160350970954	0.24293905946411729
speech	ubinam	3	0.723160350970954	0.24293905946411729
speech	danaae	3	0.723160350970954	0.24293905946411729
speech	quinquennium	3	0.723160350970954	0.24293905946411729
speech	desertus	3	0.723160350970954	0.24293905946411729
speech	interitus	3	0.723160350970954	0.24293905946411729
speech	exhorresco	3	0.723160350970954	0.24293905946411729
speech	semides	3	0.723160350970954	0.24293905946411729
speech	adorior	3	0.723160350970954	0.24293905946411729
speech	semeleius	3	0.723160350970954	0.24293905946411729
speech	phrixo	3	0.723160350970954	0.24293905946411729
speech	adultero	3	0.723160350970954	0.24293905946411729
speech	hisne	3	0.723160350970954	0.24293905946411729
speech	tantalum	3	0.723160350970954	0.24293905946411729
speech	romula	3	0.723160350970954	0.24293905946411729
speech	strymon	3	0.723160350970954	0.24293905946411729
speech	moderatior	3	0.723160350970954	0.24293905946411729
speech	graiugenum	3	0.723160350970954	0.24293905946411729
speech	trebia	12	0.721802011685582	0.24286040016072563
speech	rependo	12	0.721802011685582	0.24286040016072563
speech	auitus	12	0.721802011685582	0.24286040016072563
speech	karthago	7	0.720165729559392	0.24276564562216196
speech	status	7	0.720165729559392	0.24276564562216196
speech	sidonii	7	0.720165729559392	0.24276564562216196
speech	lito	7	0.720165729559392	0.24276564562216196
speech	seu	65	0.718451880129209	0.24266639928234968
speech	uotum	82	0.716613108825719	0.2425599189122487
speech	regia	11	0.7163642165056	0.2425455059472915
speech	moenia	144	0.715995726589207	0.24252416727260065
speech	reposco	18	0.715461351334824	0.24249322243745366
speech	perfidus	18	0.715461351334824	0.24249322243745366
speech	pigeo	18	0.715461351334824	0.24249322243745366
speech	cautum	10	0.712528663934748	0.24232339509723042
speech	alpis	10	0.712528663934748	0.24232339509723042
speech	rapina	10	0.712528663934748	0.24232339509723042
speech	pelias	10	0.712528663934748	0.24232339509723042
speech	recido	9	0.71100166465457	0.24223496895734634
speech	solamen	9	0.71100166465457	0.24223496895734634
speech	septimus	9	0.71100166465457	0.24223496895734634
speech	fortasse	9	0.71100166465457	0.24223496895734634
speech	nemo	9	0.71100166465457	0.24223496895734634
speech	resto	40	0.706263117571012	0.24196056710745859
speech	saeculum	25	0.70332187707705	0.2417902444709466
speech	fraus	37	0.702433951202669	0.24173882607239594
speech	salus	34	0.699733415601385	0.2415824422797243
speech	testor	28	0.699460082330104	0.2415666139775142
speech	hospes	47	0.699022821520683	0.241541292887975
speech	effugio	31	0.698552114150933	0.24151403496044202
speech	honor	136	0.695781940815418	0.24135361855550377
speech	tamen	219	0.694084445780762	0.24125531927315602
speech	hospitium	24	0.690856129387635	0.24106837252034843
speech	exitium	24	0.690856129387635	0.24106837252034843
speech	ultra	36	0.690139231943814	0.2410268581107002
speech	scythicus	20	0.687335654904383	0.24086450734951603
speech	saepe	81	0.686000627839049	0.24078719802032336
speech	terra	305	0.685925673613404	0.24078285753835468
speech	sino	43	0.680726378604544	0.24048177449678407
speech	moror	57	0.679757740183765	0.24042568216091673
speech	cohibeo	14	0.672093189992835	0.23998184004774112
speech	gremium	22	0.6652458765419	0.2395853228359111
speech	pelasgi	13	0.661594226396773	0.23937386148767578
speech	flaminius	13	0.661594226396773	0.23937386148767578
speech	pridem	13	0.661594226396773	0.23937386148767578
speech	asia	13	0.661594226396773	0.23937386148767578
speech	uber	28	0.660097781591086	0.23928720470961817
speech	ausonius	36	0.656660941031554	0.23908818264849377
speech	dum	237	0.655213859901487	0.23900438444367994
speech	aeuum	80	0.655206998037894	0.23900398708389214
speech	cipus	4	0.654067440738298	0.2389379971030925
speech	oedipus	4	0.654067440738298	0.2389379971030925
speech	ineluctabilis	4	0.654067440738298	0.2389379971030925
speech	incassum	4	0.654067440738298	0.2389379971030925
speech	troiugenus	4	0.654067440738298	0.2389379971030925
speech	utue	4	0.654067440738298	0.2389379971030925
speech	uexo	4	0.654067440738298	0.2389379971030925
speech	chroma	4	0.654067440738298	0.2389379971030925
speech	heus	4	0.654067440738298	0.2389379971030925
speech	quisue	4	0.654067440738298	0.2389379971030925
speech	hicne	4	0.654067440738298	0.2389379971030925
speech	enyo	4	0.654067440738298	0.2389379971030925
speech	eluo	4	0.654067440738298	0.2389379971030925
speech	tantane	4	0.654067440738298	0.2389379971030925
speech	conceptus	4	0.654067440738298	0.2389379971030925
speech	deprimo	4	0.654067440738298	0.2389379971030925
speech	sicania	4	0.654067440738298	0.2389379971030925
speech	praepono	4	0.654067440738298	0.2389379971030925
speech	saguntus	4	0.654067440738298	0.2389379971030925
speech	cyclops	12	0.651425256253417	0.2387849923323028
speech	instar	12	0.651425256253417	0.2387849923323028
speech	opimus	12	0.651425256253417	0.2387849923323028
speech	sator	12	0.651425256253417	0.2387849923323028
speech	extendo	17	0.649790189414932	0.23869030816914924
speech	funestus	17	0.649790189414932	0.23869030816914924
speech	erebus	17	0.649790189414932	0.23869030816914924
speech	penates	30	0.64850380480631	0.23861581564854145
speech	femina	24	0.647557773320674	0.238561032444928
speech	compono	27	0.646779688388141	0.23851597476351385
speech	idem	132	0.646663208616308	0.23850922960211693
speech	dirus	87	0.645929069241878	0.2384667167392358
speech	daunus	11	0.641758759534242	0.2382252206269885
speech	uirginitas	11	0.641758759534242	0.2382252206269885
speech	lauinia	11	0.641758759534242	0.2382252206269885
speech	uenero	20	0.63864682624532	0.23804501343770673
speech	uenia	20	0.63864682624532	0.23804501343770673
speech	uado	20	0.63864682624532	0.23804501343770673
speech	denique	20	0.63864682624532	0.23804501343770673
speech	ingratus	16	0.63693804478841	0.2379460605762997
speech	genero	16	0.63693804478841	0.2379460605762997
speech	uereor	16	0.63693804478841	0.2379460605762997
speech	quidem	44	0.633812672310536	0.23776507514460637
speech	monimentum	10	0.632849960945168	0.2377093260352472
speech	elicio	10	0.632849960945168	0.2377093260352472
speech	tyros	5	0.627262064040881	0.23738573966573773
speech	cadmeus	5	0.627262064040881	0.23738573966573773
speech	caducus	5	0.627262064040881	0.23738573966573773
speech	publicus	5	0.627262064040881	0.23738573966573773
speech	mitissimus	5	0.627262064040881	0.23738573966573773
speech	intereo	5	0.627262064040881	0.23738573966573773
speech	thymbraeus	5	0.627262064040881	0.23738573966573773
speech	nefastus	5	0.627262064040881	0.23738573966573773
speech	uiuidus	5	0.627262064040881	0.23738573966573773
speech	diadema	5	0.627262064040881	0.23738573966573773
speech	menestheus	5	0.627262064040881	0.23738573966573773
speech	rebello	5	0.627262064040881	0.23738573966573773
speech	nauigo	5	0.627262064040881	0.23738573966573773
speech	nouio	5	0.627262064040881	0.23738573966573773
speech	truculentus	5	0.627262064040881	0.23738573966573773
speech	adsuesco	5	0.627262064040881	0.23738573966573773
speech	pergameus	5	0.627262064040881	0.23738573966573773
speech	uolsci	5	0.627262064040881	0.23738573966573773
speech	exturbo	5	0.627262064040881	0.23738573966573773
speech	spectator	5	0.627262064040881	0.23738573966573773
speech	adflictus	5	0.627262064040881	0.23738573966573773
speech	iaceo	115	0.625137836722911	0.2372627289843296
speech	nupta	9	0.625088635390582	0.23725987981213187
speech	haustus	9	0.625088635390582	0.23725987981213187
speech	emo	9	0.625088635390582	0.23725987981213187
speech	terrigena	9	0.625088635390582	0.23725987981213187
speech	aboleo	9	0.625088635390582	0.23725987981213187
speech	praefero	15	0.623928001651305	0.23719266932767666
speech	minor	73	0.623698104627885	0.23717935635064008
speech	fors	22	0.619981501104488	0.23696413365386493
speech	reueho	8	0.619094550127258	0.23691277171008346
speech	ferendus	8	0.619094550127258	0.23691277171008346
speech	prodigium	8	0.619094550127258	0.23691277171008346
speech	stirps	8	0.619094550127258	0.23691277171008346
speech	ecquis	8	0.619094550127258	0.23691277171008346
speech	etsi	8	0.619094550127258	0.23691277171008346
speech	foro	8	0.619094550127258	0.23691277171008346
speech	achaeus	8	0.619094550127258	0.23691277171008346
speech	summoueo	8	0.619094550127258	0.23691277171008346
speech	tolero	8	0.619094550127258	0.23691277171008346
speech	mundus	38	0.617682801813732	0.23683101957341024
speech	praeclarus	6	0.61739224550533	0.2368141939120596
speech	inhibeo	6	0.61739224550533	0.2368141939120596
speech	inclemens	6	0.61739224550533	0.2368141939120596
speech	insideo	6	0.61739224550533	0.2368141939120596
speech	noxa	6	0.61739224550533	0.2368141939120596
speech	primitia	6	0.61739224550533	0.2368141939120596
speech	curia	6	0.61739224550533	0.2368141939120596
speech	prodigus	6	0.61739224550533	0.2368141939120596
speech	biformis	6	0.61739224550533	0.2368141939120596
speech	cunabulum	6	0.61739224550533	0.2368141939120596
speech	pelops	7	0.615906385808778	0.23672815010111548
speech	garganus	7	0.615906385808778	0.23672815010111548
speech	funereus	7	0.615906385808778	0.23672815010111548
speech	mane	7	0.615906385808778	0.23672815010111548
speech	merito	7	0.615906385808778	0.23672815010111548
speech	hectoreus	7	0.615906385808778	0.23672815010111548
speech	praecipio	7	0.615906385808778	0.23672815010111548
speech	dotalis	7	0.615906385808778	0.23672815010111548
speech	ulciscor	18	0.610942711685695	0.23644071149649765
speech	defendo	35	0.610242273996045	0.2364001502454682
speech	sed	421	0.608486102866912	0.23629845312226652
speech	soror	102	0.606844919572756	0.23620341476473203
speech	strages	29	0.597595306229167	0.2356677841236366
speech	quirinus	13	0.597502881384697	0.23566243194545813
speech	sollicitus	13	0.597502881384697	0.23566243194545813
speech	insulto	13	0.597502881384697	0.23566243194545813
speech	origo	34	0.596639033362565	0.23561240785767026
speech	paternus	34	0.596639033362565	0.23561240785767026
speech	memor	41	0.595370061427332	0.23553892367774268
speech	unde	54	0.593832686100518	0.2354498966772274
speech	sperno	36	0.590926976797734	0.235281631596421
speech	magis	64	0.590577743866807	0.235261408063638
speech	profligo	2	0.59045577973777	0.23525434531169367
speech	pelasgae	2	0.59045577973777	0.23525434531169367
speech	hydri	2	0.59045577973777	0.23525434531169367
speech	alemonides	2	0.59045577973777	0.23525434531169367
speech	opifer	2	0.59045577973777	0.23525434531169367
speech	lycastus	2	0.59045577973777	0.23525434531169367
speech	passura	2	0.59045577973777	0.23525434531169367
speech	minucius	2	0.59045577973777	0.23525434531169367
speech	remordeo	2	0.59045577973777	0.23525434531169367
speech	tethyos	2	0.59045577973777	0.23525434531169367
speech	permendo	2	0.59045577973777	0.23525434531169367
speech	bacchicus	2	0.59045577973777	0.23525434531169367
speech	cumaea	2	0.59045577973777	0.23525434531169367
speech	lesbon	2	0.59045577973777	0.23525434531169367
speech	quasue	2	0.59045577973777	0.23525434531169367
speech	deprensus	2	0.59045577973777	0.23525434531169367
speech	hosticus	2	0.59045577973777	0.23525434531169367
speech	saeuis	2	0.59045577973777	0.23525434531169367
speech	susurro	2	0.59045577973777	0.23525434531169367
speech	inspecto	2	0.59045577973777	0.23525434531169367
speech	acis	2	0.59045577973777	0.23525434531169367
speech	hectorea	2	0.59045577973777	0.23525434531169367
speech	ubicumque	2	0.59045577973777	0.23525434531169367
speech	magne	2	0.59045577973777	0.23525434531169367
speech	hortatrix	2	0.59045577973777	0.23525434531169367
speech	letoides	2	0.59045577973777	0.23525434531169367
speech	quaue	2	0.59045577973777	0.23525434531169367
speech	mature	2	0.59045577973777	0.23525434531169367
speech	adrideo	2	0.59045577973777	0.23525434531169367
speech	siquus	2	0.59045577973777	0.23525434531169367
speech	breuitas	2	0.59045577973777	0.23525434531169367
speech	telemus	2	0.59045577973777	0.23525434531169367
speech	rugosus	2	0.59045577973777	0.23525434531169367
speech	dedigno	2	0.59045577973777	0.23525434531169367
speech	inrepto	2	0.59045577973777	0.23525434531169367
speech	inreuoco	2	0.59045577973777	0.23525434531169367
speech	quiane	2	0.59045577973777	0.23525434531169367
speech	quianam	2	0.59045577973777	0.23525434531169367
speech	dissicio	2	0.59045577973777	0.23525434531169367
speech	philocteta	2	0.59045577973777	0.23525434531169367
speech	hyperionus	2	0.59045577973777	0.23525434531169367
speech	insatio	2	0.59045577973777	0.23525434531169367
speech	perrhaebus	2	0.59045577973777	0.23525434531169367
speech	phinheu	2	0.59045577973777	0.23525434531169367
speech	simulamen	2	0.59045577973777	0.23525434531169367
speech	computo	2	0.59045577973777	0.23525434531169367
speech	querendus	2	0.59045577973777	0.23525434531169367
speech	emendo	2	0.59045577973777	0.23525434531169367
speech	capaneu	2	0.59045577973777	0.23525434531169367
speech	pretioueo	2	0.59045577973777	0.23525434531169367
speech	protraho	2	0.59045577973777	0.23525434531169367
speech	inconstantia	2	0.59045577973777	0.23525434531169367
speech	samnitum	2	0.59045577973777	0.23525434531169367
speech	quaeue	2	0.59045577973777	0.23525434531169367
speech	helenon	2	0.59045577973777	0.23525434531169367
speech	omnino	2	0.59045577973777	0.23525434531169367
speech	ballista	2	0.59045577973777	0.23525434531169367
speech	coronia	2	0.59045577973777	0.23525434531169367
speech	hippodamen	2	0.59045577973777	0.23525434531169367
speech	sauromates	2	0.59045577973777	0.23525434531169367
speech	distineo	2	0.59045577973777	0.23525434531169367
speech	splendesco	2	0.59045577973777	0.23525434531169367
speech	phrygis	2	0.59045577973777	0.23525434531169367
speech	tydeu	2	0.59045577973777	0.23525434531169367
speech	proditor	2	0.59045577973777	0.23525434531169367
speech	oenotrus	2	0.59045577973777	0.23525434531169367
speech	latissimus	2	0.59045577973777	0.23525434531169367
speech	uiolabilis	2	0.59045577973777	0.23525434531169367
speech	mitus	2	0.59045577973777	0.23525434531169367
speech	arctoo	2	0.59045577973777	0.23525434531169367
speech	galanthis	2	0.59045577973777	0.23525434531169367
speech	hersiliens	2	0.59045577973777	0.23525434531169367
speech	disteno	2	0.59045577973777	0.23525434531169367
speech	carior	2	0.59045577973777	0.23525434531169367
speech	patientus	2	0.59045577973777	0.23525434531169367
speech	miserescio	2	0.59045577973777	0.23525434531169367
speech	uesica	2	0.59045577973777	0.23525434531169367
speech	aschetos	2	0.59045577973777	0.23525434531169367
speech	herius	2	0.59045577973777	0.23525434531169367
speech	estne	2	0.59045577973777	0.23525434531169367
speech	nyctimene	2	0.59045577973777	0.23525434531169367
speech	hippomenus	2	0.59045577973777	0.23525434531169367
speech	consuesco	2	0.59045577973777	0.23525434531169367
speech	biuium	2	0.59045577973777	0.23525434531169367
speech	delphus	2	0.59045577973777	0.23525434531169367
speech	tantaleus	2	0.59045577973777	0.23525434531169367
speech	exsaturo	2	0.59045577973777	0.23525434531169367
speech	fumeus	2	0.59045577973777	0.23525434531169367
speech	horriferus	2	0.59045577973777	0.23525434531169367
speech	etruria	2	0.59045577973777	0.23525434531169367
speech	lapitha	2	0.59045577973777	0.23525434531169367
speech	barcaeum	2	0.59045577973777	0.23525434531169367
speech	nescioquis	2	0.59045577973777	0.23525434531169367
speech	sanctissimus	2	0.59045577973777	0.23525434531169367
speech	inculpo	2	0.59045577973777	0.23525434531169367
speech	paulisper	2	0.59045577973777	0.23525434531169367
speech	lauinus	2	0.59045577973777	0.23525434531169367
speech	sapienter	2	0.59045577973777	0.23525434531169367
speech	studiosior	2	0.59045577973777	0.23525434531169367
speech	numquamnis	2	0.59045577973777	0.23525434531169367
speech	monstratus	2	0.59045577973777	0.23525434531169367
speech	abio	2	0.59045577973777	0.23525434531169367
speech	intercludo	2	0.59045577973777	0.23525434531169367
speech	pinetum	2	0.59045577973777	0.23525434531169367
speech	procuro	2	0.59045577973777	0.23525434531169367
speech	pyreneus	2	0.59045577973777	0.23525434531169367
speech	polyphemos	2	0.59045577973777	0.23525434531169367
speech	euagrus	2	0.59045577973777	0.23525434531169367
speech	iactantus	2	0.59045577973777	0.23525434531169367
speech	rursusne	2	0.59045577973777	0.23525434531169367
speech	iaculor	2	0.59045577973777	0.23525434531169367
speech	segnities	2	0.59045577973777	0.23525434531169367
speech	iurandum	2	0.59045577973777	0.23525434531169367
speech	recaleo	2	0.59045577973777	0.23525434531169367
speech	echinadus	2	0.59045577973777	0.23525434531169367
speech	tuaneo	2	0.59045577973777	0.23525434531169367
speech	merx	2	0.59045577973777	0.23525434531169367
speech	incestum	2	0.59045577973777	0.23525434531169367
speech	caelifer	2	0.59045577973777	0.23525434531169367
speech	praelao	2	0.59045577973777	0.23525434531169367
speech	belius	2	0.59045577973777	0.23525434531169367
speech	reuido	2	0.59045577973777	0.23525434531169367
speech	euneus	2	0.59045577973777	0.23525434531169367
speech	abunde	2	0.59045577973777	0.23525434531169367
speech	perempo	2	0.59045577973777	0.23525434531169367
speech	edomio	2	0.59045577973777	0.23525434531169367
speech	rarissimus	2	0.59045577973777	0.23525434531169367
speech	praemoneo	2	0.59045577973777	0.23525434531169367
speech	commaculo	2	0.59045577973777	0.23525434531169367
speech	inludens	2	0.59045577973777	0.23525434531169367
speech	perduco	2	0.59045577973777	0.23525434531169367
speech	iulius	2	0.59045577973777	0.23525434531169367
speech	racemifer	2	0.59045577973777	0.23525434531169367
speech	adnumero	2	0.59045577973777	0.23525434531169367
speech	secure	2	0.59045577973777	0.23525434531169367
speech	menta	2	0.59045577973777	0.23525434531169367
speech	phaethonteus	2	0.59045577973777	0.23525434531169367
speech	immaturus	2	0.59045577973777	0.23525434531169367
speech	auoco	2	0.59045577973777	0.23525434531169367
speech	sepo	2	0.59045577973777	0.23525434531169367
speech	doryclus	2	0.59045577973777	0.23525434531169367
speech	fidena	2	0.59045577973777	0.23525434531169367
speech	dranco	2	0.59045577973777	0.23525434531169367
speech	uigilis	2	0.59045577973777	0.23525434531169367
speech	impliceo	2	0.59045577973777	0.23525434531169367
speech	iuuentas	2	0.59045577973777	0.23525434531169367
speech	redigo	2	0.59045577973777	0.23525434531169367
speech	redempo	2	0.59045577973777	0.23525434531169367
speech	implacidus	2	0.59045577973777	0.23525434531169367
speech	semimas	2	0.59045577973777	0.23525434531169367
speech	paphus	2	0.59045577973777	0.23525434531169367
speech	praedulcis	2	0.59045577973777	0.23525434531169367
speech	telesinus	2	0.59045577973777	0.23525434531169367
speech	centauricus	2	0.59045577973777	0.23525434531169367
speech	ossaeus	2	0.59045577973777	0.23525434531169367
speech	praedictum	2	0.59045577973777	0.23525434531169367
speech	uobisne	2	0.59045577973777	0.23525434531169367
speech	praeficio	2	0.59045577973777	0.23525434531169367
speech	nitidissimus	2	0.59045577973777	0.23525434531169367
speech	clytia	2	0.59045577973777	0.23525434531169367
speech	transporto	2	0.59045577973777	0.23525434531169367
speech	daedalion	2	0.59045577973777	0.23525434531169367
speech	eurylochus	2	0.59045577973777	0.23525434531169367
speech	adfudo	2	0.59045577973777	0.23525434531169367
speech	ebrietas	2	0.59045577973777	0.23525434531169367
speech	byrsa	2	0.59045577973777	0.23525434531169367
speech	belida	2	0.59045577973777	0.23525434531169367
speech	argolicis	2	0.59045577973777	0.23525434531169367
speech	anchisias	2	0.59045577973777	0.23525434531169367
speech	abiuro	2	0.59045577973777	0.23525434531169367
speech	notitia	2	0.59045577973777	0.23525434531169367
speech	thebanes	2	0.59045577973777	0.23525434531169367
speech	acceptus	2	0.59045577973777	0.23525434531169367
speech	uiuisno	2	0.59045577973777	0.23525434531169367
speech	quiscus	2	0.59045577973777	0.23525434531169367
speech	eius	2	0.59045577973777	0.23525434531169367
speech	gelonus	2	0.59045577973777	0.23525434531169367
speech	conlaudo	2	0.59045577973777	0.23525434531169367
speech	crocus	2	0.59045577973777	0.23525434531169367
speech	syrinx	2	0.59045577973777	0.23525434531169367
speech	cassum	2	0.59045577973777	0.23525434531169367
speech	aloides	2	0.59045577973777	0.23525434531169367
speech	inachis	2	0.59045577973777	0.23525434531169367
speech	detracto	2	0.59045577973777	0.23525434531169367
speech	penetraro	2	0.59045577973777	0.23525434531169367
speech	iamne	2	0.59045577973777	0.23525434531169367
speech	aresco	2	0.59045577973777	0.23525434531169367
speech	oblio	2	0.59045577973777	0.23525434531169367
speech	parumne	2	0.59045577973777	0.23525434531169367
speech	praeualeo	2	0.59045577973777	0.23525434531169367
speech	inocciduus	2	0.59045577973777	0.23525434531169367
speech	phasin	2	0.59045577973777	0.23525434531169367
speech	dispertto	2	0.59045577973777	0.23525434531169367
speech	obico	2	0.59045577973777	0.23525434531169367
speech	desuesco	2	0.59045577973777	0.23525434531169367
speech	seclusus	2	0.59045577973777	0.23525434531169367
speech	castalia	2	0.59045577973777	0.23525434531169367
speech	quiuis	2	0.59045577973777	0.23525434531169367
speech	autumnalis	2	0.59045577973777	0.23525434531169367
speech	deusuus	2	0.59045577973777	0.23525434531169367
speech	stelliger	2	0.59045577973777	0.23525434531169367
speech	efferus	2	0.59045577973777	0.23525434531169367
speech	perdio	2	0.59045577973777	0.23525434531169367
speech	dorceu	2	0.59045577973777	0.23525434531169367
speech	andraemon	2	0.59045577973777	0.23525434531169367
speech	triuium	2	0.59045577973777	0.23525434531169367
speech	afflico	2	0.59045577973777	0.23525434531169367
speech	marito	2	0.59045577973777	0.23525434531169367
speech	quodni	2	0.59045577973777	0.23525434531169367
speech	ligdus	2	0.59045577973777	0.23525434531169367
speech	autonoe	2	0.59045577973777	0.23525434531169367
speech	solimus	2	0.59045577973777	0.23525434531169367
speech	fodiio	2	0.59045577973777	0.23525434531169367
speech	atlanticus	2	0.59045577973777	0.23525434531169367
speech	mareoticus	2	0.59045577973777	0.23525434531169367
speech	rudeo	2	0.59045577973777	0.23525434531169367
speech	natis	45	0.588965779668209	0.2351680617382247
speech	temero	12	0.584151057529258	0.23488924871002714
speech	integer	12	0.584151057529258	0.23488924871002714
speech	noceo	28	0.583285046646143	0.23483909937434272
speech	careo	28	0.583285046646143	0.23483909937434272
speech	alcides	28	0.583285046646143	0.23483909937434272
speech	pactum	16	0.581996198655119	0.2347644642031131
speech	uideo	510	0.580026244993682	0.23465038726785015
speech	bene	22	0.575676119200059	0.23439847828731974
speech	furor	82	0.574768083245282	0.23434589534546824
speech	cedo	95	0.574469247095877	0.23432859021147587
speech	reliquiae	11	0.570780864532609	0.23411500174636043
speech	profanus	11	0.570780864532609	0.23411500174636043
speech	auxilium	39	0.568658508028322	0.23399209940084648
speech	fero	463	0.568644507742801	0.23399128866621027
speech	tumulus	54	0.568433494761326	0.23397906923450557
speech	inanis	58	0.567492663052775	0.23392458714184994
speech	rutuli	15	0.567007619100789	0.23389649900526402
speech	alienus	15	0.567007619100789	0.23389649900526402
speech	accipio	96	0.566182154819141	0.23384869765985028
speech	facio	209	0.564865838222991	0.23377247182466235
speech	pereo	43	0.562853382918141	0.23365593368570764
speech	cunctus	124	0.560937082918459	0.2335449637500754
speech	canna	18	0.560780140416462	0.23353587545526383
speech	olim	45	0.560734431635512	0.23353322853125366
speech	secundus	49	0.557732491236678	0.2333593908581933
speech	tripus	10	0.557489813297965	0.23334533775834315
speech	messis	10	0.557489813297965	0.23334533775834315
speech	sepelio	10	0.557489813297965	0.23334533775834315
speech	natus	57	0.555409101798423	0.2332248470099156
speech	apollo	40	0.55192244925661	0.23302294041480992
speech	imbellis	14	0.55164605145849	0.2330069346506439
speech	soluo	42	0.549476174469402	0.2328812804681835
speech	quotiens	23	0.54807578931599	0.232800186354339
speech	alpes	17	0.544976880478796	0.2326207333906848
speech	nocturnus	20	0.544702960268882	0.2326048710997765
speech	ianua	9	0.544434732214589	0.23258933843269694
speech	inachides	9	0.544434732214589	0.23258933843269694
speech	orbo	9	0.544434732214589	0.23258933843269694
speech	suesco	9	0.544434732214589	0.23258933843269694
speech	perdo	30	0.539418107716914	0.23229883355470793
speech	duro	25	0.538323255488986	0.23223543237468386
speech	discedo	25	0.538323255488986	0.23223543237468386
speech	axis	39	0.538137455153806	0.23222467296789018
speech	infans	13	0.535887713892589	0.23209439397034917
speech	insons	13	0.535887713892589	0.23209439397034917
speech	complexus	13	0.535887713892589	0.23209439397034917
speech	auctor	43	0.534103845041388	0.2319910929153855
speech	demens	22	0.532287645872418	0.23188591966228872
speech	romulus	8	0.531874404528659	0.23186198950243636
speech	quinquaginta	8	0.531874404528659	0.23186198950243636
speech	latona	8	0.531874404528659	0.23186198950243636
speech	orion	8	0.531874404528659	0.23186198950243636
speech	iurgium	8	0.531874404528659	0.23186198950243636
speech	natalis	8	0.531874404528659	0.23186198950243636
speech	sospes	8	0.531874404528659	0.23186198950243636
speech	simois	8	0.531874404528659	0.23186198950243636
speech	arctus	8	0.531874404528659	0.23186198950243636
speech	quisnam	8	0.531874404528659	0.23186198950243636
speech	egregius	27	0.530547697588093	0.2317851619786552
speech	segnis	34	0.530095372858237	0.23175896856104558
speech	propinquo	16	0.528701880016472	0.23167827357018805
speech	fecundus	16	0.528701880016472	0.23167827357018805
speech	teucris	16	0.528701880016472	0.23167827357018805
speech	capua	16	0.528701880016472	0.23167827357018805
speech	frater	134	0.527022914836588	0.23158104732274698
speech	uiuo	36	0.526754160061664	0.23156548415409953
speech	uolo	215	0.525907429350847	0.23151645130303614
speech	committo	29	0.524326201286941	0.23142488485910742
speech	garamantes	3	0.520625399699755	0.2312105772277419
speech	ixio	3	0.520625399699755	0.2312105772277419
speech	pallanteus	3	0.520625399699755	0.2312105772277419
speech	mercor	3	0.520625399699755	0.2312105772277419
speech	thessalia	3	0.520625399699755	0.2312105772277419
speech	terrifico	3	0.520625399699755	0.2312105772277419
speech	sequestro	3	0.520625399699755	0.2312105772277419
speech	chiro	3	0.520625399699755	0.2312105772277419
speech	marathon	3	0.520625399699755	0.2312105772277419
speech	praeterlabor	3	0.520625399699755	0.2312105772277419
speech	cecropis	3	0.520625399699755	0.2312105772277419
speech	proinde	3	0.520625399699755	0.2312105772277419
speech	transuerto	3	0.520625399699755	0.2312105772277419
speech	frondesco	3	0.520625399699755	0.2312105772277419
speech	exordior	3	0.520625399699755	0.2312105772277419
speech	cythera	3	0.520625399699755	0.2312105772277419
speech	lycabas	3	0.520625399699755	0.2312105772277419
speech	adflicto	3	0.520625399699755	0.2312105772277419
speech	operosus	3	0.520625399699755	0.2312105772277419
speech	exsul	3	0.520625399699755	0.2312105772277419
speech	exsurgo	3	0.520625399699755	0.2312105772277419
speech	laomedonteus	3	0.520625399699755	0.2312105772277419
speech	deflecto	3	0.520625399699755	0.2312105772277419
speech	hymen	3	0.520625399699755	0.2312105772277419
speech	impenetrabilis	3	0.520625399699755	0.2312105772277419
speech	rhadamanthus	3	0.520625399699755	0.2312105772277419
speech	defetiscor	3	0.520625399699755	0.2312105772277419
speech	salutifer	3	0.520625399699755	0.2312105772277419
speech	inuiolabilis	3	0.520625399699755	0.2312105772277419
speech	riguus	3	0.520625399699755	0.2312105772277419
speech	anguicoma	3	0.520625399699755	0.2312105772277419
speech	scipiades	3	0.520625399699755	0.2312105772277419
speech	iarba	3	0.520625399699755	0.2312105772277419
speech	erudeo	3	0.520625399699755	0.2312105772277419
speech	quiue	3	0.520625399699755	0.2312105772277419
speech	detritus	3	0.520625399699755	0.2312105772277419
speech	phryx	3	0.520625399699755	0.2312105772277419
speech	tolerandus	3	0.520625399699755	0.2312105772277419
speech	delitesco	3	0.520625399699755	0.2312105772277419
speech	dementia	3	0.520625399699755	0.2312105772277419
speech	clarius	3	0.520625399699755	0.2312105772277419
speech	desertor	3	0.520625399699755	0.2312105772277419
speech	mouendus	3	0.520625399699755	0.2312105772277419
speech	thybridus	3	0.520625399699755	0.2312105772277419
speech	suffigo	3	0.520625399699755	0.2312105772277419
speech	sacrarium	3	0.520625399699755	0.2312105772277419
speech	ismarius	3	0.520625399699755	0.2312105772277419
speech	circumsono	3	0.520625399699755	0.2312105772277419
speech	imperditus	3	0.520625399699755	0.2312105772277419
speech	resigno	3	0.520625399699755	0.2312105772277419
speech	dissuadeo	3	0.520625399699755	0.2312105772277419
speech	dolosus	3	0.520625399699755	0.2312105772277419
speech	disiungo	3	0.520625399699755	0.2312105772277419
speech	caelestes	3	0.520625399699755	0.2312105772277419
speech	dotale	3	0.520625399699755	0.2312105772277419
speech	adno	3	0.520625399699755	0.2312105772277419
speech	dirigo	3	0.520625399699755	0.2312105772277419
speech	aegon	3	0.520625399699755	0.2312105772277419
speech	deuinco	7	0.520252683683338	0.2311889938262089
speech	adpello	7	0.520252683683338	0.2311889938262089
speech	dominor	7	0.520252683683338	0.2311889938262089
speech	annuus	7	0.520252683683338	0.2311889938262089
speech	praetendo	7	0.520252683683338	0.2311889938262089
speech	amplus	7	0.520252683683338	0.2311889938262089
speech	pubesco	7	0.520252683683338	0.2311889938262089
speech	deuoueo	7	0.520252683683338	0.2311889938262089
speech	piaculum	12	0.519708025349443	0.23115745351401146
speech	compesco	12	0.519708025349443	0.23115745351401146
speech	syrtis	12	0.519708025349443	0.23115745351401146
speech	refero	134	0.51205587466016	0.23071432943658174
speech	statuo	18	0.511913561624259	0.23070608831126932
speech	uictus	15	0.511910147293943	0.23070589059274121
speech	uulgo	15	0.511910147293943	0.23070589059274121
speech	mutabilis	6	0.510374370284078	0.23061695614826047
speech	detineo	6	0.510374370284078	0.23061695614826047
speech	culpo	6	0.510374370284078	0.23061695614826047
speech	documentum	6	0.510374370284078	0.23061695614826047
speech	phrigo	6	0.510374370284078	0.23061695614826047
speech	concessus	6	0.510374370284078	0.23061695614826047
speech	caesar	6	0.510374370284078	0.23061695614826047
speech	indoles	6	0.510374370284078	0.23061695614826047
speech	compositus	6	0.510374370284078	0.23061695614826047
speech	sollertia	6	0.510374370284078	0.23061695614826047
speech	dardania	6	0.510374370284078	0.23061695614826047
speech	soporo	6	0.510374370284078	0.23061695614826047
speech	dilectus	6	0.510374370284078	0.23061695614826047
speech	nimis	6	0.510374370284078	0.23061695614826047
speech	quocumque	6	0.510374370284078	0.23061695614826047
speech	pirithous	6	0.510374370284078	0.23061695614826047
speech	suspensus	6	0.510374370284078	0.23061695614826047
speech	uia	113	0.507452052706931	0.23044772930826324
speech	consido	23	0.506407613886098	0.23038724748979075
speech	datum	30	0.504104015200435	0.2302538496930403
speech	captiuus	30	0.504104015200435	0.2302538496930403
speech	bonum	4	0.504093596151448	0.23025324634221025
speech	coeptus	4	0.504093596151448	0.23025324634221025
speech	stabulo	4	0.504093596151448	0.23025324634221025
speech	depulsus	4	0.504093596151448	0.23025324634221025
speech	retardo	4	0.504093596151448	0.23025324634221025
speech	ignauia	4	0.504093596151448	0.23025324634221025
speech	antiphates	4	0.504093596151448	0.23025324634221025
speech	perdomo	4	0.504093596151448	0.23025324634221025
speech	acheros	4	0.504093596151448	0.23025324634221025
speech	inlabor	4	0.504093596151448	0.23025324634221025
speech	oppeto	4	0.504093596151448	0.23025324634221025
speech	tantalus	4	0.504093596151448	0.23025324634221025
speech	portentum	4	0.504093596151448	0.23025324634221025
speech	notissimus	4	0.504093596151448	0.23025324634221025
speech	inlustris	4	0.504093596151448	0.23025324634221025
speech	orgium	4	0.504093596151448	0.23025324634221025
speech	repo	4	0.504093596151448	0.23025324634221025
speech	creatrix	4	0.504093596151448	0.23025324634221025
speech	semideus	4	0.504093596151448	0.23025324634221025
speech	lapithas	4	0.504093596151448	0.23025324634221025
speech	adsuo	4	0.504093596151448	0.23025324634221025
speech	laureo	4	0.504093596151448	0.23025324634221025
speech	helena	4	0.504093596151448	0.23025324634221025
speech	pygmalion	4	0.504093596151448	0.23025324634221025
speech	uacuo	4	0.504093596151448	0.23025324634221025
speech	existo	4	0.504093596151448	0.23025324634221025
speech	bicornis	4	0.504093596151448	0.23025324634221025
speech	adloquium	4	0.504093596151448	0.23025324634221025
speech	circumuenio	4	0.504093596151448	0.23025324634221025
speech	itala	4	0.504093596151448	0.23025324634221025
speech	exscindo	4	0.504093596151448	0.23025324634221025
speech	secundo	4	0.504093596151448	0.23025324634221025
speech	mereor	4	0.504093596151448	0.23025324634221025
speech	epidaurius	4	0.504093596151448	0.23025324634221025
speech	pruna	4	0.504093596151448	0.23025324634221025
speech	trasimennius	4	0.504093596151448	0.23025324634221025
speech	adoperio	5	0.503820534929366	0.23023743379394374
speech	genialis	5	0.503820534929366	0.23023743379394374
speech	transcendo	5	0.503820534929366	0.23023743379394374
speech	sector	5	0.503820534929366	0.23023743379394374
speech	cinyra	5	0.503820534929366	0.23023743379394374
speech	instimulo	5	0.503820534929366	0.23023743379394374
speech	massa	5	0.503820534929366	0.23023743379394374
speech	sat	5	0.503820534929366	0.23023743379394374
speech	lucina	5	0.503820534929366	0.23023743379394374
speech	charybdis	5	0.503820534929366	0.23023743379394374
speech	thoae	5	0.503820534929366	0.23023743379394374
speech	rapax	5	0.503820534929366	0.23023743379394374
speech	ortygia	5	0.503820534929366	0.23023743379394374
speech	alumna	5	0.503820534929366	0.23023743379394374
speech	concubitus	5	0.503820534929366	0.23023743379394374
speech	praecludo	5	0.503820534929366	0.23023743379394374
speech	cerberus	5	0.503820534929366	0.23023743379394374
speech	produco	11	0.503082727299676	0.23019470850813817
speech	scythia	11	0.503082727299676	0.23019470850813817
speech	leuior	11	0.503082727299676	0.23019470850813817
speech	styx	11	0.503082727299676	0.23019470850813817
speech	furius	11	0.503082727299676	0.23019470850813817
speech	arguo	11	0.503082727299676	0.23019470850813817
speech	iustus	32	0.500354446084037	0.23003671801033707
speech	pello	58	0.495458298001977	0.2297531897331351
speech	propero	36	0.495228715958071	0.22973989499606953
speech	mandatum	17	0.494731590204993	0.2297111072212799
speech	impetus	17	0.494731590204993	0.2297111072212799
speech	reuoco	38	0.493594020819792	0.2296452323574935
speech	tempus	160	0.49204219252668	0.22955536840830632
speech	stygius	46	0.491286344310674	0.22951159842036506
speech	habito	22	0.489776616647889	0.2294241724528291
speech	inuidia	22	0.489776616647889	0.2294241724528291
speech	molior	29	0.488505704719355	0.22935057593092384
speech	chaos	10	0.485990158914593	0.22920490460801998
speech	triumpho	10	0.485990158914593	0.22920490460801998
speech	acheron	10	0.485990158914593	0.22920490460801998
speech	doleo	31	0.484996439533973	0.22914735987299825
speech	solum	57	0.482908957071811	0.2290264770287161
speech	dextera	150	0.477254259457988	0.2286990223346026
speech	libys	16	0.476954161863323	0.2286816441522883
speech	penso	16	0.476954161863323	0.2286816441522883
speech	agenoreus	13	0.476556366729061	0.22865860845826796
speech	grates	13	0.476556366729061	0.22865860845826796
speech	lar	13	0.476556366729061	0.22865860845826796
speech	sanies	13	0.476556366729061	0.22865860845826796
speech	fama	106	0.472915772704693	0.22844778735269256
speech	plebs	21	0.472647169472076	0.2284322329596231
speech	dis	21	0.472647169472076	0.2284322329596231
speech	promissum	28	0.472530760020519	0.22842549187036337
speech	dulcis	58	0.471775437984608	0.2283817523526884
speech	periclum	30	0.469287360537078	0.2282376716793877
speech	flo	9	0.468415809288835	0.22818720150982458
speech	obscenus	9	0.468415809288835	0.22818720150982458
speech	expleo	9	0.468415809288835	0.22818720150982458
speech	iuuenalis	9	0.468415809288835	0.22818720150982458
speech	facilis	34	0.465192379033626	0.2280005377056213
speech	tabum	18	0.464273947772282	0.22794735278782613
speech	cognatus	18	0.464273947772282	0.22794735278782613
speech	sacrum	72	0.464088810596364	0.227936631783548
speech	ni	44	0.463650060921078	0.22791122447611534
speech	contingo	40	0.463169121860946	0.2278833740473961
speech	namque	59	0.460931631588025	0.22775380448542515
speech	proauus	12	0.457857643206506	0.22757579462638014
speech	inmanis	12	0.457857643206506	0.22757579462638014
speech	ultrix	12	0.457857643206506	0.22757579462638014
speech	decipio	27	0.456154040645348	0.22747714166672564
speech	martius	20	0.454975547884568	0.22740889699426908
speech	dexter	99	0.454047767860581	0.22735517070425199
speech	expendo	8	0.450361546646665	0.2271417073994969
speech	uescor	8	0.450361546646665	0.2271417073994969
speech	paco	8	0.450361546646665	0.2271417073994969
speech	pompa	8	0.450361546646665	0.2271417073994969
speech	etenim	8	0.450361546646665	0.2271417073994969
speech	inmemor	8	0.450361546646665	0.2271417073994969
speech	exosus	8	0.450361546646665	0.2271417073994969
speech	obliuium	8	0.450361546646665	0.2271417073994969
speech	consul	43	0.449486220223356	0.2270910186154506
speech	teucer	41	0.448853786719053	0.227054395380427
speech	nuper	22	0.448105980715868	0.22701109110445108
speech	animus	201	0.446834433581247	0.2269374577987549
speech	scelero	17	0.445818924729076	0.22687865126951728
speech	subigo	17	0.445818924729076	0.22687865126951728
speech	quaero	106	0.439307765016401	0.2265016001948805
speech	timor	48	0.439006933788889	0.22648417952903555
speech	exuro	11	0.438362538839274	0.22644686362542318
speech	exaudio	11	0.438362538839274	0.22644686362542318
speech	morior	68	0.437910702809813	0.22642069850768906
speech	puto	59	0.43770621673618	0.2264088570390085
speech	maximus	46	0.43752062801554	0.22639810988648182
speech	semen	28	0.436726213340587	0.22635210657522606
speech	mens	171	0.436305414181846	0.2263277387541295
speech	supremus	42	0.435078640892653	0.22625669823178976
speech	ignosco	7	0.431864990426708	0.22607060075988583
speech	praeripio	7	0.431864990426708	0.22607060075988583
speech	graecia	7	0.431864990426708	0.22607060075988583
speech	sitio	7	0.431864990426708	0.22607060075988583
speech	praesagium	7	0.431864990426708	0.22607060075988583
speech	exercito	7	0.431864990426708	0.22607060075988583
speech	finitimus	7	0.431864990426708	0.22607060075988583
speech	omnipotens	21	0.43013583966836	0.22597046834409285
speech	mentior	16	0.426660813756413	0.2257692350289371
speech	solacium	16	0.426660813756413	0.2257692350289371
speech	nequeo	23	0.425411506143523	0.22569688957915873
speech	curro	25	0.422080735396593	0.22550400985497476
speech	maior	43	0.421805734417634	0.22548808497842154
speech	inimicus	27	0.419823470901755	0.2253732951987421
speech	fraudo	13	0.419337312046953	0.22534514249987797
speech	quanto	13	0.419337312046953	0.22534514249987797
speech	facinus	13	0.419337312046953	0.22534514249987797
speech	capitolium	13	0.419337312046953	0.22534514249987797
speech	immemor	13	0.419337312046953	0.22534514249987797
speech	delius	10	0.417959630469657	0.22526536311461492
speech	hactenus	10	0.417959630469657	0.22526536311461492
speech	accelero	10	0.417959630469657	0.22526536311461492
speech	exstinguo	10	0.417959630469657	0.22526536311461492
speech	iudex	10	0.417959630469657	0.22526536311461492
speech	claros	1	0.417513748397849	0.22523954278125569
speech	emathia	1	0.417513748397849	0.22523954278125569
speech	hyperius	1	0.417513748397849	0.22523954278125569
speech	hymettius	1	0.417513748397849	0.22523954278125569
speech	nullaene	1	0.417513748397849	0.22523954278125569
speech	hymenaeon	1	0.417513748397849	0.22523954278125569
speech	emigro	1	0.417513748397849	0.22523954278125569
speech	iaculatrix	1	0.417513748397849	0.22523954278125569
speech	tuor	1	0.417513748397849	0.22523954278125569
speech	nullasne	1	0.417513748397849	0.22523954278125569
speech	nullinus	1	0.417513748397849	0.22523954278125569
speech	emorio	1	0.417513748397849	0.22523954278125569
speech	hyaena	1	0.417513748397849	0.22523954278125569
speech	nullo	1	0.417513748397849	0.22523954278125569
speech	elysium	1	0.417513748397849	0.22523954278125569
speech	maeandrius	1	0.417513748397849	0.22523954278125569
speech	nullumnis	1	0.417513748397849	0.22523954278125569
speech	iapygius	1	0.417513748397849	0.22523954278125569
speech	ibis	1	0.417513748397849	0.22523954278125569
speech	nosneo	1	0.417513748397849	0.22523954278125569
speech	togatus	1	0.417513748397849	0.22523954278125569
speech	iberus	1	0.417513748397849	0.22523954278125569
speech	iasonia	1	0.417513748397849	0.22523954278125569
speech	iaso	1	0.417513748397849	0.22523954278125569
speech	nouercalis	1	0.417513748397849	0.22523954278125569
speech	iamneo	1	0.417513748397849	0.22523954278125569
speech	clausura	1	0.417513748397849	0.22523954278125569
speech	iapygia	1	0.417513748397849	0.22523954278125569
speech	iamno	1	0.417513748397849	0.22523954278125569
speech	clauso	1	0.417513748397849	0.22523954278125569
speech	taygetes	1	0.417513748397849	0.22523954278125569
speech	iamnis	1	0.417513748397849	0.22523954278125569
speech	classemue	1	0.417513748397849	0.22523954278125569
speech	humeo	1	0.417513748397849	0.22523954278125569
speech	uesanio	1	0.417513748397849	0.22523954278125569
speech	cisseus	1	0.417513748397849	0.22523954278125569
speech	hodiernus	1	0.417513748397849	0.22523954278125569
speech	tumidusne	1	0.417513748397849	0.22523954278125569
speech	hocinus	1	0.417513748397849	0.22523954278125569
speech	hispania	1	0.417513748397849	0.22523954278125569
speech	hippodamia	1	0.417513748397849	0.22523954278125569
speech	tosto	1	0.417513748397849	0.22523954278125569
speech	cirrhaei	1	0.417513748397849	0.22523954278125569
speech	ciuiliter	1	0.417513748397849	0.22523954278125569
speech	tumide	1	0.417513748397849	0.22523954278125569
speech	hiberno	1	0.417513748397849	0.22523954278125569
speech	erigones	1	0.417513748397849	0.22523954278125569
speech	erogito	1	0.417513748397849	0.22523954278125569
speech	tumentia	1	0.417513748397849	0.22523954278125569
speech	circumuelo	1	0.417513748397849	0.22523954278125569
speech	holus	1	0.417513748397849	0.22523954278125569
speech	honesto	1	0.417513748397849	0.22523954278125569
speech	idalium	1	0.417513748397849	0.22523954278125569
speech	tuneo	1	0.417513748397849	0.22523954278125569
speech	enectum	1	0.417513748397849	0.22523954278125569
speech	eneruo	1	0.417513748397849	0.22523954278125569
speech	enipea	1	0.417513748397849	0.22523954278125569
speech	clamito	1	0.417513748397849	0.22523954278125569
speech	hucusque	1	0.417513748397849	0.22523954278125569
speech	enixa	1	0.417513748397849	0.22523954278125569
speech	numerabilis	1	0.417513748397849	0.22523954278125569
speech	honoratus	1	0.417513748397849	0.22523954278125569
speech	enutrio	1	0.417513748397849	0.22523954278125569
speech	torrentes	1	0.417513748397849	0.22523954278125569
speech	hortamentum	1	0.417513748397849	0.22523954278125569
speech	torrentus	1	0.417513748397849	0.22523954278125569
speech	hordeum	1	0.417513748397849	0.22523954278125569
speech	epopeus	1	0.417513748397849	0.22523954278125569
speech	cleopatra	1	0.417513748397849	0.22523954278125569
speech	effloresco	1	0.417513748397849	0.22523954278125569
speech	turbineus	1	0.417513748397849	0.22523954278125569
speech	timidonis	1	0.417513748397849	0.22523954278125569
speech	dolenter	1	0.417513748397849	0.22523954278125569
speech	dolio	1	0.417513748397849	0.22523954278125569
speech	telamonias	1	0.417513748397849	0.22523954278125569
speech	incalfaco	1	0.417513748397849	0.22523954278125569
speech	coctilia	1	0.417513748397849	0.22523954278125569
speech	domabilis	1	0.417513748397849	0.22523954278125569
speech	donarium	1	0.417513748397849	0.22523954278125569
speech	dolendus	1	0.417513748397849	0.22523954278125569
speech	cocinthia	1	0.417513748397849	0.22523954278125569
speech	niliacus	1	0.417513748397849	0.22523954278125569
speech	dor	1	0.417513748397849	0.22523954278125569
speech	dotatus	1	0.417513748397849	0.22523954278125569
speech	imprecor	1	0.417513748397849	0.22523954278125569
speech	coagulum	1	0.417513748397849	0.22523954278125569
speech	telebos	1	0.417513748397849	0.22523954278125569
speech	tutemet	1	0.417513748397849	0.22523954278125569
speech	ninus	1	0.417513748397849	0.22523954278125569
speech	tutum	1	0.417513748397849	0.22523954278125569
speech	indignissimus	1	0.417513748397849	0.22523954278125569
speech	indeploratus	1	0.417513748397849	0.22523954278125569
speech	uerreo	1	0.417513748397849	0.22523954278125569
speech	incunabula	1	0.417513748397849	0.22523954278125569
speech	dissonus	1	0.417513748397849	0.22523954278125569
speech	ticinius	1	0.417513748397849	0.22523954278125569
speech	inclamo	1	0.417513748397849	0.22523954278125569
speech	incertissimus	1	0.417513748397849	0.22523954278125569
speech	diuino	1	0.417513748397849	0.22523954278125569
speech	cognor	1	0.417513748397849	0.22523954278125569
speech	cognitus	1	0.417513748397849	0.22523954278125569
speech	diuturnus	1	0.417513748397849	0.22523954278125569
speech	nequus	1	0.417513748397849	0.22523954278125569
speech	cogendus	1	0.417513748397849	0.22523954278125569
speech	coagula	1	0.417513748397849	0.22523954278125569
speech	impollutus	1	0.417513748397849	0.22523954278125569
speech	trabeas	1	0.417513748397849	0.22523954278125569
speech	ilithyia	1	0.417513748397849	0.22523954278125569
speech	tectaphon	1	0.417513748397849	0.22523954278125569
speech	illest	1	0.417513748397849	0.22523954278125569
speech	uersutus	1	0.417513748397849	0.22523954278125569
speech	illabor	1	0.417513748397849	0.22523954278125569
speech	edendus	1	0.417513748397849	0.22523954278125569
speech	cliuosus	1	0.417513748397849	0.22523954278125569
speech	iliaca	1	0.417513748397849	0.22523954278125569
speech	ecfao	1	0.417513748397849	0.22523954278125569
speech	eetioneae	1	0.417513748397849	0.22523954278125569
speech	ignobilitas	1	0.417513748397849	0.22523954278125569
speech	igno	1	0.417513748397849	0.22523954278125569
speech	norbanus	1	0.417513748397849	0.22523954278125569
speech	effetum	1	0.417513748397849	0.22523954278125569
speech	ignauissimus	1	0.417513748397849	0.22523954278125569
speech	ecqui	1	0.417513748397849	0.22523954278125569
speech	eademnis	1	0.417513748397849	0.22523954278125569
speech	implesco	1	0.417513748397849	0.22523954278125569
speech	ductus	1	0.417513748397849	0.22523954278125569
speech	coaceruo	1	0.417513748397849	0.22523954278125569
speech	niphates	1	0.417513748397849	0.22523954278125569
speech	drusi	1	0.417513748397849	0.22523954278125569
speech	imperturbo	1	0.417513748397849	0.22523954278125569
speech	tiresius	1	0.417513748397849	0.22523954278125569
speech	ducendus	1	0.417513748397849	0.22523954278125569
speech	tiro	1	0.417513748397849	0.22523954278125569
speech	titanae	1	0.417513748397849	0.22523954278125569
speech	impediens	1	0.417513748397849	0.22523954278125569
speech	turriger	1	0.417513748397849	0.22523954278125569
speech	durissimus	1	0.417513748397849	0.22523954278125569
speech	nocentes	1	0.417513748397849	0.22523954278125569
speech	immutabilis	1	0.417513748397849	0.22523954278125569
speech	immorior	1	0.417513748397849	0.22523954278125569
speech	hersilius	1	0.417513748397849	0.22523954278125569
speech	nux	1	0.417513748397849	0.22523954278125569
speech	erycus	1	0.417513748397849	0.22523954278125569
speech	frugiferus	1	0.417513748397849	0.22523954278125569
speech	fulicus	1	0.417513748397849	0.22523954278125569
speech	fulcrum	1	0.417513748397849	0.22523954278125569
speech	omniparens	1	0.417513748397849	0.22523954278125569
speech	frutico	1	0.417513748397849	0.22523954278125569
speech	exspes	1	0.417513748397849	0.22523954278125569
speech	chaonia	1	0.417513748397849	0.22523954278125569
speech	chao	1	0.417513748397849	0.22523954278125569
speech	charopeius	1	0.417513748397849	0.22523954278125569
speech	omnituo	1	0.417513748397849	0.22523954278125569
speech	triceps	1	0.417513748397849	0.22523954278125569
speech	exsudo	1	0.417513748397849	0.22523954278125569
speech	tridentipotens	1	0.417513748397849	0.22523954278125569
speech	opinor	1	0.417513748397849	0.22523954278125569
speech	opinus	1	0.417513748397849	0.22523954278125569
speech	fulmino	1	0.417513748397849	0.22523954278125569
speech	expulio	1	0.417513748397849	0.22523954278125569
speech	execrabilis	1	0.417513748397849	0.22523954278125569
speech	exoptatus	1	0.417513748397849	0.22523954278125569
speech	choaspe	1	0.417513748397849	0.22523954278125569
speech	gelidoues	1	0.417513748397849	0.22523954278125569
speech	traxe	1	0.417513748397849	0.22523954278125569
speech	exoluo	1	0.417513748397849	0.22523954278125569
speech	chios	1	0.417513748397849	0.22523954278125569
speech	chio	1	0.417513748397849	0.22523954278125569
speech	troiamne	1	0.417513748397849	0.22523954278125569
speech	funesto	1	0.417513748397849	0.22523954278125569
speech	gallia	1	0.417513748397849	0.22523954278125569
speech	chia	1	0.417513748397849	0.22523954278125569
speech	tremefeco	1	0.417513748397849	0.22523954278125569
speech	gabii	1	0.417513748397849	0.22523954278125569
speech	expio	1	0.417513748397849	0.22523954278125569
speech	troiaeuus	1	0.417513748397849	0.22523954278125569
speech	triennium	1	0.417513748397849	0.22523954278125569
speech	fossor	1	0.417513748397849	0.22523954278125569
speech	fortunate	1	0.417513748397849	0.22523954278125569
speech	cercyonis	1	0.417513748397849	0.22523954278125569
speech	fallacus	1	0.417513748397849	0.22523954278125569
speech	triopeius	1	0.417513748397849	0.22523954278125569
speech	famulatus	1	0.417513748397849	0.22523954278125569
speech	fictor	1	0.417513748397849	0.22523954278125569
speech	fictilis	1	0.417513748397849	0.22523954278125569
speech	cercyonus	1	0.417513748397849	0.22523954278125569
speech	oriundus	1	0.417513748397849	0.22523954278125569
speech	extorris	1	0.417513748397849	0.22523954278125569
speech	cerbo	1	0.417513748397849	0.22523954278125569
speech	feria	1	0.417513748397849	0.22523954278125569
speech	tritone	1	0.417513748397849	0.22523954278125569
speech	tapetus	1	0.417513748397849	0.22523954278125569
speech	feles	1	0.417513748397849	0.22523954278125569
speech	fauon	1	0.417513748397849	0.22523954278125569
speech	finitor	1	0.417513748397849	0.22523954278125569
speech	ordio	1	0.417513748397849	0.22523954278125569
speech	orchomenon	1	0.417513748397849	0.22523954278125569
speech	firmior	1	0.417513748397849	0.22523954278125569
speech	cernisno	1	0.417513748397849	0.22523954278125569
speech	fixo	1	0.417513748397849	0.22523954278125569
speech	falcifer	1	0.417513748397849	0.22523954278125569
speech	flammaio	1	0.417513748397849	0.22523954278125569
speech	trilinguis	1	0.417513748397849	0.22523954278125569
speech	faco	1	0.417513748397849	0.22523954278125569
speech	opulentia	1	0.417513748397849	0.22523954278125569
speech	fabricius	1	0.417513748397849	0.22523954278125569
speech	formatus	1	0.417513748397849	0.22523954278125569
speech	formose	1	0.417513748397849	0.22523954278125569
speech	optarus	1	0.417513748397849	0.22523954278125569
speech	formosissimus	1	0.417513748397849	0.22523954278125569
speech	uestraene	1	0.417513748397849	0.22523954278125569
speech	exemplar	1	0.417513748397849	0.22523954278125569
speech	excusabilis	1	0.417513748397849	0.22523954278125569
speech	hermione	1	0.417513748397849	0.22523954278125569
speech	haliartus	1	0.417513748397849	0.22523954278125569
speech	harenosis	1	0.417513748397849	0.22523954278125569
speech	hara	1	0.417513748397849	0.22523954278125569
speech	hanno	1	0.417513748397849	0.22523954278125569
speech	euho	1	0.417513748397849	0.22523954278125569
speech	uespera	1	0.417513748397849	0.22523954278125569
speech	obligo	1	0.417513748397849	0.22523954278125569
speech	uestalis	1	0.417513748397849	0.22523954278125569
speech	tracueo	1	0.417513748397849	0.22523954278125569
speech	oblitusue	1	0.417513748397849	0.22523954278125569
speech	halaesi	1	0.417513748397849	0.22523954278125569
speech	haesero	1	0.417513748397849	0.22523954278125569
speech	traiectus	1	0.417513748397849	0.22523954278125569
speech	traluceo	1	0.417513748397849	0.22523954278125569
speech	tatium	1	0.417513748397849	0.22523954278125569
speech	hasne	1	0.417513748397849	0.22523954278125569
speech	euasto	1	0.417513748397849	0.22523954278125569
speech	oebalida	1	0.417513748397849	0.22523954278125569
speech	circumstipo	1	0.417513748397849	0.22523954278125569
speech	uerra	1	0.417513748397849	0.22523954278125569
speech	hermaphroditus	1	0.417513748397849	0.22523954278125569
speech	nycteis	1	0.417513748397849	0.22523954278125569
speech	erythra	1	0.417513748397849	0.22523954278125569
speech	trabeo	1	0.417513748397849	0.22523954278125569
speech	nycteus	1	0.417513748397849	0.22523954278125569
speech	trachas	1	0.417513748397849	0.22523954278125569
speech	hecataeus	1	0.417513748397849	0.22523954278125569
speech	trachinus	1	0.417513748397849	0.22523954278125569
speech	etiamnis	1	0.417513748397849	0.22523954278125569
speech	tullia	1	0.417513748397849	0.22523954278125569
speech	eualuo	1	0.417513748397849	0.22523954278125569
speech	circumsisto	1	0.417513748397849	0.22523954278125569
speech	taulantia	1	0.417513748397849	0.22523954278125569
speech	obscaenus	1	0.417513748397849	0.22523954278125569
speech	haecne	1	0.417513748397849	0.22523954278125569
speech	eumenidas	1	0.417513748397849	0.22523954278125569
speech	glandifera	1	0.417513748397849	0.22523954278125569
speech	obtorqueo	1	0.417513748397849	0.22523954278125569
speech	cillas	1	0.417513748397849	0.22523954278125569
speech	tartar	1	0.417513748397849	0.22523954278125569
speech	cilicus	1	0.417513748397849	0.22523954278125569
speech	ocalee	1	0.417513748397849	0.22523954278125569
speech	occallesco	1	0.417513748397849	0.22523954278125569
speech	transueho	1	0.417513748397849	0.22523954278125569
speech	hacen	1	0.417513748397849	0.22523954278125569
speech	tarquinii	1	0.417513748397849	0.22523954278125569
speech	tarpeus	1	0.417513748397849	0.22523954278125569
speech	ges	1	0.417513748397849	0.22523954278125569
speech	troiugena	1	0.417513748397849	0.22523954278125569
speech	chrispina	1	0.417513748397849	0.22523954278125569
speech	germanicus	1	0.417513748397849	0.22523954278125569
speech	glorior	1	0.417513748397849	0.22523954278125569
speech	exanguius	1	0.417513748397849	0.22523954278125569
speech	obtero	1	0.417513748397849	0.22523954278125569
speech	gorga	1	0.417513748397849	0.22523954278125569
speech	tartareius	1	0.417513748397849	0.22523954278125569
speech	examino	1	0.417513748397849	0.22523954278125569
speech	gorgonei	1	0.417513748397849	0.22523954278125569
speech	transfumo	1	0.417513748397849	0.22523954278125569
speech	eurysthea	1	0.417513748397849	0.22523954278125569
speech	cinna	1	0.417513748397849	0.22523954278125569
speech	granicus	1	0.417513748397849	0.22523954278125569
speech	eurydices	1	0.417513748397849	0.22523954278125569
speech	uestibo	1	0.417513748397849	0.22523954278125569
speech	gregatim	1	0.417513748397849	0.22523954278125569
speech	cinyphia	1	0.417513748397849	0.22523954278125569
speech	tartessiaca	1	0.417513748397849	0.22523954278125569
speech	gubernaclum	1	0.417513748397849	0.22523954278125569
speech	indigno	1	0.417513748397849	0.22523954278125569
speech	dispicio	1	0.417513748397849	0.22523954278125569
speech	lydores	1	0.417513748397849	0.22523954278125569
speech	lagus	1	0.417513748397849	0.22523954278125569
speech	tereu	1	0.417513748397849	0.22523954278125569
speech	cydo	1	0.417513748397849	0.22523954278125569
speech	thespiadae	1	0.417513748397849	0.22523954278125569
speech	cygnus	1	0.417513748397849	0.22523954278125569
speech	cyllena	1	0.417513748397849	0.22523954278125569
speech	cyllenaeus	1	0.417513748397849	0.22523954278125569
speech	ueniens	1	0.417513748397849	0.22523954278125569
speech	lanuuio	1	0.417513748397849	0.22523954278125569
speech	laestrygonus	1	0.417513748397849	0.22523954278125569
speech	conserueo	1	0.417513748397849	0.22523954278125569
speech	laesero	1	0.417513748397849	0.22523954278125569
speech	consensus	1	0.417513748397849	0.22523954278125569
speech	consenesco	1	0.417513748397849	0.22523954278125569
speech	cymaeus	1	0.417513748397849	0.22523954278125569
speech	cydimon	1	0.417513748397849	0.22523954278125569
speech	cyclopea	1	0.417513748397849	0.22523954278125569
speech	laconus	1	0.417513748397849	0.22523954278125569
speech	melanippe	1	0.417513748397849	0.22523954278125569
speech	consultor	1	0.417513748397849	0.22523954278125569
speech	lauini	1	0.417513748397849	0.22523954278125569
speech	laudatus	1	0.417513748397849	0.22523954278125569
speech	laudator	1	0.417513748397849	0.22523954278125569
speech	currendus	1	0.417513748397849	0.22523954278125569
speech	tergeminum	1	0.417513748397849	0.22523954278125569
speech	melia	1	0.417513748397849	0.22523954278125569
speech	conspicor	1	0.417513748397849	0.22523954278125569
speech	custodis	1	0.417513748397849	0.22523954278125569
speech	meliboeus	1	0.417513748397849	0.22523954278125569
speech	custoditus	1	0.417513748397849	0.22523954278125569
speech	larinas	1	0.417513748397849	0.22523954278125569
speech	cyanea	1	0.417513748397849	0.22523954278125569
speech	cybelum	1	0.417513748397849	0.22523954278125569
speech	cymelus	1	0.417513748397849	0.22523954278125569
speech	lachesin	1	0.417513748397849	0.22523954278125569
speech	isis	1	0.417513748397849	0.22523954278125569
speech	dasne	1	0.417513748397849	0.22523954278125569
speech	thetus	1	0.417513748397849	0.22523954278125569
speech	uaporifer	1	0.417513748397849	0.22523954278125569
speech	dardani	1	0.417513748397849	0.22523954278125569
speech	dardanis	1	0.417513748397849	0.22523954278125569
speech	miho	1	0.417513748397849	0.22523954278125569
speech	conlo	1	0.417513748397849	0.22523954278125569
speech	milon	1	0.417513748397849	0.22523954278125569
speech	dahus	1	0.417513748397849	0.22523954278125569
speech	ito	1	0.417513748397849	0.22523954278125569
speech	conlecueo	1	0.417513748397849	0.22523954278125569
speech	milus	1	0.417513748397849	0.22523954278125569
speech	istic	1	0.417513748397849	0.22523954278125569
speech	conlaudatus	1	0.417513748397849	0.22523954278125569
speech	coniunxnes	1	0.417513748397849	0.22523954278125569
speech	metor	1	0.417513748397849	0.22523954278125569
speech	dahae	1	0.417513748397849	0.22523954278125569
speech	conscelero	1	0.417513748397849	0.22523954278125569
speech	conripo	1	0.417513748397849	0.22523954278125569
speech	consanguinitas	1	0.417513748397849	0.22523954278125569
speech	cons	1	0.417513748397849	0.22523954278125569
speech	cyparisson	1	0.417513748397849	0.22523954278125569
speech	lacedaemon	1	0.417513748397849	0.22523954278125569
speech	cyrenaea	1	0.417513748397849	0.22523954278125569
speech	cythereiadae	1	0.417513748397849	0.22523954278125569
speech	conripio	1	0.417513748397849	0.22523954278125569
speech	messenius	1	0.417513748397849	0.22523954278125569
speech	cythereis	1	0.417513748397849	0.22523954278125569
speech	meropis	1	0.417513748397849	0.22523954278125569
speech	thestius	1	0.417513748397849	0.22523954278125569
speech	cyzica	1	0.417513748397849	0.22523954278125569
speech	thestoris	1	0.417513748397849	0.22523954278125569
speech	tercentum	1	0.417513748397849	0.22523954278125569
speech	consultum	1	0.417513748397849	0.22523954278125569
speech	termino	1	0.417513748397849	0.22523954278125569
speech	medeon	1	0.417513748397849	0.22523954278125569
speech	ueeto	1	0.417513748397849	0.22523954278125569
speech	ueientum	1	0.417513748397849	0.22523954278125569
speech	lucifera	1	0.417513748397849	0.22523954278125569
speech	lotus	1	0.417513748397849	0.22523954278125569
speech	copula	1	0.417513748397849	0.22523954278125569
speech	coptus	1	0.417513748397849	0.22523954278125569
speech	locum	1	0.417513748397849	0.22523954278125569
speech	locris	1	0.417513748397849	0.22523954278125569
speech	lucro	1	0.417513748397849	0.22523954278125569
speech	lo	1	0.417513748397849	0.22523954278125569
speech	cribrum	1	0.417513748397849	0.22523954278125569
speech	conuulsus	1	0.417513748397849	0.22523954278125569
speech	terrisue	1	0.417513748397849	0.22523954278125569
speech	crimises	1	0.417513748397849	0.22523954278125569
speech	conuoldo	1	0.417513748397849	0.22523954278125569
speech	lucretia	1	0.417513748397849	0.22523954278125569
speech	lucta	1	0.417513748397849	0.22523954278125569
speech	medentes	1	0.417513748397849	0.22523954278125569
speech	lycides	1	0.417513748397849	0.22523954278125569
speech	maenalis	1	0.417513748397849	0.22523954278125569
speech	coronides	1	0.417513748397849	0.22523954278125569
speech	corybantia	1	0.417513748397849	0.22523954278125569
speech	coroneus	1	0.417513748397849	0.22523954278125569
speech	corycium	1	0.417513748397849	0.22523954278125569
speech	testa	1	0.417513748397849	0.22523954278125569
speech	corytus	1	0.417513748397849	0.22523954278125569
speech	terro	1	0.417513748397849	0.22523954278125569
speech	cossus	1	0.417513748397849	0.22523954278125569
speech	cothon	1	0.417513748397849	0.22523954278125569
speech	couinnus	1	0.417513748397849	0.22523954278125569
speech	cragos	1	0.417513748397849	0.22523954278125569
speech	lunatus	1	0.417513748397849	0.22523954278125569
speech	credisne	1	0.417513748397849	0.22523954278125569
speech	liniger	1	0.417513748397849	0.22523954278125569
speech	thasus	1	0.417513748397849	0.22523954278125569
speech	marcius	1	0.417513748397849	0.22523954278125569
speech	culpatamuus	1	0.417513748397849	0.22523954278125569
speech	libamenta	1	0.417513748397849	0.22523954278125569
speech	leucosia	1	0.417513748397849	0.22523954278125569
speech	leuconoe	1	0.417513748397849	0.22523954278125569
speech	letus	1	0.417513748397849	0.22523954278125569
speech	culpandaue	1	0.417513748397849	0.22523954278125569
speech	culpandus	1	0.417513748397849	0.22523954278125569
speech	culpatusuus	1	0.417513748397849	0.22523954278125569
speech	uenas	1	0.417513748397849	0.22523954278125569
speech	lenus	1	0.417513748397849	0.22523954278125569
speech	lenissimus	1	0.417513748397849	0.22523954278125569
speech	therapnaei	1	0.417513748397849	0.22523954278125569
speech	therapnes	1	0.417513748397849	0.22523954278125569
speech	curalis	1	0.417513748397849	0.22523954278125569
speech	lebadia	1	0.417513748397849	0.22523954278125569
speech	cruror	1	0.417513748397849	0.22523954278125569
speech	cruciatus	1	0.417513748397849	0.22523954278125569
speech	contuor	1	0.417513748397849	0.22523954278125569
speech	terriculum	1	0.417513748397849	0.22523954278125569
speech	crotopus	1	0.417513748397849	0.22523954278125569
speech	crotonus	1	0.417513748397849	0.22523954278125569
speech	crotonae	1	0.417513748397849	0.22523954278125569
speech	marsa	1	0.417513748397849	0.22523954278125569
speech	cromyon	1	0.417513748397849	0.22523954278125569
speech	liburni	1	0.417513748397849	0.22523954278125569
speech	libyn	1	0.417513748397849	0.22523954278125569
speech	licens	1	0.417513748397849	0.22523954278125569
speech	licentior	1	0.417513748397849	0.22523954278125569
speech	liceo	1	0.417513748397849	0.22523954278125569
speech	licha	1	0.417513748397849	0.22523954278125569
speech	thaumas	1	0.417513748397849	0.22523954278125569
speech	ligustrum	1	0.417513748397849	0.22523954278125569
speech	thisbaeus	1	0.417513748397849	0.22523954278125569
speech	coniugiumne	1	0.417513748397849	0.22523954278125569
speech	tibino	1	0.417513748397849	0.22523954278125569
speech	naius	1	0.417513748397849	0.22523954278125569
speech	myrtilos	1	0.417513748397849	0.22523954278125569
speech	inmobilis	1	0.417513748397849	0.22523954278125569
speech	temesaeus	1	0.417513748397849	0.22523954278125569
speech	inmitus	1	0.417513748397849	0.22523954278125569
speech	communiter	1	0.417513748397849	0.22523954278125569
speech	inmeritas	1	0.417513748397849	0.22523954278125569
speech	deuotus	1	0.417513748397849	0.22523954278125569
speech	myrtetum	1	0.417513748397849	0.22523954278125569
speech	dexteris	1	0.417513748397849	0.22523954278125569
speech	dextrus	1	0.417513748397849	0.22523954278125569
speech	narycia	1	0.417513748397849	0.22523954278125569
speech	thymbra	1	0.417513748397849	0.22523954278125569
speech	inlaedo	1	0.417513748397849	0.22523954278125569
speech	comitemnus	1	0.417513748397849	0.22523954278125569
speech	inmunitus	1	0.417513748397849	0.22523954278125569
speech	temesis	1	0.417513748397849	0.22523954278125569
speech	diffamo	1	0.417513748397849	0.22523954278125569
speech	inpello	1	0.417513748397849	0.22523954278125569
speech	inreplo	1	0.417513748397849	0.22523954278125569
speech	inreparabilis	1	0.417513748397849	0.22523954278125569
speech	thyiae	1	0.417513748397849	0.22523954278125569
speech	composo	1	0.417513748397849	0.22523954278125569
speech	tyrrhenaue	1	0.417513748397849	0.22523954278125569
speech	desubito	1	0.417513748397849	0.22523954278125569
speech	inpedeo	1	0.417513748397849	0.22523954278125569
speech	thyles	1	0.417513748397849	0.22523954278125569
speech	mutariue	1	0.417513748397849	0.22523954278125569
speech	complectens	1	0.417513748397849	0.22523954278125569
speech	competo	1	0.417513748397849	0.22523954278125569
speech	thyius	1	0.417513748397849	0.22523954278125569
speech	innutrio	1	0.417513748397849	0.22523954278125569
speech	mycalesus	1	0.417513748397849	0.22523954278125569
speech	iniussus	1	0.417513748397849	0.22523954278125569
speech	inimico	1	0.417513748397849	0.22523954278125569
speech	thitsbe	1	0.417513748397849	0.22523954278125569
speech	telephus	1	0.417513748397849	0.22523954278125569
speech	thyrmis	1	0.417513748397849	0.22523954278125569
speech	infitiandus	1	0.417513748397849	0.22523954278125569
speech	typhoia	1	0.417513748397849	0.22523954278125569
speech	neglectus	1	0.417513748397849	0.22523954278125569
speech	collatinus	1	0.417513748397849	0.22523954278125569
speech	infamatus	1	0.417513748397849	0.22523954278125569
speech	negligo	1	0.417513748397849	0.22523954278125569
speech	ueritas	1	0.417513748397849	0.22523954278125569
speech	inexcusabilis	1	0.417513748397849	0.22523954278125569
speech	inemptus	1	0.417513748397849	0.22523954278125569
speech	telephon	1	0.417513748397849	0.22523954278125569
speech	indubito	1	0.417513748397849	0.22523954278125569
speech	disiicio	1	0.417513748397849	0.22523954278125569
speech	nemone	1	0.417513748397849	0.22523954278125569
speech	ingeniosus	1	0.417513748397849	0.22523954278125569
speech	ingenitus	1	0.417513748397849	0.22523954278125569
speech	digeso	1	0.417513748397849	0.22523954278125569
speech	colum	1	0.417513748397849	0.22523954278125569
speech	inhonoratus	1	0.417513748397849	0.22523954278125569
speech	dignior	1	0.417513748397849	0.22523954278125569
speech	dignosco	1	0.417513748397849	0.22523954278125569
speech	columenue	1	0.417513748397849	0.22523954278125569
speech	thymum	1	0.417513748397849	0.22523954278125569
speech	ingredor	1	0.417513748397849	0.22523954278125569
speech	ingluuies	1	0.417513748397849	0.22523954278125569
speech	uerginia	1	0.417513748397849	0.22523954278125569
speech	uergilius	1	0.417513748397849	0.22523954278125569
speech	telestes	1	0.417513748397849	0.22523954278125569
speech	necandus	1	0.417513748397849	0.22523954278125569
speech	ingestus	1	0.417513748397849	0.22523954278125569
speech	ingenuus	1	0.417513748397849	0.22523954278125569
speech	diomedeus	1	0.417513748397849	0.22523954278125569
speech	temperus	1	0.417513748397849	0.22523954278125569
speech	thyesteus	1	0.417513748397849	0.22523954278125569
speech	tyrrhenia	1	0.417513748397849	0.22523954278125569
speech	intractabilis	1	0.417513748397849	0.22523954278125569
speech	mithra	1	0.417513748397849	0.22523954278125569
speech	intueor	1	0.417513748397849	0.22523954278125569
speech	intubum	1	0.417513748397849	0.22523954278125569
speech	deieco	1	0.417513748397849	0.22523954278125569
speech	intracto	1	0.417513748397849	0.22523954278125569
speech	moderatrix	1	0.417513748397849	0.22523954278125569
speech	interruptus	1	0.417513748397849	0.22523954278125569
speech	inuentor	1	0.417513748397849	0.22523954278125569
speech	conflictus	1	0.417513748397849	0.22523954278125569
speech	confertissimus	1	0.417513748397849	0.22523954278125569
speech	uagio	1	0.417513748397849	0.22523954278125569
speech	molio	1	0.417513748397849	0.22523954278125569
speech	delegio	1	0.417513748397849	0.22523954278125569
speech	delego	1	0.417513748397849	0.22523954278125569
speech	intuor	1	0.417513748397849	0.22523954278125569
speech	inuentrix	1	0.417513748397849	0.22523954278125569
speech	inrubesco	1	0.417513748397849	0.22523954278125569
speech	inutilus	1	0.417513748397849	0.22523954278125569
speech	irrito	1	0.417513748397849	0.22523954278125569
speech	minturnus	1	0.417513748397849	0.22523954278125569
speech	dedeceo	1	0.417513748397849	0.22523954278125569
speech	dedecet	1	0.417513748397849	0.22523954278125569
speech	dedoceo	1	0.417513748397849	0.22523954278125569
speech	iolcon	1	0.417513748397849	0.22523954278125569
speech	tenuiue	1	0.417513748397849	0.22523954278125569
speech	defungor	1	0.417513748397849	0.22523954278125569
speech	ueno	1	0.417513748397849	0.22523954278125569
speech	miscendus	1	0.417513748397849	0.22523954278125569
speech	deferueo	1	0.417513748397849	0.22523954278125569
speech	inuolo	1	0.417513748397849	0.22523954278125569
speech	congeso	1	0.417513748397849	0.22523954278125569
speech	defunco	1	0.417513748397849	0.22523954278125569
speech	interpretor	1	0.417513748397849	0.22523954278125569
speech	condisco	1	0.417513748397849	0.22523954278125569
speech	deliciae	1	0.417513748397849	0.22523954278125569
speech	morus	1	0.417513748397849	0.22523954278125569
speech	uentusue	1	0.417513748397849	0.22523954278125569
speech	depereo	1	0.417513748397849	0.22523954278125569
speech	instruco	1	0.417513748397849	0.22523954278125569
speech	mortemnis	1	0.417513748397849	0.22523954278125569
speech	inspolio	1	0.417513748397849	0.22523954278125569
speech	depugno	1	0.417513748397849	0.22523954278125569
speech	uerane	1	0.417513748397849	0.22523954278125569
speech	molossa	1	0.417513748397849	0.22523954278125569
speech	thybrinus	1	0.417513748397849	0.22523954278125569
speech	mosa	1	0.417513748397849	0.22523954278125569
speech	insignio	1	0.417513748397849	0.22523954278125569
speech	insector	1	0.417513748397849	0.22523954278125569
speech	insculpo	1	0.417513748397849	0.22523954278125569
speech	deserpo	1	0.417513748397849	0.22523954278125569
speech	thressae	1	0.417513748397849	0.22523954278125569
speech	dependo	1	0.417513748397849	0.22523954278125569
speech	tyrus	1	0.417513748397849	0.22523954278125569
speech	morinus	1	0.417513748397849	0.22523954278125569
speech	mopsis	1	0.417513748397849	0.22523954278125569
speech	denuntio	1	0.417513748397849	0.22523954278125569
speech	denseo	1	0.417513748397849	0.22523954278125569
speech	intercedo	1	0.417513748397849	0.22523954278125569
speech	demolior	1	0.417513748397849	0.22523954278125569
speech	concumbo	1	0.417513748397849	0.22523954278125569
speech	thracen	1	0.417513748397849	0.22523954278125569
speech	delphos	1	0.417513748397849	0.22523954278125569
speech	interiungo	1	0.417513748397849	0.22523954278125569
speech	delictum	1	0.417513748397849	0.22523954278125569
speech	concustodio	1	0.417513748397849	0.22523954278125569
speech	moly	1	0.417513748397849	0.22523954278125569
speech	molossis	1	0.417513748397849	0.22523954278125569
speech	uetior	1	0.417513748397849	0.22523954278125569
speech	spumiger	1	0.417513748397849	0.22523954278125569
speech	antefero	1	0.417513748397849	0.22523954278125569
speech	uiticola	1	0.417513748397849	0.22523954278125569
speech	superfundo	1	0.417513748397849	0.22523954278125569
speech	aegaea	1	0.417513748397849	0.22523954278125569
speech	britanni	1	0.417513748397849	0.22523954278125569
speech	phasus	1	0.417513748397849	0.22523954278125569
speech	procruste	1	0.417513748397849	0.22523954278125569
speech	procrin	1	0.417513748397849	0.22523954278125569
speech	phegeius	1	0.417513748397849	0.22523954278125569
speech	phegeu	1	0.417513748397849	0.22523954278125569
speech	sanabilis	1	0.417513748397849	0.22523954278125569
speech	redarguo	1	0.417513748397849	0.22523954278125569
speech	procliuis	1	0.417513748397849	0.22523954278125569
speech	rescio	1	0.417513748397849	0.22523954278125569
speech	stilus	1	0.417513748397849	0.22523954278125569
speech	semianima	1	0.417513748397849	0.22523954278125569
speech	philammon	1	0.417513748397849	0.22523954278125569
speech	pharsaliaeue	1	0.417513748397849	0.22523954278125569
speech	broteas	1	0.417513748397849	0.22523954278125569
speech	adlego	1	0.417513748397849	0.22523954278125569
speech	bubastis	1	0.417513748397849	0.22523954278125569
speech	semelaeus	1	0.417513748397849	0.22523954278125569
speech	uiuamno	1	0.417513748397849	0.22523954278125569
speech	superetne	1	0.417513748397849	0.22523954278125569
speech	phaethontidus	1	0.417513748397849	0.22523954278125569
speech	reses	1	0.417513748397849	0.22523954278125569
speech	rurigena	1	0.417513748397849	0.22523954278125569
speech	alcimedon	1	0.417513748397849	0.22523954278125569
speech	pharos	1	0.417513748397849	0.22523954278125569
speech	phaethontius	1	0.417513748397849	0.22523954278125569
speech	amicior	1	0.417513748397849	0.22523954278125569
speech	pharaeos	1	0.417513748397849	0.22523954278125569
speech	pharia	1	0.417513748397849	0.22523954278125569
speech	procuruo	1	0.417513748397849	0.22523954278125569
speech	similemue	1	0.417513748397849	0.22523954278125569
speech	uinceo	1	0.417513748397849	0.22523954278125569
speech	asprus	1	0.417513748397849	0.22523954278125569
speech	adlabo	1	0.417513748397849	0.22523954278125569
speech	phrixeo	1	0.417513748397849	0.22523954278125569
speech	phrixe	1	0.417513748397849	0.22523954278125569
speech	superinicio	1	0.417513748397849	0.22523954278125569
speech	superinmino	1	0.417513748397849	0.22523954278125569
speech	priapus	1	0.417513748397849	0.22523954278125569
speech	sidoniusne	1	0.417513748397849	0.22523954278125569
speech	phrixei	1	0.417513748397849	0.22523954278125569
speech	priamidus	1	0.417513748397849	0.22523954278125569
speech	priuignus	1	0.417513748397849	0.22523954278125569
speech	acrisio	1	0.417513748397849	0.22523954278125569
speech	phrygiae	1	0.417513748397849	0.22523954278125569
speech	salmonis	1	0.417513748397849	0.22523954278125569
speech	bistoniae	1	0.417513748397849	0.22523954278125569
speech	sidonidus	1	0.417513748397849	0.22523954278125569
speech	phthia	1	0.417513748397849	0.22523954278125569
speech	phoronis	1	0.417513748397849	0.22523954278125569
speech	uxorius	1	0.417513748397849	0.22523954278125569
speech	sila	1	0.417513748397849	0.22523954278125569
speech	semiramis	1	0.417513748397849	0.22523954278125569
speech	adiutrix	1	0.417513748397849	0.22523954278125569
speech	samothracia	1	0.417513748397849	0.22523954278125569
speech	proceer	1	0.417513748397849	0.22523954278125569
speech	bosporon	1	0.417513748397849	0.22523954278125569
speech	subedo	1	0.417513748397849	0.22523954278125569
speech	rediio	1	0.417513748397849	0.22523954278125569
speech	phocida	1	0.417513748397849	0.22523954278125569
speech	sympleges	1	0.417513748397849	0.22523954278125569
speech	assuetudo	1	0.417513748397849	0.22523954278125569
speech	succenso	1	0.417513748397849	0.22523954278125569
speech	phoebas	1	0.417513748397849	0.22523954278125569
speech	bola	1	0.417513748397849	0.22523954278125569
speech	assyrii	1	0.417513748397849	0.22523954278125569
speech	boeotius	1	0.417513748397849	0.22523954278125569
speech	phaestiadae	1	0.417513748397849	0.22523954278125569
speech	uolgo	1	0.417513748397849	0.22523954278125569
speech	buris	1	0.417513748397849	0.22523954278125569
speech	unusne	1	0.417513748397849	0.22523954278125569
speech	sedeamina	1	0.417513748397849	0.22523954278125569
speech	rueo	1	0.417513748397849	0.22523954278125569
speech	amphionius	1	0.417513748397849	0.22523954278125569
speech	reccido	1	0.417513748397849	0.22523954278125569
speech	sirini	1	0.417513748397849	0.22523954278125569
speech	struco	1	0.417513748397849	0.22523954278125569
speech	uo	1	0.417513748397849	0.22523954278125569
speech	perpendo	1	0.417513748397849	0.22523954278125569
speech	sinuessa	1	0.417513748397849	0.22523954278125569
speech	receo	1	0.417513748397849	0.22523954278125569
speech	sane	1	0.417513748397849	0.22523954278125569
speech	amotus	1	0.417513748397849	0.22523954278125569
speech	prolato	1	0.417513748397849	0.22523954278125569
speech	uiuitne	1	0.417513748397849	0.22523954278125569
speech	arpi	1	0.417513748397849	0.22523954278125569
speech	sitne	1	0.417513748397849	0.22523954278125569
speech	tabificus	1	0.417513748397849	0.22523954278125569
speech	rubra	1	0.417513748397849	0.22523954278125569
speech	calenum	1	0.417513748397849	0.22523954278125569
speech	sectilis	1	0.417513748397849	0.22523954278125569
speech	promunturium	1	0.417513748397849	0.22523954278125569
speech	rotulus	1	0.417513748397849	0.22523954278125569
speech	rubentum	1	0.417513748397849	0.22523954278125569
speech	permeo	1	0.417513748397849	0.22523954278125569
speech	sectus	1	0.417513748397849	0.22523954278125569
speech	sminthea	1	0.417513748397849	0.22523954278125569
speech	adopto	1	0.417513748397849	0.22523954278125569
speech	permessis	1	0.417513748397849	0.22523954278125569
speech	permisco	1	0.417513748397849	0.22523954278125569
speech	pernicies	1	0.417513748397849	0.22523954278125569
speech	sociatrix	1	0.417513748397849	0.22523954278125569
speech	structus	1	0.417513748397849	0.22523954278125569
speech	admoro	1	0.417513748397849	0.22523954278125569
speech	reco	1	0.417513748397849	0.22523954278125569
speech	recurseo	1	0.417513748397849	0.22523954278125569
speech	ascio	1	0.417513748397849	0.22523954278125569
speech	petelia	1	0.417513748397849	0.22523954278125569
speech	profico	1	0.417513748397849	0.22523954278125569
speech	cadendus	1	0.417513748397849	0.22523954278125569
speech	sella	1	0.417513748397849	0.22523954278125569
speech	peteon	1	0.417513748397849	0.22523954278125569
speech	uoluse	1	0.417513748397849	0.22523954278125569
speech	profectus	1	0.417513748397849	0.22523954278125569
speech	ascanio	1	0.417513748397849	0.22523954278125569
speech	respectentuo	1	0.417513748397849	0.22523954278125569
speech	sinae	1	0.417513748397849	0.22523954278125569
speech	busiris	1	0.417513748397849	0.22523954278125569
speech	phaeocomes	1	0.417513748397849	0.22523954278125569
speech	ascraeus	1	0.417513748397849	0.22523954278125569
speech	phaestia	1	0.417513748397849	0.22523954278125569
speech	selius	1	0.417513748397849	0.22523954278125569
speech	restagnans	1	0.417513748397849	0.22523954278125569
speech	persuadeo	1	0.417513748397849	0.22523954278125569
speech	peruideo	1	0.417513748397849	0.22523954278125569
speech	pertracto	1	0.417513748397849	0.22523954278125569
speech	segnisue	1	0.417513748397849	0.22523954278125569
speech	regnandus	1	0.417513748397849	0.22523954278125569
speech	restringo	1	0.417513748397849	0.22523954278125569
speech	progensco	1	0.417513748397849	0.22523954278125569
speech	progenitor	1	0.417513748397849	0.22523954278125569
speech	admeta	1	0.417513748397849	0.22523954278125569
speech	uiuendus	1	0.417513748397849	0.22523954278125569
speech	sinisterus	1	0.417513748397849	0.22523954278125569
speech	progenis	1	0.417513748397849	0.22523954278125569
speech	progeneo	1	0.417513748397849	0.22523954278125569
speech	perusinus	1	0.417513748397849	0.22523954278125569
speech	seligo	1	0.417513748397849	0.22523954278125569
speech	peruulgo	1	0.417513748397849	0.22523954278125569
speech	replesco	1	0.417513748397849	0.22523954278125569
speech	atalantes	1	0.417513748397849	0.22523954278125569
speech	periura	1	0.417513748397849	0.22523954278125569
speech	symaethides	1	0.417513748397849	0.22523954278125569
speech	surrentinus	1	0.417513748397849	0.22523954278125569
speech	uirri	1	0.417513748397849	0.22523954278125569
speech	polluceo	1	0.417513748397849	0.22523954278125569
speech	polybus	1	0.417513748397849	0.22523954278125569
speech	seruatrix	1	0.417513748397849	0.22523954278125569
speech	saetus	1	0.417513748397849	0.22523954278125569
speech	praecorruptus	1	0.417513748397849	0.22523954278125569
speech	polyxena	1	0.417513748397849	0.22523954278125569
speech	augusta	1	0.417513748397849	0.22523954278125569
speech	aequauo	1	0.417513748397849	0.22523954278125569
speech	praecorrumpo	1	0.417513748397849	0.22523954278125569
speech	polyxo	1	0.417513748397849	0.22523954278125569
speech	regentus	1	0.417513748397849	0.22523954278125569
speech	praecino	1	0.417513748397849	0.22523954278125569
speech	praeceleo	1	0.417513748397849	0.22523954278125569
speech	poeniteo	1	0.417513748397849	0.22523954278125569
speech	poenasne	1	0.417513748397849	0.22523954278125569
speech	poeantiades	1	0.417513748397849	0.22523954278125569
speech	suspectiue	1	0.417513748397849	0.22523954278125569
speech	plumbeus	1	0.417513748397849	0.22523954278125569
speech	batauus	1	0.417513748397849	0.22523954278125569
speech	suspendiue	1	0.417513748397849	0.22523954278125569
speech	strideo	1	0.417513748397849	0.22523954278125569
speech	praeduco	1	0.417513748397849	0.22523954278125569
speech	refuga	1	0.417513748397849	0.22523954278125569
speech	uolcanius	1	0.417513748397849	0.22523954278125569
speech	podarce	1	0.417513748397849	0.22523954278125569
speech	auenomaus	1	0.417513748397849	0.22523954278125569
speech	sensura	1	0.417513748397849	0.22523954278125569
speech	adamo	1	0.417513748397849	0.22523954278125569
speech	adfirmo	1	0.417513748397849	0.22523954278125569
speech	barbare	1	0.417513748397849	0.22523954278125569
speech	praedaeue	1	0.417513748397849	0.22523954278125569
speech	adfabilis	1	0.417513748397849	0.22523954278125569
speech	poues	1	0.417513748397849	0.22523954278125569
speech	pometios	1	0.417513748397849	0.22523954278125569
speech	sacramentum	1	0.417513748397849	0.22523954278125569
speech	adcumbo	1	0.417513748397849	0.22523954278125569
speech	porthaonia	1	0.417513748397849	0.22523954278125569
speech	posterior	1	0.417513748397849	0.22523954278125569
speech	porthaonides	1	0.417513748397849	0.22523954278125569
speech	posta	1	0.417513748397849	0.22523954278125569
speech	porthaonus	1	0.417513748397849	0.22523954278125569
speech	australis	1	0.417513748397849	0.22523954278125569
speech	postumus	1	0.417513748397849	0.22523954278125569
speech	serendus	1	0.417513748397849	0.22523954278125569
speech	strenuitas	1	0.417513748397849	0.22523954278125569
speech	posca	1	0.417513748397849	0.22523954278125569
speech	possimno	1	0.417513748397849	0.22523954278125569
speech	addisco	1	0.417513748397849	0.22523954278125569
speech	sacratis	1	0.417513748397849	0.22523954278125569
speech	postilla	1	0.417513748397849	0.22523954278125569
speech	uirens	1	0.417513748397849	0.22523954278125569
speech	potuitueo	1	0.417513748397849	0.22523954278125569
speech	potiuor	1	0.417513748397849	0.22523954278125569
speech	ponticus	1	0.417513748397849	0.22523954278125569
speech	uulgar	1	0.417513748397849	0.22523954278125569
speech	reiicio	1	0.417513748397849	0.22523954278125569
speech	bacifer	1	0.417513748397849	0.22523954278125569
speech	pontifex	1	0.417513748397849	0.22523954278125569
speech	serpentigena	1	0.417513748397849	0.22523954278125569
speech	adesus	1	0.417513748397849	0.22523954278125569
speech	regressus	1	0.417513748397849	0.22523954278125569
speech	potio	1	0.417513748397849	0.22523954278125569
speech	regula	1	0.417513748397849	0.22523954278125569
speech	porrego	1	0.417513748397849	0.22523954278125569
speech	sacraenus	1	0.417513748397849	0.22523954278125569
speech	sacriligo	1	0.417513748397849	0.22523954278125569
speech	potereo	1	0.417513748397849	0.22523954278125569
speech	plius	1	0.417513748397849	0.22523954278125569
speech	pleuronius	1	0.417513748397849	0.22523954278125569
speech	pleminius	1	0.417513748397849	0.22523954278125569
speech	renodo	1	0.417513748397849	0.22523954278125569
speech	praesidium	1	0.417513748397849	0.22523954278125569
speech	sempernis	1	0.417513748397849	0.22523954278125569
speech	sicanii	1	0.417513748397849	0.22523954278125569
speech	atreius	1	0.417513748397849	0.22523954278125569
speech	pinniger	1	0.417513748397849	0.22523954278125569
speech	pirithoi	1	0.417513748397849	0.22523954278125569
speech	praesagum	1	0.417513748397849	0.22523954278125569
speech	bifurcum	1	0.417513748397849	0.22523954278125569
speech	praerepo	1	0.417513748397849	0.22523954278125569
speech	sicana	1	0.417513748397849	0.22523954278125569
speech	praequestus	1	0.417513748397849	0.22523954278125569
speech	praeproperus	1	0.417513748397849	0.22523954278125569
speech	ambitio	1	0.417513748397849	0.22523954278125569
speech	pisenor	1	0.417513748397849	0.22523954278125569
speech	sicinus	1	0.417513748397849	0.22523954278125569
speech	pinarius	1	0.417513748397849	0.22523954278125569
speech	reformido	1	0.417513748397849	0.22523954278125569
speech	aerarium	1	0.417513748397849	0.22523954278125569
speech	repexo	1	0.417513748397849	0.22523954278125569
speech	pressiue	1	0.417513748397849	0.22523954278125569
speech	prehenso	1	0.417513748397849	0.22523954278125569
speech	repecto	1	0.417513748397849	0.22523954278125569
speech	semoueo	1	0.417513748397849	0.22523954278125569
speech	athamantiades	1	0.417513748397849	0.22523954278125569
speech	pierus	1	0.417513748397849	0.22523954278125569
speech	biiugis	1	0.417513748397849	0.22523954278125569
speech	repandus	1	0.417513748397849	0.22523954278125569
speech	pigetuo	1	0.417513748397849	0.22523954278125569
speech	praetexa	1	0.417513748397849	0.22523954278125569
speech	praestruo	1	0.417513748397849	0.22523954278125569
speech	alipedus	1	0.417513748397849	0.22523954278125569
speech	praestantissimus	1	0.417513748397849	0.22523954278125569
speech	refloresceo	1	0.417513748397849	0.22523954278125569
speech	utriqusum	1	0.417513748397849	0.22523954278125569
speech	subcumbo	1	0.417513748397849	0.22523954278125569
speech	praelatus	1	0.417513748397849	0.22523954278125569
speech	placito	1	0.417513748397849	0.22523954278125569
speech	bellen	1	0.417513748397849	0.22523954278125569
speech	attrecto	1	0.417513748397849	0.22523954278125569
speech	adfulgeo	1	0.417513748397849	0.22523954278125569
speech	attribuo	1	0.417513748397849	0.22523954278125569
speech	serum	1	0.417513748397849	0.22523954278125569
speech	praefur	1	0.417513748397849	0.22523954278125569
speech	praematurus	1	0.417513748397849	0.22523954278125569
speech	belgicus	1	0.417513748397849	0.22523954278125569
speech	praeformido	1	0.417513748397849	0.22523954278125569
speech	plecto	1	0.417513748397849	0.22523954278125569
speech	rutulusne	1	0.417513748397849	0.22523954278125569
speech	amazonia	1	0.417513748397849	0.22523954278125569
speech	audendus	1	0.417513748397849	0.22523954278125569
speech	uuidus	1	0.417513748397849	0.22523954278125569
speech	uirtusue	1	0.417513748397849	0.22523954278125569
speech	praemonstro	1	0.417513748397849	0.22523954278125569
speech	sexangulus	1	0.417513748397849	0.22523954278125569
speech	remoro	1	0.417513748397849	0.22523954278125569
speech	pistrix	1	0.417513748397849	0.22523954278125569
speech	remoneo	1	0.417513748397849	0.22523954278125569
speech	benefactus	1	0.417513748397849	0.22523954278125569
speech	pittheus	1	0.417513748397849	0.22523954278125569
speech	remollio	1	0.417513748397849	0.22523954278125569
speech	uoraptus	1	0.417513748397849	0.22523954278125569
speech	sagum	1	0.417513748397849	0.22523954278125569
speech	bellumne	1	0.417513748397849	0.22523954278125569
speech	seston	1	0.417513748397849	0.22523954278125569
speech	sestius	1	0.417513748397849	0.22523954278125569
speech	placaminum	1	0.417513748397849	0.22523954278125569
speech	placatus	1	0.417513748397849	0.22523954278125569
speech	salamina	1	0.417513748397849	0.22523954278125569
speech	amplexor	1	0.417513748397849	0.22523954278125569
speech	uipera	1	0.417513748397849	0.22523954278125569
speech	uieo	1	0.417513748397849	0.22523954278125569
speech	tapes	1	0.417513748397849	0.22523954278125569
speech	putrefacio	1	0.417513748397849	0.22523954278125569
speech	rhexenor	1	0.417513748397849	0.22523954278125569
speech	scironus	1	0.417513748397849	0.22523954278125569
speech	animans	1	0.417513748397849	0.22523954278125569
speech	anies	1	0.417513748397849	0.22523954278125569
speech	pus	1	0.417513748397849	0.22523954278125569
speech	scisco	1	0.417513748397849	0.22523954278125569
speech	scite	1	0.417513748397849	0.22523954278125569
speech	quisquamne	1	0.417513748397849	0.22523954278125569
speech	scolon	1	0.417513748397849	0.22523954278125569
speech	stabiae	1	0.417513748397849	0.22523954278125569
speech	pariendus	1	0.417513748397849	0.22523954278125569
speech	aquinus	1	0.417513748397849	0.22523954278125569
speech	adsimilis	1	0.417513748397849	0.22523954278125569
speech	stabilibo	1	0.417513748397849	0.22523954278125569
speech	sperchei	1	0.417513748397849	0.22523954278125569
speech	caudex	1	0.417513748397849	0.22523954278125569
speech	pygmalionea	1	0.417513748397849	0.22523954278125569
speech	sperneo	1	0.417513748397849	0.22523954278125569
speech	abolesco	1	0.417513748397849	0.22523954278125569
speech	tanaquil	1	0.417513748397849	0.22523954278125569
speech	appono	1	0.417513748397849	0.22523954278125569
speech	pyrrhin	1	0.417513748397849	0.22523954278125569
speech	stupefaco	1	0.417513748397849	0.22523954278125569
speech	pyrrhaeus	1	0.417513748397849	0.22523954278125569
speech	quio	1	0.417513748397849	0.22523954278125569
speech	caudinus	1	0.417513748397849	0.22523954278125569
speech	sauromatae	1	0.417513748397849	0.22523954278125569
speech	sciro	1	0.417513748397849	0.22523954278125569
speech	pyraethus	1	0.417513748397849	0.22523954278125569
speech	cauendus	1	0.417513748397849	0.22523954278125569
speech	sperchio	1	0.417513748397849	0.22523954278125569
speech	panthoides	1	0.417513748397849	0.22523954278125569
speech	pungo	1	0.417513748397849	0.22523954278125569
speech	tanai	1	0.417513748397849	0.22523954278125569
speech	rhamnusis	1	0.417513748397849	0.22523954278125569
speech	talisue	1	0.417513748397849	0.22523954278125569
speech	pudens	1	0.417513748397849	0.22523954278125569
speech	pudendus	1	0.417513748397849	0.22523954278125569
speech	pasdo	1	0.417513748397849	0.22523954278125569
speech	sopora	1	0.417513748397849	0.22523954278125569
speech	pastorius	1	0.417513748397849	0.22523954278125569
speech	patareus	1	0.417513748397849	0.22523954278125569
speech	talinus	1	0.417513748397849	0.22523954278125569
speech	arbitror	1	0.417513748397849	0.22523954278125569
speech	pubeo	1	0.417513748397849	0.22523954278125569
speech	taliane	1	0.417513748397849	0.22523954278125569
speech	ancus	1	0.417513748397849	0.22523954278125569
speech	patientis	1	0.417513748397849	0.22523954278125569
speech	carica	1	0.417513748397849	0.22523954278125569
speech	pato	1	0.417513748397849	0.22523954278125569
speech	pudicitia	1	0.417513748397849	0.22523954278125569
speech	adsertor	1	0.417513748397849	0.22523954278125569
speech	scorpion	1	0.417513748397849	0.22523954278125569
speech	pulsaeue	1	0.417513748397849	0.22523954278125569
speech	pulsatusuo	1	0.417513748397849	0.22523954278125569
speech	strymos	1	0.417513748397849	0.22523954278125569
speech	tanagra	1	0.417513748397849	0.22523954278125569
speech	sospitus	1	0.417513748397849	0.22523954278125569
speech	parrhasus	1	0.417513748397849	0.22523954278125569
speech	castaneus	1	0.417513748397849	0.22523954278125569
speech	perimele	1	0.417513748397849	0.22523954278125569
speech	abstractus	1	0.417513748397849	0.22523954278125569
speech	aram	1	0.417513748397849	0.22523954278125569
speech	pulchre	1	0.417513748397849	0.22523954278125569
speech	reuuldo	1	0.417513748397849	0.22523954278125569
speech	casso	1	0.417513748397849	0.22523954278125569
speech	sospita	1	0.417513748397849	0.22523954278125569
speech	andron	1	0.417513748397849	0.22523954278125569
speech	qouina	1	0.417513748397849	0.22523954278125569
speech	spesne	1	0.417513748397849	0.22523954278125569
speech	schoenon	1	0.417513748397849	0.22523954278125569
speech	quercen	1	0.417513748397849	0.22523954278125569
speech	stygus	1	0.417513748397849	0.22523954278125569
speech	antigonus	1	0.417513748397849	0.22523954278125569
speech	afeo	1	0.417513748397849	0.22523954278125569
speech	spissis	1	0.417513748397849	0.22523954278125569
speech	aducio	1	0.417513748397849	0.22523954278125569
speech	pacemne	1	0.417513748397849	0.22523954278125569
speech	antissa	1	0.417513748397849	0.22523954278125569
speech	anticus	1	0.417513748397849	0.22523954278125569
speech	quasuus	1	0.417513748397849	0.22523954278125569
speech	pactus	1	0.417513748397849	0.22523954278125569
speech	saxifica	1	0.417513748397849	0.22523954278125569
speech	paedor	1	0.417513748397849	0.22523954278125569
speech	rigidumue	1	0.417513748397849	0.22523954278125569
speech	paeon	1	0.417513748397849	0.22523954278125569
speech	aeus	1	0.417513748397849	0.22523954278125569
speech	stymphalidus	1	0.417513748397849	0.22523954278125569
speech	antius	1	0.417513748397849	0.22523954278125569
speech	tantumdem	1	0.417513748397849	0.22523954278125569
speech	ors	1	0.417513748397849	0.22523954278125569
speech	saxificus	1	0.417513748397849	0.22523954278125569
speech	orto	1	0.417513748397849	0.22523954278125569
speech	riphaeus	1	0.417513748397849	0.22523954278125569
speech	quidni	1	0.417513748397849	0.22523954278125569
speech	quidne	1	0.417513748397849	0.22523954278125569
speech	sponsusuus	1	0.417513748397849	0.22523954278125569
speech	quibusue	1	0.417513748397849	0.22523954278125569
speech	osiris	1	0.417513748397849	0.22523954278125569
speech	stymphalis	1	0.417513748397849	0.22523954278125569
speech	censo	1	0.417513748397849	0.22523954278125569
speech	antenora	1	0.417513748397849	0.22523954278125569
speech	scaeae	1	0.417513748397849	0.22523954278125569
speech	ripamue	1	0.417513748397849	0.22523954278125569
speech	scelerisue	1	0.417513748397849	0.22523954278125569
speech	paeones	1	0.417513748397849	0.22523954278125569
speech	aetherus	1	0.417513748397849	0.22523954278125569
speech	pallidior	1	0.417513748397849	0.22523954278125569
speech	apes	1	0.417513748397849	0.22523954278125569
speech	cecido	1	0.417513748397849	0.22523954278125569
speech	pallantias	1	0.417513748397849	0.22523954278125569
speech	pallantis	1	0.417513748397849	0.22523954278125569
speech	quaeuus	1	0.417513748397849	0.22523954278125569
speech	quaesio	1	0.417513748397849	0.22523954278125569
speech	quaerisno	1	0.417513748397849	0.22523954278125569
speech	ablego	1	0.417513748397849	0.22523954278125569
speech	aplustrius	1	0.417513748397849	0.22523954278125569
speech	palmula	1	0.417513748397849	0.22523954278125569
speech	subpono	1	0.417513748397849	0.22523954278125569
speech	saxifera	1	0.417513748397849	0.22523954278125569
speech	apollineas	1	0.417513748397849	0.22523954278125569
speech	stygiauus	1	0.417513748397849	0.22523954278125569
speech	annecto	1	0.417513748397849	0.22523954278125569
speech	qualiacum	1	0.417513748397849	0.22523954278125569
speech	paestus	1	0.417513748397849	0.22523954278125569
speech	quani	1	0.417513748397849	0.22523954278125569
speech	quassatus	1	0.417513748397849	0.22523954278125569
speech	spirabilis	1	0.417513748397849	0.22523954278125569
speech	quassao	1	0.417513748397849	0.22523954278125569
speech	palaestina	1	0.417513748397849	0.22523954278125569
speech	quasnam	1	0.417513748397849	0.22523954278125569
speech	celaenaeus	1	0.417513748397849	0.22523954278125569
speech	annitor	1	0.417513748397849	0.22523954278125569
speech	quamprimum	1	0.417513748397849	0.22523954278125569
speech	umbrisno	1	0.417513748397849	0.22523954278125569
speech	quandocumque	1	0.417513748397849	0.22523954278125569
speech	tantalon	1	0.417513748397849	0.22523954278125569
speech	quanamd	1	0.417513748397849	0.22523954278125569
speech	romethius	1	0.417513748397849	0.22523954278125569
speech	quamue	1	0.417513748397849	0.22523954278125569
speech	scutatus	1	0.417513748397849	0.22523954278125569
speech	rhaebo	1	0.417513748397849	0.22523954278125569
speech	reuerentus	1	0.417513748397849	0.22523954278125569
speech	tage	1	0.417513748397849	0.22523954278125569
speech	peltifer	1	0.417513748397849	0.22523954278125569
speech	peltatus	1	0.417513748397849	0.22523954278125569
speech	areus	1	0.417513748397849	0.22523954278125569
speech	acceo	1	0.417513748397849	0.22523954278125569
speech	argoo	1	0.417513748397849	0.22523954278125569
speech	argoos	1	0.417513748397849	0.22523954278125569
speech	pereuo	1	0.417513748397849	0.22523954278125569
speech	rates	1	0.417513748397849	0.22523954278125569
speech	sumusuus	1	0.417513748397849	0.22523954278125569
speech	canusinus	1	0.417513748397849	0.22523954278125569
speech	superao	1	0.417513748397849	0.22523954278125569
speech	pellex	1	0.417513748397849	0.22523954278125569
speech	pedica	1	0.417513748397849	0.22523954278125569
speech	uixs	1	0.417513748397849	0.22523954278125569
speech	perfragio	1	0.417513748397849	0.22523954278125569
speech	summumnis	1	0.417513748397849	0.22523954278125569
speech	ratibusue	1	0.417513748397849	0.22523954278125569
speech	solo	1	0.417513748397849	0.22523954278125569
speech	pelethronius	1	0.417513748397849	0.22523954278125569
speech	capetio	1	0.417513748397849	0.22523954278125569
speech	aestiuus	1	0.417513748397849	0.22523954278125569
speech	capiendus	1	0.417513748397849	0.22523954278125569
speech	pelago	1	0.417513748397849	0.22523954278125569
speech	uixio	1	0.417513748397849	0.22523954278125569
speech	scylacea	1	0.417513748397849	0.22523954278125569
speech	argolidus	1	0.417513748397849	0.22523954278125569
speech	accinctus	1	0.417513748397849	0.22523954278125569
speech	amulus	1	0.417513748397849	0.22523954278125569
speech	adpulsus	1	0.417513748397849	0.22523954278125569
speech	reuella	1	0.417513748397849	0.22523954278125569
speech	perego	1	0.417513748397849	0.22523954278125569
speech	propulgo	1	0.417513748397849	0.22523954278125569
speech	perdite	1	0.417513748397849	0.22523954278125569
speech	scyron	1	0.417513748397849	0.22523954278125569
speech	soligenus	1	0.417513748397849	0.22523954278125569
speech	camille	1	0.417513748397849	0.22523954278125569
speech	percenso	1	0.417513748397849	0.22523954278125569
speech	argiuos	1	0.417513748397849	0.22523954278125569
speech	proreus	1	0.417513748397849	0.22523954278125569
speech	reuerbero	1	0.417513748397849	0.22523954278125569
speech	peractus	1	0.417513748397849	0.22523954278125569
speech	canens	1	0.417513748397849	0.22523954278125569
speech	peperco	1	0.417513748397849	0.22523954278125569
speech	taenarides	1	0.417513748397849	0.22523954278125569
speech	uictumnis	1	0.417513748397849	0.22523954278125569
speech	ulcisco	1	0.417513748397849	0.22523954278125569
speech	prorogo	1	0.417513748397849	0.22523954278125569
speech	rastrus	1	0.417513748397849	0.22523954278125569
speech	agnouo	1	0.417513748397849	0.22523954278125569
speech	acclino	1	0.417513748397849	0.22523954278125569
speech	prusiacus	1	0.417513748397849	0.22523954278125569
speech	solusne	1	0.417513748397849	0.22523954278125569
speech	propoetides	1	0.417513748397849	0.22523954278125569
speech	scythides	1	0.417513748397849	0.22523954278125569
speech	propinquantum	1	0.417513748397849	0.22523954278125569
speech	callide	1	0.417513748397849	0.22523954278125569
speech	scythici	1	0.417513748397849	0.22523954278125569
speech	superatne	1	0.417513748397849	0.22523954278125569
speech	adruastus	1	0.417513748397849	0.22523954278125569
speech	quotcumque	1	0.417513748397849	0.22523954278125569
speech	sarmentum	1	0.417513748397849	0.22523954278125569
speech	patrocles	1	0.417513748397849	0.22523954278125569
speech	superator	1	0.417513748397849	0.22523954278125569
speech	ror	1	0.417513748397849	0.22523954278125569
speech	prsum	1	0.417513748397849	0.22523954278125569
speech	amplissimus	1	0.417513748397849	0.22523954278125569
speech	talesne	1	0.417513748397849	0.22523954278125569
speech	properatus	1	0.417513748397849	0.22523954278125569
speech	anas	1	0.417513748397849	0.22523954278125569
speech	ramale	1	0.417513748397849	0.22523954278125569
speech	uolubilitas	1	0.417513748397849	0.22523954278125569
speech	adrido	1	0.417513748397849	0.22523954278125569
speech	reuocamen	1	0.417513748397849	0.22523954278125569
speech	sarrastes	1	0.417513748397849	0.22523954278125569
speech	sariso	1	0.417513748397849	0.22523954278125569
speech	perfures	1	0.417513748397849	0.22523954278125569
speech	uolso	1	0.417513748397849	0.22523954278125569
speech	tyrius	50	0.415297370063649	0.22511119577863417
speech	inspicio	6	0.413042545282089	0.22498062240238142
speech	commisceo	6	0.413042545282089	0.22498062240238142
speech	arbiter	6	0.413042545282089	0.22498062240238142
speech	recordor	6	0.413042545282089	0.22498062240238142
speech	megaera	6	0.413042545282089	0.22498062240238142
speech	galatea	6	0.413042545282089	0.22498062240238142
speech	claudeo	6	0.413042545282089	0.22498062240238142
speech	uictima	6	0.413042545282089	0.22498062240238142
speech	proficiscor	6	0.413042545282089	0.22498062240238142
speech	africa	6	0.413042545282089	0.22498062240238142
speech	meritus	6	0.413042545282089	0.22498062240238142
speech	eiecto	6	0.413042545282089	0.22498062240238142
speech	dure	6	0.413042545282089	0.22498062240238142
speech	exilium	6	0.413042545282089	0.22498062240238142
speech	peregrinus	6	0.413042545282089	0.22498062240238142
speech	penis	6	0.413042545282089	0.22498062240238142
speech	frequento	6	0.413042545282089	0.22498062240238142
speech	lemnus	6	0.413042545282089	0.22498062240238142
speech	donum	76	0.40862348827756	0.2247247217232451
speech	timidus	22	0.40724091361789	0.22464465898723518
speech	adimo	22	0.40724091361789	0.22464465898723518
speech	italus	42	0.407160025579601	0.22463997488745757
speech	uictrix	15	0.406718911191869	0.2246144306432259
speech	urna	15	0.406718911191869	0.2246144306432259
speech	caestus	15	0.406718911191869	0.2246144306432259
speech	intro	53	0.406566338097991	0.22460559537400412
speech	nuntius	24	0.404318583885437	0.2244754314433432
speech	descendo	38	0.404017646714256	0.2244580046424661
speech	cumque	26	0.402467643884662	0.22436824640301595
speech	conscius	32	0.401252963634706	0.22429790616966327
speech	latina	12	0.398389321540346	0.22413207713509795
speech	reporto	12	0.398389321540346	0.22413207713509795
speech	tarde	12	0.398389321540346	0.22413207713509795
speech	colchus	17	0.398165739932389	0.22411912987389268
speech	decimus	9	0.396508805909925	0.2240231794163181
speech	fascis	9	0.396508805909925	0.2240231794163181
speech	dedecus	9	0.396508805909925	0.2240231794163181
speech	conficio	9	0.396508805909925	0.2240231794163181
speech	relatus	9	0.396508805909925	0.2240231794163181
speech	decius	9	0.396508805909925	0.2240231794163181
speech	reliquus	5	0.394193366754087	0.22388909595645992
speech	semiuir	5	0.394193366754087	0.22388909595645992
speech	corythus	5	0.394193366754087	0.22388909595645992
speech	ionium	5	0.394193366754087	0.22388909595645992
speech	labes	5	0.394193366754087	0.22388909595645992
speech	inlaesus	5	0.394193366754087	0.22388909595645992
speech	tros	5	0.394193366754087	0.22388909595645992
speech	uindico	5	0.394193366754087	0.22388909595645992
speech	cirrhaeus	5	0.394193366754087	0.22388909595645992
speech	oeneus	5	0.394193366754087	0.22388909595645992
speech	ledaeus	5	0.394193366754087	0.22388909595645992
speech	exquiro	5	0.394193366754087	0.22388909595645992
speech	terminus	5	0.394193366754087	0.22388909595645992
speech	molaris	5	0.394193366754087	0.22388909595645992
speech	sabinus	5	0.394193366754087	0.22388909595645992
speech	nubilus	5	0.394193366754087	0.22388909595645992
speech	byblis	5	0.394193366754087	0.22388909595645992
speech	icarus	5	0.394193366754087	0.22388909595645992
speech	iustior	5	0.394193366754087	0.22388909595645992
speech	rhoeteius	5	0.394193366754087	0.22388909595645992
speech	migro	5	0.394193366754087	0.22388909595645992
speech	commentum	5	0.394193366754087	0.22388909595645992
speech	terni	5	0.394193366754087	0.22388909595645992
speech	requiro	19	0.392355459833932	0.22378266564144586
speech	insula	14	0.385896648316021	0.22340864596888832
speech	praeterea	14	0.385896648316021	0.22340864596888832
speech	cupido	33	0.385630935171351	0.22339325893629136
speech	factum	33	0.385630935171351	0.22339325893629136
speech	discrimen	33	0.385630935171351	0.22339325893629136
speech	falsus	25	0.38462600598996	0.22333506505924058
speech	perfero	27	0.384045135571731	0.22330142776187992
speech	queror	44	0.38204196765757	0.22318542744119327
speech	ludo	16	0.377737359024016	0.22293615428820754
speech	sufficio	16	0.377737359024016	0.22293615428820754
speech	regio	16	0.377737359024016	0.22293615428820754
speech	primordium	11	0.376356954095069	0.22285621719791004
speech	temerarius	11	0.376356954095069	0.22285621719791004
speech	oraculum	11	0.376356954095069	0.22285621719791004
speech	eumenides	11	0.376356954095069	0.22285621719791004
speech	uigilo	11	0.376356954095069	0.22285621719791004
speech	auersor	4	0.37608344969797	0.22284037898607148
speech	urguens	4	0.37608344969797	0.22284037898607148
speech	lycaon	4	0.37608344969797	0.22284037898607148
speech	saeuissimus	4	0.37608344969797	0.22284037898607148
speech	retexo	4	0.37608344969797	0.22284037898607148
speech	incolo	4	0.37608344969797	0.22284037898607148
speech	amphiaraus	4	0.37608344969797	0.22284037898607148
speech	uulnero	4	0.37608344969797	0.22284037898607148
speech	toga	4	0.37608344969797	0.22284037898607148
speech	euincio	4	0.37608344969797	0.22284037898607148
speech	sacrilegus	4	0.37608344969797	0.22284037898607148
speech	nemeus	4	0.37608344969797	0.22284037898607148
speech	dummodo	4	0.37608344969797	0.22284037898607148
speech	adsulto	4	0.37608344969797	0.22284037898607148
speech	prorsus	4	0.37608344969797	0.22284037898607148
speech	accessus	4	0.37608344969797	0.22284037898607148
speech	culter	4	0.37608344969797	0.22284037898607148
speech	phoebeius	4	0.37608344969797	0.22284037898607148
speech	commercium	4	0.37608344969797	0.22284037898607148
speech	noxia	4	0.37608344969797	0.22284037898607148
speech	aeeta	4	0.37608344969797	0.22284037898607148
speech	uitalis	4	0.37608344969797	0.22284037898607148
speech	tenedos	4	0.37608344969797	0.22284037898607148
speech	inbellis	4	0.37608344969797	0.22284037898607148
speech	bellus	4	0.37608344969797	0.22284037898607148
speech	achelous	4	0.37608344969797	0.22284037898607148
speech	dryope	4	0.37608344969797	0.22284037898607148
speech	python	4	0.37608344969797	0.22284037898607148
speech	flammeum	4	0.37608344969797	0.22284037898607148
speech	stygia	4	0.37608344969797	0.22284037898607148
speech	cassandra	4	0.37608344969797	0.22284037898607148
speech	crenaeus	4	0.37608344969797	0.22284037898607148
speech	ianitor	4	0.37608344969797	0.22284037898607148
speech	bebrycius	4	0.37608344969797	0.22284037898607148
speech	infamia	4	0.37608344969797	0.22284037898607148
speech	eueho	4	0.37608344969797	0.22284037898607148
speech	euello	4	0.37608344969797	0.22284037898607148
speech	patientia	4	0.37608344969797	0.22284037898607148
speech	miseresco	4	0.37608344969797	0.22284037898607148
speech	nemeen	4	0.37608344969797	0.22284037898607148
speech	uultur	4	0.37608344969797	0.22284037898607148
speech	bimembris	4	0.37608344969797	0.22284037898607148
speech	tabella	4	0.37608344969797	0.22284037898607148
speech	uenter	8	0.373829716355324	0.2227098688133391
speech	reicio	8	0.373829716355324	0.2227098688133391
speech	nais	8	0.373829716355324	0.2227098688133391
speech	sancio	8	0.373829716355324	0.2227098688133391
speech	beatus	8	0.373829716355324	0.2227098688133391
speech	idas	8	0.373829716355324	0.2227098688133391
speech	altrix	8	0.373829716355324	0.2227098688133391
speech	orbus	18	0.372424993425521	0.22262852350564866
speech	nurus	18	0.372424993425521	0.22262852350564866
speech	pando	45	0.370119237750171	0.22249500080099927
speech	obsideo	20	0.369080345931409	0.22243484020074045
speech	peto	206	0.36711796575704	0.22232120183426768
speech	diligo	24	0.366262040017898	0.22227163651349624
speech	hannibal	41	0.364359836673119	0.22216148289310042
speech	letum	92	0.362678168430674	0.22206410011553437
speech	nam	105	0.362588426410126	0.22205890329549297
speech	degenero	3	0.360883264627454	0.2219601600437594
speech	cuneo	3	0.360883264627454	0.2219601600437594
speech	infitior	3	0.360883264627454	0.2219601600437594
speech	superbia	3	0.360883264627454	0.2219601600437594
speech	inmansuetus	3	0.360883264627454	0.2219601600437594
speech	refello	3	0.360883264627454	0.2219601600437594
speech	presso	3	0.360883264627454	0.2219601600437594
speech	prudentia	3	0.360883264627454	0.2219601600437594
speech	thebes	3	0.360883264627454	0.2219601600437594
speech	lernus	3	0.360883264627454	0.2219601600437594
speech	lictor	3	0.360883264627454	0.2219601600437594
speech	superstitio	3	0.360883264627454	0.2219601600437594
speech	praecello	3	0.360883264627454	0.2219601600437594
speech	apenninus	3	0.360883264627454	0.2219601600437594
speech	amata	3	0.360883264627454	0.2219601600437594
speech	cyllene	3	0.360883264627454	0.2219601600437594
speech	amazonius	3	0.360883264627454	0.2219601600437594
speech	gerendus	3	0.360883264627454	0.2219601600437594
speech	argolici	3	0.360883264627454	0.2219601600437594
speech	cretaeus	3	0.360883264627454	0.2219601600437594
speech	uelocus	3	0.360883264627454	0.2219601600437594
speech	maenala	3	0.360883264627454	0.2219601600437594
speech	deludo	3	0.360883264627454	0.2219601600437594
speech	trasimennus	3	0.360883264627454	0.2219601600437594
speech	diomes	3	0.360883264627454	0.2219601600437594
speech	scyllaeus	3	0.360883264627454	0.2219601600437594
speech	littera	3	0.360883264627454	0.2219601600437594
speech	praepeo	3	0.360883264627454	0.2219601600437594
speech	dignissimus	3	0.360883264627454	0.2219601600437594
speech	latito	3	0.360883264627454	0.2219601600437594
speech	praesentio	3	0.360883264627454	0.2219601600437594
speech	praesignis	3	0.360883264627454	0.2219601600437594
speech	sapio	3	0.360883264627454	0.2219601600437594
speech	diruo	3	0.360883264627454	0.2219601600437594
speech	exopto	3	0.360883264627454	0.2219601600437594
speech	obsum	3	0.360883264627454	0.2219601600437594
speech	suboles	3	0.360883264627454	0.2219601600437594
speech	subtraho	3	0.360883264627454	0.2219601600437594
speech	ciuilis	3	0.360883264627454	0.2219601600437594
speech	pauesco	3	0.360883264627454	0.2219601600437594
speech	cnosiacus	3	0.360883264627454	0.2219601600437594
speech	cadme	3	0.360883264627454	0.2219601600437594
speech	oliuum	3	0.360883264627454	0.2219601600437594
speech	ianthe	3	0.360883264627454	0.2219601600437594
speech	doto	3	0.360883264627454	0.2219601600437594
speech	remoror	3	0.360883264627454	0.2219601600437594
speech	soporifer	3	0.360883264627454	0.2219601600437594
speech	polliceor	3	0.360883264627454	0.2219601600437594
speech	incestus	3	0.360883264627454	0.2219601600437594
speech	famulor	3	0.360883264627454	0.2219601600437594
speech	sistrum	3	0.360883264627454	0.2219601600437594
speech	extorr	3	0.360883264627454	0.2219601600437594
speech	aestifer	3	0.360883264627454	0.2219601600437594
speech	clementia	3	0.360883264627454	0.2219601600437594
speech	submergo	3	0.360883264627454	0.2219601600437594
speech	perfidia	3	0.360883264627454	0.2219601600437594
speech	marmaricus	3	0.360883264627454	0.2219601600437594
speech	ornatus	3	0.360883264627454	0.2219601600437594
speech	fel	3	0.360883264627454	0.2219601600437594
speech	mendacium	3	0.360883264627454	0.2219601600437594
speech	ouum	3	0.360883264627454	0.2219601600437594
speech	condio	3	0.360883264627454	0.2219601600437594
speech	papauer	3	0.360883264627454	0.2219601600437594
speech	pinguesco	3	0.360883264627454	0.2219601600437594
speech	opulentus	3	0.360883264627454	0.2219601600437594
speech	egens	3	0.360883264627454	0.2219601600437594
speech	opportunus	3	0.360883264627454	0.2219601600437594
speech	specto	80	0.357281305810779	0.22175157624263087
speech	perquiro	2	0.356444421316823	0.22170311357058511
speech	lacedaemonius	2	0.356444421316823	0.22170311357058511
speech	arsura	2	0.356444421316823	0.22170311357058511
speech	subruo	2	0.356444421316823	0.22170311357058511
speech	lacinia	2	0.356444421316823	0.22170311357058511
speech	arrepo	2	0.356444421316823	0.22170311357058511
speech	calculus	2	0.356444421316823	0.22170311357058511
speech	promereo	2	0.356444421316823	0.22170311357058511
speech	perplexus	2	0.356444421316823	0.22170311357058511
speech	laborifer	2	0.356444421316823	0.22170311357058511
speech	utcumque	2	0.356444421316823	0.22170311357058511
speech	nestora	2	0.356444421316823	0.22170311357058511
speech	aecus	2	0.356444421316823	0.22170311357058511
speech	transcribo	2	0.356444421316823	0.22170311357058511
speech	armenia	2	0.356444421316823	0.22170311357058511
speech	adporto	2	0.356444421316823	0.22170311357058511
speech	callirhoe	2	0.356444421316823	0.22170311357058511
speech	agyllea	2	0.356444421316823	0.22170311357058511
speech	nobiscus	2	0.356444421316823	0.22170311357058511
speech	perfraco	2	0.356444421316823	0.22170311357058511
speech	auunculus	2	0.356444421316823	0.22170311357058511
speech	autolycus	2	0.356444421316823	0.22170311357058511
speech	recolligo	2	0.356444421316823	0.22170311357058511
speech	lenaeus	2	0.356444421316823	0.22170311357058511
speech	mutandus	2	0.356444421316823	0.22170311357058511
speech	acmon	2	0.356444421316823	0.22170311357058511
speech	temptandus	2	0.356444421316823	0.22170311357058511
speech	adiuro	2	0.356444421316823	0.22170311357058511
speech	frustum	2	0.356444421316823	0.22170311357058511
speech	procax	2	0.356444421316823	0.22170311357058511
speech	phocis	2	0.356444421316823	0.22170311357058511
speech	tiphy	2	0.356444421316823	0.22170311357058511
speech	sigeo	2	0.356444421316823	0.22170311357058511
speech	exsero	2	0.356444421316823	0.22170311357058511
speech	monstrifer	2	0.356444421316823	0.22170311357058511
speech	exaturo	2	0.356444421316823	0.22170311357058511
speech	inacha	2	0.356444421316823	0.22170311357058511
speech	mitigo	2	0.356444421316823	0.22170311357058511
speech	siluius	2	0.356444421316823	0.22170311357058511
speech	achiuius	2	0.356444421316823	0.22170311357058511
speech	segniter	2	0.356444421316823	0.22170311357058511
speech	superandus	2	0.356444421316823	0.22170311357058511
speech	eluctor	2	0.356444421316823	0.22170311357058511
speech	hyrcana	2	0.356444421316823	0.22170311357058511
speech	adluo	2	0.356444421316823	0.22170311357058511
speech	laomedontiades	2	0.356444421316823	0.22170311357058511
speech	lapithae	2	0.356444421316823	0.22170311357058511
speech	nebridus	2	0.356444421316823	0.22170311357058511
speech	grate	2	0.356444421316823	0.22170311357058511
speech	phaethontia	2	0.356444421316823	0.22170311357058511
speech	petraeus	2	0.356444421316823	0.22170311357058511
speech	largitor	2	0.356444421316823	0.22170311357058511
speech	larus	2	0.356444421316823	0.22170311357058511
speech	proficio	2	0.356444421316823	0.22170311357058511
speech	achilleus	2	0.356444421316823	0.22170311357058511
speech	dione	2	0.356444421316823	0.22170311357058511
speech	cludo	2	0.356444421316823	0.22170311357058511
speech	iphus	2	0.356444421316823	0.22170311357058511
speech	foede	2	0.356444421316823	0.22170311357058511
speech	afflictus	2	0.356444421316823	0.22170311357058511
speech	helops	2	0.356444421316823	0.22170311357058511
speech	apte	2	0.356444421316823	0.22170311357058511
speech	thraces	2	0.356444421316823	0.22170311357058511
speech	demissus	2	0.356444421316823	0.22170311357058511
speech	thracia	2	0.356444421316823	0.22170311357058511
speech	inmuto	2	0.356444421316823	0.22170311357058511
speech	adstans	2	0.356444421316823	0.22170311357058511
speech	quaenam	2	0.356444421316823	0.22170311357058511
speech	oenomai	2	0.356444421316823	0.22170311357058511
speech	fictum	2	0.356444421316823	0.22170311357058511
speech	instrumentum	2	0.356444421316823	0.22170311357058511
speech	charon	2	0.356444421316823	0.22170311357058511
speech	romulea	2	0.356444421316823	0.22170311357058511
speech	aetion	2	0.356444421316823	0.22170311357058511
speech	pallades	2	0.356444421316823	0.22170311357058511
speech	tartarus	2	0.356444421316823	0.22170311357058511
speech	palatinus	2	0.356444421316823	0.22170311357058511
speech	onustus	2	0.356444421316823	0.22170311357058511
speech	pago	2	0.356444421316823	0.22170311357058511
speech	annumero	2	0.356444421316823	0.22170311357058511
speech	spirans	2	0.356444421316823	0.22170311357058511
speech	hesiona	2	0.356444421316823	0.22170311357058511
speech	deterreo	2	0.356444421316823	0.22170311357058511
speech	ferina	2	0.356444421316823	0.22170311357058511
speech	aduersum	2	0.356444421316823	0.22170311357058511
speech	desidia	2	0.356444421316823	0.22170311357058511
speech	inrisus	2	0.356444421316823	0.22170311357058511
speech	sponsus	2	0.356444421316823	0.22170311357058511
speech	destruo	2	0.356444421316823	0.22170311357058511
speech	spumifer	2	0.356444421316823	0.22170311357058511
speech	deuerto	2	0.356444421316823	0.22170311357058511
speech	casusue	2	0.356444421316823	0.22170311357058511
speech	foedatus	2	0.356444421316823	0.22170311357058511
speech	circumtono	2	0.356444421316823	0.22170311357058511
speech	titanis	2	0.356444421316823	0.22170311357058511
speech	superabilis	2	0.356444421316823	0.22170311357058511
speech	supera	2	0.356444421316823	0.22170311357058511
speech	decore	2	0.356444421316823	0.22170311357058511
speech	amymone	2	0.356444421316823	0.22170311357058511
speech	libyas	2	0.356444421316823	0.22170311357058511
speech	pellaeus	2	0.356444421316823	0.22170311357058511
speech	hebes	2	0.356444421316823	0.22170311357058511
speech	trinus	2	0.356444421316823	0.22170311357058511
speech	defensor	2	0.356444421316823	0.22170311357058511
speech	quotannis	2	0.356444421316823	0.22170311357058511
speech	archemor	2	0.356444421316823	0.22170311357058511
speech	strymonius	2	0.356444421316823	0.22170311357058511
speech	quosuus	2	0.356444421316823	0.22170311357058511
speech	adsero	2	0.356444421316823	0.22170311357058511
speech	absorbeo	2	0.356444421316823	0.22170311357058511
speech	carpathius	2	0.356444421316823	0.22170311357058511
speech	andri	2	0.356444421316823	0.22170311357058511
speech	ignorantia	2	0.356444421316823	0.22170311357058511
speech	circumfluo	2	0.356444421316823	0.22170311357058511
speech	aetherium	2	0.356444421316823	0.22170311357058511
speech	tatius	2	0.356444421316823	0.22170311357058511
speech	aduro	2	0.356444421316823	0.22170311357058511
speech	obliuio	2	0.356444421316823	0.22170311357058511
speech	adsideo	2	0.356444421316823	0.22170311357058511
speech	scrutor	2	0.356444421316823	0.22170311357058511
speech	circes	2	0.356444421316823	0.22170311357058511
speech	tartessius	2	0.356444421316823	0.22170311357058511
speech	castrum	2	0.356444421316823	0.22170311357058511
speech	obscuro	2	0.356444421316823	0.22170311357058511
speech	aliquando	2	0.356444421316823	0.22170311357058511
speech	pertaedet	2	0.356444421316823	0.22170311357058511
speech	auricomus	2	0.356444421316823	0.22170311357058511
speech	masinissa	2	0.356444421316823	0.22170311357058511
speech	polyxus	2	0.356444421316823	0.22170311357058511
speech	ueco	2	0.356444421316823	0.22170311357058511
speech	strix	2	0.356444421316823	0.22170311357058511
speech	sallentinus	2	0.356444421316823	0.22170311357058511
speech	plerique	2	0.356444421316823	0.22170311357058511
speech	seruilis	2	0.356444421316823	0.22170311357058511
speech	indecor	2	0.356444421316823	0.22170311357058511
speech	polydorus	2	0.356444421316823	0.22170311357058511
speech	piniger	2	0.356444421316823	0.22170311357058511
speech	pleias	2	0.356444421316823	0.22170311357058511
speech	placitus	2	0.356444421316823	0.22170311357058511
speech	ludibrium	2	0.356444421316823	0.22170311357058511
speech	lycomes	2	0.356444421316823	0.22170311357058511
speech	bactra	2	0.356444421316823	0.22170311357058511
speech	uiritim	2	0.356444421316823	0.22170311357058511
speech	regero	2	0.356444421316823	0.22170311357058511
speech	liquo	2	0.356444421316823	0.22170311357058511
speech	inamabilis	2	0.356444421316823	0.22170311357058511
speech	uolens	2	0.356444421316823	0.22170311357058511
speech	praeconium	2	0.356444421316823	0.22170311357058511
speech	materies	2	0.356444421316823	0.22170311357058511
speech	displiceo	2	0.356444421316823	0.22170311357058511
speech	subuolo	2	0.356444421316823	0.22170311357058511
speech	praecurro	2	0.356444421316823	0.22170311357058511
speech	uorax	2	0.356444421316823	0.22170311357058511
speech	trasimenna	2	0.356444421316823	0.22170311357058511
speech	galba	2	0.356444421316823	0.22170311357058511
speech	macareus	2	0.356444421316823	0.22170311357058511
speech	lyrnesius	2	0.356444421316823	0.22170311357058511
speech	consuo	2	0.356444421316823	0.22170311357058511
speech	troicus	2	0.356444421316823	0.22170311357058511
speech	dispendium	2	0.356444421316823	0.22170311357058511
speech	medon	2	0.356444421316823	0.22170311357058511
speech	suspicor	2	0.356444421316823	0.22170311357058511
speech	aequum	15	0.356418640705686	0.2217016206557185
speech	expedio	15	0.356418640705686	0.2217016206557185
speech	tento	15	0.356418640705686	0.2217016206557185
speech	manes	10	0.353061579286909	0.22150721847984997
speech	uirilis	10	0.353061579286909	0.22150721847984997
speech	perpetior	10	0.353061579286909	0.22150721847984997
speech	lemnos	10	0.353061579286909	0.22150721847984997
speech	belliger	10	0.353061579286909	0.22150721847984997
speech	impono	42	0.352101156374465	0.22145160189122015
speech	libycus	31	0.352084351011495	0.2214506287189364
speech	potens	17	0.351704570582875	0.22142863622834238
speech	augurium	17	0.351704570582875	0.22142863622834238
speech	unus	216	0.350299424123549	0.22134726639471972
speech	cupidus	7	0.349683462131454	0.22131159699920439
speech	latonius	7	0.349683462131454	0.22131159699920439
speech	creta	7	0.349683462131454	0.22131159699920439
speech	adhibeo	7	0.349683462131454	0.22131159699920439
speech	insania	7	0.349683462131454	0.22131159699920439
speech	feritas	7	0.349683462131454	0.22131159699920439
speech	miserrimus	7	0.349683462131454	0.22131159699920439
speech	egenus	7	0.349683462131454	0.22131159699920439
speech	cura	137	0.348793742363904	0.22126007471910625
speech	furtum	25	0.34777977698315	0.22120135756988418
speech	nosco	84	0.346529750345484	0.2211289704825057
speech	superbus	64	0.345312984968299	0.22105850950269665
speech	uincio	12	0.341116324622769	0.2208154874662248
speech	resisto	12	0.341116324622769	0.2208154874662248
speech	uterus	12	0.341116324622769	0.2208154874662248
speech	templum	67	0.340826657015817	0.2207987132681851
speech	regno	32	0.337246541777605	0.22059139439451908
speech	seruo	112	0.336165814381617	0.22052881116141954
speech	saeuus	165	0.335115221720643	0.2204679729836899
speech	troianus	30	0.334707524918349	0.22044436389956135
speech	quietus	14	0.334097397773135	0.22040903239090243
speech	mora	91	0.333959131732227	0.22040102562074002
speech	odium	28	0.332410874171017	0.22031136844705215
speech	modo	94	0.331555324712708	0.2202618249161152
speech	dardanius	26	0.330425918010905	0.22019642274055687
speech	excedo	16	0.330106253299253	0.22017791145710344
speech	dedo	16	0.330106253299253	0.22017791145710344
speech	hospitus	16	0.330106253299253	0.22017791145710344
speech	amor	138	0.329371240052969	0.2201353479896701
speech	duco	138	0.329371240052969	0.2201353479896701
speech	consors	9	0.32827165345321	0.2200716726495785
speech	thessalicus	9	0.32827165345321	0.2200716726495785
speech	thrax	9	0.32827165345321	0.2200716726495785
speech	minuo	9	0.32827165345321	0.2200716726495785
speech	medicamen	9	0.32827165345321	0.2200716726495785
speech	inferiae	9	0.32827165345321	0.2200716726495785
speech	aptus	9	0.32827165345321	0.2200716726495785
speech	adfero	9	0.32827165345321	0.2200716726495785
speech	anus	9	0.32827165345321	0.2200716726495785
speech	redux	9	0.32827165345321	0.2200716726495785
speech	citus	18	0.328101660065432	0.22006182859838466
speech	placo	18	0.328101660065432	0.22006182859838466
speech	tepeo	6	0.323741924571539	0.21980936313514246
speech	tumor	6	0.323741924571539	0.21980936313514246
speech	ingruo	6	0.323741924571539	0.21980936313514246
speech	inachia	6	0.323741924571539	0.21980936313514246
speech	trames	6	0.323741924571539	0.21980936313514246
speech	inflecto	6	0.323741924571539	0.21980936313514246
speech	imbuo	6	0.323741924571539	0.21980936313514246
speech	delos	6	0.323741924571539	0.21980936313514246
speech	armifer	6	0.323741924571539	0.21980936313514246
speech	exsilium	6	0.323741924571539	0.21980936313514246
speech	iniquus	33	0.323095389107819	0.21977192327770634
speech	aequus	38	0.317210053494851	0.21943111269781104
speech	martha	38	0.317210053494851	0.21943111269781104
speech	nex	29	0.316895146619593	0.2194128769332213
speech	nutrix	11	0.316835003758392	0.21940939415420063
speech	manifestus	11	0.316835003758392	0.21940939415420063
speech	caedes	99	0.316627106087125	0.2193973551252373
speech	uellus	36	0.313371302688601	0.21920881664294056
speech	spons	25	0.311521030839858	0.21910167029425237
speech	priamus	25	0.311521030839858	0.21910167029425237
speech	concido	13	0.310637664597054	0.2190505159368345
speech	phasis	13	0.310637664597054	0.2190505159368345
speech	mergo	34	0.309571442520589	0.21898877268410027
speech	oppono	15	0.30752592895928	0.21887032019322153
speech	lasso	15	0.30752592895928	0.21887032019322153
speech	aluus	15	0.30752592895928	0.21887032019322153
speech	auello	19	0.306531000149446	0.2188127054220457
speech	usus	19	0.306531000149446	0.2188127054220457
speech	penetro	17	0.306373073229267	0.21880356012111696
speech	pretium	17	0.306373073229267	0.21880356012111696
speech	finio	17	0.306373073229267	0.21880356012111696
speech	tumidus	32	0.305828860024304	0.21877204558563976
speech	auerto	32	0.305828860024304	0.21877204558563976
speech	cupio	39	0.305121037845968	0.21873105671042084
speech	nocens	8	0.301678653081439	0.21853171359305693
speech	impar	8	0.301678653081439	0.21853171359305693
speech	refulgeo	8	0.301678653081439	0.21853171359305693
speech	efficio	8	0.301678653081439	0.21853171359305693
speech	modero	8	0.301678653081439	0.21853171359305693
speech	enitor	8	0.301678653081439	0.21853171359305693
speech	xanthus	8	0.301678653081439	0.21853171359305693
speech	par	59	0.301482845178133	0.2185203746636462
speech	rector	35	0.296622378126757	0.21823891261912126
speech	adsisto	5	0.295532717188418	0.21817581205855743
speech	nero	5	0.295532717188418	0.21817581205855743
speech	paluster	5	0.295532717188418	0.21817581205855743
speech	conterminus	5	0.295532717188418	0.21817581205855743
speech	temno	5	0.295532717188418	0.21817581205855743
speech	inuidiosus	5	0.295532717188418	0.21817581205855743
speech	baccheus	5	0.295532717188418	0.21817581205855743
speech	repto	5	0.295532717188418	0.21817581205855743
speech	speculum	5	0.295532717188418	0.21817581205855743
speech	diuello	5	0.295532717188418	0.21817581205855743
speech	creusa	5	0.295532717188418	0.21817581205855743
speech	praeses	5	0.295532717188418	0.21817581205855743
speech	iustissimus	5	0.295532717188418	0.21817581205855743
speech	harpyia	5	0.295532717188418	0.21817581205855743
speech	medeor	5	0.295532717188418	0.21817581205855743
speech	exsoluo	5	0.295532717188418	0.21817581205855743
speech	debello	5	0.295532717188418	0.21817581205855743
speech	interpres	5	0.295532717188418	0.21817581205855743
speech	caueo	5	0.295532717188418	0.21817581205855743
speech	sata	5	0.295532717188418	0.21817581205855743
speech	saturo	5	0.295532717188418	0.21817581205855743
speech	punio	5	0.295532717188418	0.21817581205855743
speech	subsidium	5	0.295532717188418	0.21817581205855743
speech	trebius	5	0.295532717188418	0.21817581205855743
speech	quercus	24	0.292046947677239	0.21797395659837457
speech	paris	10	0.291004607101897	0.21791359628601653
speech	thebanus	10	0.291004607101897	0.21791359628601653
speech	cibus	10	0.291004607101897	0.21791359628601653
speech	scylla	10	0.291004607101897	0.21791359628601653
speech	almus	22	0.289160814757977	0.21780682515531782
speech	queo	22	0.289160814757977	0.21780682515531782
speech	ritus	22	0.289160814757977	0.21780682515531782
speech	iners	20	0.286681901466684	0.21766327516397083
speech	puerilis	12	0.285872396417975	0.2176163979927742
speech	euerto	12	0.285872396417975	0.2176163979927742
speech	folium	12	0.285872396417975	0.2176163979927742
speech	deformis	12	0.285872396417975	0.2176163979927742
speech	quot	18	0.284776478282026	0.2175529350876839
speech	penas	18	0.284776478282026	0.2175529350876839
speech	sequor	159	0.284020524570583	0.2175091589906669
speech	subduco	14	0.283839064795572	0.21749865093892334
speech	scando	14	0.283839064795572	0.21749865093892334
speech	aduenio	14	0.283839064795572	0.21749865093892334
speech	obliuiscor	16	0.283696166528348	0.2174903759237804
speech	error	27	0.279849221395007	0.21726760534824507
speech	concipio	25	0.275829790885166	0.21703484641434684
speech	fuga	73	0.27342694092569	0.21689570113157217
speech	audio	95	0.273312396743387	0.2168890680571374
speech	deprehendo	7	0.272857304403999	0.21686271437158872
speech	mas	7	0.272857304403999	0.21686271437158872
speech	gelu	7	0.272857304403999	0.21686271437158872
speech	chiron	7	0.272857304403999	0.21686271437158872
speech	feralis	7	0.272857304403999	0.21686271437158872
speech	taedeo	7	0.272857304403999	0.21686271437158872
speech	europa	7	0.272857304403999	0.21686271437158872
speech	desisto	7	0.272857304403999	0.21686271437158872
speech	rete	7	0.272857304403999	0.21686271437158872
speech	diduco	7	0.272857304403999	0.21686271437158872
speech	cyaneus	7	0.272857304403999	0.21686271437158872
speech	iactatus	7	0.272857304403999	0.21686271437158872
speech	exultans	7	0.272857304403999	0.21686271437158872
speech	assaracus	7	0.272857304403999	0.21686271437158872
speech	corniger	7	0.272857304403999	0.21686271437158872
speech	lux	121	0.270772515026324	0.21674198747961684
speech	mirus	21	0.268307485377054	0.2165992414682635
speech	fons	45	0.266293794148038	0.2164826317588735
speech	mitra	4	0.264330821672474	0.21636895909316495
speech	solidum	4	0.264330821672474	0.21636895909316495
speech	futtilis	4	0.264330821672474	0.21636895909316495
speech	conlatus	4	0.264330821672474	0.21636895909316495
speech	gigans	4	0.264330821672474	0.21636895909316495
speech	suspectus	4	0.264330821672474	0.21636895909316495
speech	lapso	4	0.264330821672474	0.21636895909316495
speech	orbita	4	0.264330821672474	0.21636895909316495
speech	praenosco	4	0.264330821672474	0.21636895909316495
speech	nuntio	4	0.264330821672474	0.21636895909316495
speech	dicio	4	0.264330821672474	0.21636895909316495
speech	insomnium	4	0.264330821672474	0.21636895909316495
speech	odoro	4	0.264330821672474	0.21636895909316495
speech	intemeratus	4	0.264330821672474	0.21636895909316495
speech	pangaeus	4	0.264330821672474	0.21636895909316495
speech	bubo	4	0.264330821672474	0.21636895909316495
speech	trasimenne	4	0.264330821672474	0.21636895909316495
speech	germana	4	0.264330821672474	0.21636895909316495
speech	sphinx	4	0.264330821672474	0.21636895909316495
speech	expeto	4	0.264330821672474	0.21636895909316495
speech	seruilius	4	0.264330821672474	0.21636895909316495
speech	necopinus	4	0.264330821672474	0.21636895909316495
speech	acheloius	4	0.264330821672474	0.21636895909316495
speech	palaestra	4	0.264330821672474	0.21636895909316495
speech	celeberrimus	4	0.264330821672474	0.21636895909316495
speech	hortus	4	0.264330821672474	0.21636895909316495
speech	turbatus	4	0.264330821672474	0.21636895909316495
speech	tergeminus	4	0.264330821672474	0.21636895909316495
speech	taura	4	0.264330821672474	0.21636895909316495
speech	uectis	4	0.264330821672474	0.21636895909316495
speech	periurus	4	0.264330821672474	0.21636895909316495
speech	hebeo	4	0.264330821672474	0.21636895909316495
speech	dulcia	4	0.264330821672474	0.21636895909316495
speech	aeneius	4	0.264330821672474	0.21636895909316495
speech	nondum	53	0.263500539233299	0.21632087873578507
speech	lycia	9	0.263327820558488	0.21631087686748185
speech	fodio	9	0.263327820558488	0.21631087686748185
speech	superstes	9	0.263327820558488	0.21631087686748185
speech	nomen	191	0.262778135863432	0.2162790454865715
speech	auernus	15	0.259958538044934	0.21611576698713023
speech	dudum	11	0.259593136985407	0.2160946071833091
speech	phryges	11	0.259593136985407	0.2160946071833091
speech	despicio	11	0.259593136985407	0.2160946071833091
speech	auspicium	13	0.258894977151686	0.21605417783935363
speech	fruor	13	0.258894977151686	0.21605417783935363
speech	pulcherrimus	13	0.258894977151686	0.21605417783935363
speech	cito	24	0.255843757603132	0.21587748648781216
speech	aetherius	24	0.255843757603132	0.21587748648781216
speech	absum	41	0.255364027352009	0.21584970605933188
speech	muto	71	0.248353058930023	0.21544371184410654
speech	ecce	85	0.248033620459254	0.21542521366190878
speech	lacero	20	0.246700543381152	0.21534801725342664
speech	excido	20	0.246700543381152	0.21534801725342664
speech	maritus	27	0.246109450342675	0.21531378798011697
speech	inuitus	18	0.242401986342711	0.2150990945388484
speech	diomedes	6	0.241195852873535	0.2150292492362024
speech	incognitus	6	0.241195852873535	0.2150292492362024
speech	grauida	6	0.241195852873535	0.2150292492362024
speech	perrumpo	6	0.241195852873535	0.2150292492362024
speech	persequor	6	0.241195852873535	0.2150292492362024
speech	dehisco	6	0.241195852873535	0.2150292492362024
speech	aeneadae	6	0.241195852873535	0.2150292492362024
speech	ilium	6	0.241195852873535	0.2150292492362024
speech	suscipio	6	0.241195852873535	0.2150292492362024
speech	maius	6	0.241195852873535	0.2150292492362024
speech	concilio	6	0.241195852873535	0.2150292492362024
speech	nemorosus	6	0.241195852873535	0.2150292492362024
speech	reficio	6	0.241195852873535	0.2150292492362024
speech	metior	6	0.241195852873535	0.2150292492362024
speech	refoueo	6	0.241195852873535	0.2150292492362024
speech	anna	6	0.241195852873535	0.2150292492362024
speech	contemptor	6	0.241195852873535	0.2150292492362024
speech	draco	16	0.238441353514825	0.21486974048674473
speech	mando	30	0.238327839888892	0.21486316709021744
speech	similis	48	0.237361532579896	0.2148072097453873
speech	modus	59	0.235290878400982	0.21468730140066633
speech	natura	23	0.235222837459564	0.21468336125617396
speech	calco	14	0.235026021048685	0.21467196392566712
speech	cremo	14	0.235026021048685	0.21467196392566712
speech	adigo	14	0.235026021048685	0.21467196392566712
speech	sterilis	8	0.233407298659906	0.21457822624403117
speech	minimus	8	0.233407298659906	0.21457822624403117
speech	parumper	8	0.233407298659906	0.21457822624403117
speech	deleo	8	0.233407298659906	0.21457822624403117
speech	iapyx	8	0.233407298659906	0.21457822624403117
speech	repugno	8	0.233407298659906	0.21457822624403117
speech	aedis	8	0.233407298659906	0.21457822624403117
speech	callidus	8	0.233407298659906	0.21457822624403117
speech	iniustus	8	0.233407298659906	0.21457822624403117
speech	insanio	8	0.233407298659906	0.21457822624403117
speech	reuoluo	12	0.232508949292206	0.21452620423728616
speech	lues	12	0.232508949292206	0.21452620423728616
speech	arcades	10	0.231535014606828	0.21446980520301995
speech	ratio	10	0.231535014606828	0.21446980520301995
speech	ignauus	10	0.231535014606828	0.21446980520301995
speech	nutus	10	0.231535014606828	0.21446980520301995
speech	abripio	10	0.231535014606828	0.21446980520301995
speech	tremor	10	0.231535014606828	0.21446980520301995
speech	remeo	21	0.229738678403372	0.2143657821831878
speech	obtendo	3	0.228915754775547	0.21431812796306302
speech	cydon	3	0.228915754775547	0.21431812796306302
speech	coniuro	3	0.228915754775547	0.21431812796306302
speech	dindyma	3	0.228915754775547	0.21431812796306302
speech	cycladae	3	0.228915754775547	0.21431812796306302
speech	obumbro	3	0.228915754775547	0.21431812796306302
speech	delus	3	0.228915754775547	0.21431812796306302
speech	retraho	3	0.228915754775547	0.21431812796306302
speech	sepulchrum	3	0.228915754775547	0.21431812796306302
speech	chorea	3	0.228915754775547	0.21431812796306302
speech	sigeus	3	0.228915754775547	0.21431812796306302
speech	dito	3	0.228915754775547	0.21431812796306302
speech	quilibet	3	0.228915754775547	0.21431812796306302
speech	desuetus	3	0.228915754775547	0.21431812796306302
speech	regimen	3	0.228915754775547	0.21431812796306302
speech	imprudens	3	0.228915754775547	0.21431812796306302
speech	subsum	3	0.228915754775547	0.21431812796306302
speech	blandior	3	0.228915754775547	0.21431812796306302
speech	culmus	3	0.228915754775547	0.21431812796306302
speech	discingo	3	0.228915754775547	0.21431812796306302
speech	lethes	3	0.228915754775547	0.21431812796306302
speech	redimo	3	0.228915754775547	0.21431812796306302
speech	innubus	3	0.228915754775547	0.21431812796306302
speech	integro	3	0.228915754775547	0.21431812796306302
speech	adsumo	3	0.228915754775547	0.21431812796306302
speech	gorgo	3	0.228915754775547	0.21431812796306302
speech	rhoeteus	3	0.228915754775547	0.21431812796306302
speech	continuus	3	0.228915754775547	0.21431812796306302
speech	ieiunus	3	0.228915754775547	0.21431812796306302
speech	olla	3	0.228915754775547	0.21431812796306302
speech	tarpeia	3	0.228915754775547	0.21431812796306302
speech	semesus	3	0.228915754775547	0.21431812796306302
speech	infodio	3	0.228915754775547	0.21431812796306302
speech	abnuo	3	0.228915754775547	0.21431812796306302
speech	myrrha	3	0.228915754775547	0.21431812796306302
speech	phlegethon	3	0.228915754775547	0.21431812796306302
speech	inundo	3	0.228915754775547	0.21431812796306302
speech	nigresco	3	0.228915754775547	0.21431812796306302
speech	exero	3	0.228915754775547	0.21431812796306302
speech	parthenopaeus	3	0.228915754775547	0.21431812796306302
speech	haedus	3	0.228915754775547	0.21431812796306302
speech	saeuitia	3	0.228915754775547	0.21431812796306302
speech	uoltus	3	0.228915754775547	0.21431812796306302
speech	cnosius	3	0.228915754775547	0.21431812796306302
speech	euhan	3	0.228915754775547	0.21431812796306302
speech	damma	3	0.228915754775547	0.21431812796306302
speech	lacrimosus	3	0.228915754775547	0.21431812796306302
speech	uiuum	3	0.228915754775547	0.21431812796306302
speech	credulus	3	0.228915754775547	0.21431812796306302
speech	uiduo	3	0.228915754775547	0.21431812796306302
speech	fluxus	3	0.228915754775547	0.21431812796306302
speech	lamentabilis	3	0.228915754775547	0.21431812796306302
speech	obsidio	3	0.228915754775547	0.21431812796306302
speech	nubigena	3	0.228915754775547	0.21431812796306302
speech	elissaeus	3	0.228915754775547	0.21431812796306302
speech	dicto	3	0.228915754775547	0.21431812796306302
speech	nobilito	3	0.228915754775547	0.21431812796306302
speech	ceterus	44	0.225124289244994	0.21409857012454764
speech	iulus	19	0.224269630535375	0.21404907817547408
speech	uerber	19	0.224269630535375	0.21404907817547408
speech	creo	24	0.220215591630884	0.21381431512357382
speech	etiamnunc	17	0.218872434168714	0.21373653497581738
speech	ulixes	22	0.213915936474405	0.21344951194696496
speech	exeo	40	0.212211482039742	0.2133508096566482
speech	uictor	94	0.210995215975048	0.21328037759124452
speech	forma	65	0.210793720632268	0.21326870931110978
speech	paratus	13	0.208736695849474	0.21314959022339994
speech	narro	20	0.207485827251182	0.21307715437939856
speech	abluo	5	0.205764264406476	0.21297746136781606
speech	abnueo	5	0.205764264406476	0.21297746136781606
speech	releuo	5	0.205764264406476	0.21297746136781606
speech	inutilis	5	0.205764264406476	0.21297746136781606
speech	exstinctus	5	0.205764264406476	0.21297746136781606
speech	rima	5	0.205764264406476	0.21297746136781606
speech	agenor	5	0.205764264406476	0.21297746136781606
speech	glacialis	5	0.205764264406476	0.21297746136781606
speech	lethaeus	5	0.205764264406476	0.21297746136781606
speech	niualis	5	0.205764264406476	0.21297746136781606
speech	inuidus	5	0.205764264406476	0.21297746136781606
speech	reparo	5	0.205764264406476	0.21297746136781606
speech	impauidus	5	0.205764264406476	0.21297746136781606
speech	inertia	5	0.205764264406476	0.21297746136781606
speech	deuenio	5	0.205764264406476	0.21297746136781606
speech	laqueus	5	0.205764264406476	0.21297746136781606
speech	recuruo	5	0.205764264406476	0.21297746136781606
speech	sicanus	5	0.205764264406476	0.21297746136781606
speech	saeclum	5	0.205764264406476	0.21297746136781606
speech	occursus	5	0.205764264406476	0.21297746136781606
speech	lydia	5	0.205764264406476	0.21297746136781606
speech	accipiter	5	0.205764264406476	0.21297746136781606
speech	graius	38	0.20546496584311	0.2129601294561545
speech	perseus	11	0.204451157161925	0.2129014213811594
speech	spiritus	11	0.204451157161925	0.2129014213811594
speech	maturus	11	0.204451157161925	0.2129014213811594
speech	mauors	11	0.204451157161925	0.2129014213811594
speech	nata	11	0.204451157161925	0.2129014213811594
speech	fax	41	0.202342755257417	0.21277932712469178
speech	coniungo	9	0.201354295866987	0.2127220869874746
speech	centaurus	9	0.201354295866987	0.2127220869874746
speech	consulo	9	0.201354295866987	0.2127220869874746
speech	puella	9	0.201354295866987	0.2127220869874746
speech	cytherea	9	0.201354295866987	0.2127220869874746
speech	odi	18	0.200933940474364	0.21269774486417983
speech	reuertor	18	0.200933940474364	0.21269774486417983
speech	detraho	7	0.200694561164008	0.21268388278273836
speech	ambages	7	0.200694561164008	0.21268388278273836
speech	generosus	7	0.200694561164008	0.21268388278273836
speech	attingo	7	0.200694561164008	0.21268388278273836
speech	libido	7	0.200694561164008	0.21268388278273836
speech	tribuo	7	0.200694561164008	0.21268388278273836
speech	religio	7	0.200694561164008	0.21268388278273836
speech	merso	7	0.200694561164008	0.21268388278273836
speech	inhospitus	7	0.200694561164008	0.21268388278273836
speech	deposco	7	0.200694561164008	0.21268388278273836
speech	flecto	44	0.199737831887692	0.21262848008679938
speech	hostilis	23	0.199089999050642	0.212590965100503
speech	sumo	36	0.198500966609943	0.2125568551531876
speech	tellus	143	0.19445685080161	0.2123226667322648
speech	minerua	16	0.194281100470705	0.2123124893054991
speech	caelicola	16	0.194281100470705	0.2123124893054991
speech	cadmus	16	0.194281100470705	0.2123124893054991
speech	gero	68	0.189635613293797	0.21204347640924734
speech	desum	29	0.1877446262667	0.21193397230826466
speech	uarro	14	0.187571037687969	0.21192392006518607
speech	alimentum	14	0.187571037687969	0.21192392006518607
speech	aetoli	2	0.186907745723275	0.21188550986498797
speech	hyperboreus	2	0.186907745723275	0.21188550986498797
speech	inlaetabilis	2	0.186907745723275	0.21188550986498797
speech	ambitiosus	2	0.186907745723275	0.21188550986498797
speech	ticinus	2	0.186907745723275	0.21188550986498797
speech	indigena	2	0.186907745723275	0.21188550986498797
speech	torpor	2	0.186907745723275	0.21188550986498797
speech	deuincio	2	0.186907745723275	0.21188550986498797
speech	sano	2	0.186907745723275	0.21188550986498797
speech	amyclae	2	0.186907745723275	0.21188550986498797
speech	hyrcani	2	0.186907745723275	0.21188550986498797
speech	turrigera	2	0.186907745723275	0.21188550986498797
speech	hylaeus	2	0.186907745723275	0.21188550986498797
speech	diuitia	2	0.186907745723275	0.21188550986498797
speech	diluuium	2	0.186907745723275	0.21188550986498797
speech	inmodicus	2	0.186907745723275	0.21188550986498797
speech	amomum	2	0.186907745723275	0.21188550986498797
speech	inmorior	2	0.186907745723275	0.21188550986498797
speech	albulus	2	0.186907745723275	0.21188550986498797
speech	induro	2	0.186907745723275	0.21188550986498797
speech	salix	2	0.186907745723275	0.21188550986498797
speech	aesona	2	0.186907745723275	0.21188550986498797
speech	incesto	2	0.186907745723275	0.21188550986498797
speech	hypsea	2	0.186907745723275	0.21188550986498797
speech	rutula	2	0.186907745723275	0.21188550986498797
speech	alcon	2	0.186907745723275	0.21188550986498797
speech	amentia	2	0.186907745723275	0.21188550986498797
speech	dissideo	2	0.186907745723275	0.21188550986498797
speech	electra	2	0.186907745723275	0.21188550986498797
speech	aegre	2	0.186907745723275	0.21188550986498797
speech	agylleus	2	0.186907745723275	0.21188550986498797
speech	illyricus	2	0.186907745723275	0.21188550986498797
speech	dictaeum	2	0.186907745723275	0.21188550986498797
speech	turpiter	2	0.186907745723275	0.21188550986498797
speech	praesumo	2	0.186907745723275	0.21188550986498797
speech	matertera	2	0.186907745723275	0.21188550986498797
speech	contemptrix	2	0.186907745723275	0.21188550986498797
speech	separo	2	0.186907745723275	0.21188550986498797
speech	praedator	2	0.186907745723275	0.21188550986498797
speech	lycorma	2	0.186907745723275	0.21188550986498797
speech	cortina	2	0.186907745723275	0.21188550986498797
speech	mamma	2	0.186907745723275	0.21188550986498797
speech	aurunci	2	0.186907745723275	0.21188550986498797
speech	uendo	2	0.186907745723275	0.21188550986498797
speech	b	2	0.186907745723275	0.21188550986498797
speech	martigena	2	0.186907745723275	0.21188550986498797
speech	medicina	2	0.186907745723275	0.21188550986498797
speech	beroe	2	0.186907745723275	0.21188550986498797
speech	expectatus	2	0.186907745723275	0.21188550986498797
speech	futilis	2	0.186907745723275	0.21188550986498797
speech	bauci	2	0.186907745723275	0.21188550986498797
speech	experientia	2	0.186907745723275	0.21188550986498797
speech	placide	2	0.186907745723275	0.21188550986498797
speech	metabus	2	0.186907745723275	0.21188550986498797
speech	actutum	2	0.186907745723275	0.21188550986498797
speech	conlido	2	0.186907745723275	0.21188550986498797
speech	piso	2	0.186907745723275	0.21188550986498797
speech	auens	2	0.186907745723275	0.21188550986498797
speech	praedor	2	0.186907745723275	0.21188550986498797
speech	teucrus	2	0.186907745723275	0.21188550986498797
speech	senesco	2	0.186907745723275	0.21188550986498797
speech	curulis	2	0.186907745723275	0.21188550986498797
speech	latonia	2	0.186907745723275	0.21188550986498797
speech	thermodontiacus	2	0.186907745723275	0.21188550986498797
speech	curio	2	0.186907745723275	0.21188550986498797
speech	asperrimus	2	0.186907745723275	0.21188550986498797
speech	leda	2	0.186907745723275	0.21188550986498797
speech	superiacio	2	0.186907745723275	0.21188550986498797
speech	priusquam	2	0.186907745723275	0.21188550986498797
speech	priuatus	2	0.186907745723275	0.21188550986498797
speech	astrifer	2	0.186907745723275	0.21188550986498797
speech	leucothoe	2	0.186907745723275	0.21188550986498797
speech	cthonius	2	0.186907745723275	0.21188550986498797
speech	libero	2	0.186907745723275	0.21188550986498797
speech	gestio	2	0.186907745723275	0.21188550986498797
speech	attamen	2	0.186907745723275	0.21188550986498797
speech	attento	2	0.186907745723275	0.21188550986498797
speech	praepeto	2	0.186907745723275	0.21188550986498797
speech	liuius	2	0.186907745723275	0.21188550986498797
speech	cresius	2	0.186907745723275	0.21188550986498797
speech	berecyntia	2	0.186907745723275	0.21188550986498797
speech	pisa	2	0.186907745723275	0.21188550986498797
speech	profuga	2	0.186907745723275	0.21188550986498797
speech	flagito	2	0.186907745723275	0.21188550986498797
speech	clementus	2	0.186907745723275	0.21188550986498797
speech	clauiger	2	0.186907745723275	0.21188550986498797
speech	fluuialis	2	0.186907745723275	0.21188550986498797
speech	fluidus	2	0.186907745723275	0.21188550986498797
speech	nubilis	2	0.186907745723275	0.21188550986498797
speech	acca	2	0.186907745723275	0.21188550986498797
speech	somnifer	2	0.186907745723275	0.21188550986498797
speech	patruelis	2	0.186907745723275	0.21188550986498797
speech	carmentes	2	0.186907745723275	0.21188550986498797
speech	circuitus	2	0.186907745723275	0.21188550986498797
speech	uindicta	2	0.186907745723275	0.21188550986498797
speech	parnasia	2	0.186907745723275	0.21188550986498797
speech	chryses	2	0.186907745723275	0.21188550986498797
speech	caurio	2	0.186907745723275	0.21188550986498797
speech	cecropia	2	0.186907745723275	0.21188550986498797
speech	opaco	2	0.186907745723275	0.21188550986498797
speech	optabilis	2	0.186907745723275	0.21188550986498797
speech	paean	2	0.186907745723275	0.21188550986498797
speech	feliciter	2	0.186907745723275	0.21188550986498797
speech	cerbereus	2	0.186907745723275	0.21188550986498797
speech	uertigo	2	0.186907745723275	0.21188550986498797
speech	nigrus	2	0.186907745723275	0.21188550986498797
speech	achaemenis	2	0.186907745723275	0.21188550986498797
speech	nequis	2	0.186907745723275	0.21188550986498797
speech	coniugialis	2	0.186907745723275	0.21188550986498797
speech	pilumnus	2	0.186907745723275	0.21188550986498797
speech	expromo	2	0.186907745723275	0.21188550986498797
speech	moderatus	2	0.186907745723275	0.21188550986498797
speech	sicubi	2	0.186907745723275	0.21188550986498797
speech	confinis	2	0.186907745723275	0.21188550986498797
speech	modicum	2	0.186907745723275	0.21188550986498797
speech	confercio	2	0.186907745723275	0.21188550986498797
speech	phlegrus	2	0.186907745723275	0.21188550986498797
speech	concentus	2	0.186907745723275	0.21188550986498797
speech	temptamentum	2	0.186907745723275	0.21188550986498797
speech	multi	2	0.186907745723275	0.21188550986498797
speech	uincentus	2	0.186907745723275	0.21188550986498797
speech	uincendus	2	0.186907745723275	0.21188550986498797
speech	sincerus	2	0.186907745723275	0.21188550986498797
speech	tabeo	2	0.186907745723275	0.21188550986498797
speech	colloco	2	0.186907745723275	0.21188550986498797
speech	sinon	2	0.186907745723275	0.21188550986498797
speech	tabula	2	0.186907745723275	0.21188550986498797
speech	ascisco	2	0.186907745723275	0.21188550986498797
speech	risus	2	0.186907745723275	0.21188550986498797
speech	labdacius	2	0.186907745723275	0.21188550986498797
speech	desaeuio	2	0.186907745723275	0.21188550986498797
speech	arbuteus	2	0.186907745723275	0.21188550986498797
speech	lacaena	2	0.186907745723275	0.21188550986498797
speech	iuncus	2	0.186907745723275	0.21188550986498797
speech	quaerendus	2	0.186907745723275	0.21188550986498797
speech	prometheus	2	0.186907745723275	0.21188550986498797
speech	secludo	2	0.186907745723275	0.21188550986498797
speech	adseruo	2	0.186907745723275	0.21188550986498797
speech	intercido	2	0.186907745723275	0.21188550986498797
speech	iugo	2	0.186907745723275	0.21188550986498797
speech	dedignor	2	0.186907745723275	0.21188550986498797
speech	euomo	2	0.186907745723275	0.21188550986498797
speech	insidiosus	2	0.186907745723275	0.21188550986498797
speech	proiectus	2	0.186907745723275	0.21188550986498797
speech	aquilonia	2	0.186907745723275	0.21188550986498797
speech	sedulus	2	0.186907745723275	0.21188550986498797
speech	uarus	2	0.186907745723275	0.21188550986498797
speech	tyrrheni	2	0.186907745723275	0.21188550986498797
speech	sulla	2	0.186907745723275	0.21188550986498797
speech	puerpera	2	0.186907745723275	0.21188550986498797
speech	describo	2	0.186907745723275	0.21188550986498797
speech	desideo	2	0.186907745723275	0.21188550986498797
speech	ismene	2	0.186907745723275	0.21188550986498797
speech	pyramus	2	0.186907745723275	0.21188550986498797
speech	pronuba	2	0.186907745723275	0.21188550986498797
speech	euenio	2	0.186907745723275	0.21188550986498797
speech	helice	2	0.186907745723275	0.21188550986498797
speech	laetissimus	2	0.186907745723275	0.21188550986498797
speech	herbosus	2	0.186907745723275	0.21188550986498797
speech	abeo	54	0.186201734979409	0.21184462588710587
speech	proles	63	0.183747663527132	0.21170251444780033
speech	animosus	12	0.180892708770527	0.21153718848337624
speech	lac	12	0.180892708770527	0.21153718848337624
speech	carcer	12	0.180892708770527	0.21153718848337624
speech	fulmen	55	0.178399366387331	0.21139280292588616
speech	ora	61	0.177113005502827	0.21131831177910493
speech	lacesso	17	0.176600061227725	0.2112886079784472
speech	exhaurio	17	0.176600061227725	0.2112886079784472
speech	incendium	17	0.176600061227725	0.2112886079784472
speech	inuius	10	0.174430728582542	0.2111629853180909
speech	adiungo	10	0.174430728582542	0.2111629853180909
speech	amo	50	0.1722192081783	0.2110349196305948
speech	propinquus	20	0.16900634097409	0.21084886751615284
speech	sychaeus	8	0.168593613273119	0.2108249671005509
speech	spelunca	8	0.168593613273119	0.2108249671005509
speech	aro	8	0.168593613273119	0.2108249671005509
speech	memorabilis	8	0.168593613273119	0.2108249671005509
speech	perpetuus	8	0.168593613273119	0.2108249671005509
speech	olympus	28	0.16797346654873	0.21078905537373394
speech	grex	28	0.16797346654873	0.21078905537373394
speech	muralis	4	0.16503926255476	0.21061914020993042
speech	requiesco	4	0.16503926255476	0.21061914020993042
speech	luridus	4	0.16503926255476	0.21061914020993042
speech	pudibundus	4	0.16503926255476	0.21061914020993042
speech	pugnax	4	0.16503926255476	0.21061914020993042
speech	dissimilis	4	0.16503926255476	0.21061914020993042
speech	blanditia	4	0.16503926255476	0.21061914020993042
speech	uillosus	4	0.16503926255476	0.21061914020993042
speech	rusticus	4	0.16503926255476	0.21061914020993042
speech	iphis	4	0.16503926255476	0.21061914020993042
speech	distinguo	4	0.16503926255476	0.21061914020993042
speech	portitor	4	0.16503926255476	0.21061914020993042
speech	timendus	4	0.16503926255476	0.21061914020993042
speech	uere	4	0.16503926255476	0.21061914020993042
speech	cliuus	4	0.16503926255476	0.21061914020993042
speech	uitium	4	0.16503926255476	0.21061914020993042
speech	aeterno	4	0.16503926255476	0.21061914020993042
speech	ferinus	4	0.16503926255476	0.21061914020993042
speech	quini	4	0.16503926255476	0.21061914020993042
speech	palladius	4	0.16503926255476	0.21061914020993042
speech	chelys	4	0.16503926255476	0.21061914020993042
speech	oedipodes	4	0.16503926255476	0.21061914020993042
speech	chromis	4	0.16503926255476	0.21061914020993042
speech	ianus	4	0.16503926255476	0.21061914020993042
speech	partior	4	0.16503926255476	0.21061914020993042
speech	circumeo	4	0.16503926255476	0.21061914020993042
speech	depasco	4	0.16503926255476	0.21061914020993042
speech	medico	4	0.16503926255476	0.21061914020993042
speech	agilis	4	0.16503926255476	0.21061914020993042
speech	delphi	4	0.16503926255476	0.21061914020993042
speech	fabula	4	0.16503926255476	0.21061914020993042
speech	armipotens	4	0.16503926255476	0.21061914020993042
speech	niuosus	4	0.16503926255476	0.21061914020993042
speech	talentum	4	0.16503926255476	0.21061914020993042
speech	accumulo	4	0.16503926255476	0.21061914020993042
speech	gratus	31	0.164900967078522	0.2106111317352141
speech	centum	31	0.164900967078522	0.2106111317352141
speech	artifex	6	0.164401533684173	0.21058221032852795
speech	aeque	6	0.164401533684173	0.21058221032852795
speech	spissus	6	0.164401533684173	0.21058221032852795
speech	excuso	6	0.164401533684173	0.21058221032852795
speech	euinco	6	0.164401533684173	0.21058221032852795
speech	proserpina	6	0.164401533684173	0.21058221032852795
speech	tremesco	6	0.164401533684173	0.21058221032852795
speech	regulus	6	0.164401533684173	0.21058221032852795
speech	instituo	6	0.164401533684173	0.21058221032852795
speech	uindex	6	0.164401533684173	0.21058221032852795
speech	resumo	6	0.164401533684173	0.21058221032852795
speech	exequia	6	0.164401533684173	0.21058221032852795
speech	glans	6	0.164401533684173	0.21058221032852795
speech	saturnus	6	0.164401533684173	0.21058221032852795
speech	defero	23	0.163539571311036	0.21053229543572397
speech	edo	34	0.162525423190626	0.21047356770433426
speech	ineo	18	0.16033103759226	0.2103464942666453
speech	profugus	18	0.16033103759226	0.2103464942666453
speech	iubeo	116	0.1601094447214	0.2103336621700947
speech	infaustus	13	0.160061045544504	0.21033085944946342
speech	tero	13	0.160061045544504	0.21033085944946342
speech	polluo	13	0.160061045544504	0.21033085944946342
speech	succedo	26	0.15950474691585	0.2102986450660035
speech	relinquo	129	0.158763649131603	0.21025572925249375
speech	post	83	0.15232748270936	0.20988302092200636
speech	adicio	11	0.151248868085371	0.20982056003622862
speech	dono	24	0.150606859750212	0.20978338233772645
speech	furia	24	0.150606859750212	0.20978338233772645
speech	iamdudum	24	0.150606859750212	0.20978338233772645
speech	terreo	41	0.150255014875179	0.2097630075513457
speech	infelix	69	0.143365532233693	0.20936404838764913
speech	decerno	9	0.142072147653163	0.20928915050961702
speech	phrixus	9	0.142072147653163	0.20928915050961702
speech	hiber	9	0.142072147653163	0.20928915050961702
speech	insisto	9	0.142072147653163	0.20928915050961702
speech	inmitto	9	0.142072147653163	0.20928915050961702
speech	belua	9	0.142072147653163	0.20928915050961702
speech	aceruus	14	0.141394353665411	0.2092499005199467
speech	uolito	14	0.141394353665411	0.2092499005199467
speech	bustum	14	0.141394353665411	0.2092499005199467
speech	peruenio	14	0.141394353665411	0.2092499005199467
speech	prex	45	0.141232706842948	0.2092405398052951
speech	deficio	22	0.141211812270054	0.20923932983326074
speech	miles	48	0.141123999188071	0.2092342447150345
speech	tardus	25	0.13837323943296	0.209074952520172
speech	cesso	25	0.13837323943296	0.209074952520172
speech	mitto	121	0.1368768133057	0.2089882968237529
speech	solium	17	0.135250167178049	0.20889410029079264
speech	rabidus	17	0.135250167178049	0.20889410029079264
speech	famula	17	0.135250167178049	0.20889410029079264
speech	iunctus	31	0.134990446489634	0.2088790602719644
speech	gaudium	34	0.134056658831937	0.20882498608927588
speech	ruina	34	0.134056658831937	0.20882498608927588
speech	remitto	34	0.134056658831937	0.20882498608927588
speech	horresco	7	0.132625818312499	0.2087421283528211
speech	inferior	7	0.132625818312499	0.2087421283528211
speech	inachius	7	0.132625818312499	0.2087421283528211
speech	interritus	7	0.132625818312499	0.2087421283528211
speech	longaeuus	7	0.132625818312499	0.2087421283528211
speech	contemptus	7	0.132625818312499	0.2087421283528211
speech	gratissimus	7	0.132625818312499	0.2087421283528211
speech	adnato	1	0.13216289628367	0.20871532126220355
speech	floridus	1	0.13216289628367	0.20871532126220355
speech	rosarium	1	0.13216289628367	0.20871532126220355
speech	sithonia	1	0.13216289628367	0.20871532126220355
speech	geryona	1	0.13216289628367	0.20871532126220355
speech	sena	1	0.13216289628367	0.20871532126220355
speech	gigantus	1	0.13216289628367	0.20871532126220355
speech	salmoneus	1	0.13216289628367	0.20871532126220355
speech	erysictho	1	0.13216289628367	0.20871532126220355
speech	gisgo	1	0.13216289628367	0.20871532126220355
speech	iaculabilis	1	0.13216289628367	0.20871532126220355
speech	erythia	1	0.13216289628367	0.20871532126220355
speech	accuso	1	0.13216289628367	0.20871532126220355
speech	trieteride	1	0.13216289628367	0.20871532126220355
speech	heri	1	0.13216289628367	0.20871532126220355
speech	trieteridus	1	0.13216289628367	0.20871532126220355
speech	esse	1	0.13216289628367	0.20871532126220355
speech	excieo	1	0.13216289628367	0.20871532126220355
speech	acclinis	1	0.13216289628367	0.20871532126220355
speech	homoloidae	1	0.13216289628367	0.20871532126220355
speech	fornix	1	0.13216289628367	0.20871532126220355
speech	accumbo	1	0.13216289628367	0.20871532126220355
speech	formica	1	0.13216289628367	0.20871532126220355
speech	accubitus	1	0.13216289628367	0.20871532126220355
speech	sanguen	1	0.13216289628367	0.20871532126220355
speech	floresco	1	0.13216289628367	0.20871532126220355
speech	gallicus	1	0.13216289628367	0.20871532126220355
speech	erymanthos	1	0.13216289628367	0.20871532126220355
speech	faex	1	0.13216289628367	0.20871532126220355
speech	fastidium	1	0.13216289628367	0.20871532126220355
speech	aeetidus	1	0.13216289628367	0.20871532126220355
speech	tortum	1	0.13216289628367	0.20871532126220355
speech	euripus	1	0.13216289628367	0.20871532126220355
speech	fetura	1	0.13216289628367	0.20871532126220355
speech	spica	1	0.13216289628367	0.20871532126220355
speech	fertilitas	1	0.13216289628367	0.20871532126220355
speech	ferroues	1	0.13216289628367	0.20871532126220355
speech	horrifero	1	0.13216289628367	0.20871532126220355
speech	tritoniacus	1	0.13216289628367	0.20871532126220355
speech	grandus	1	0.13216289628367	0.20871532126220355
speech	eurynomes	1	0.13216289628367	0.20871532126220355
speech	sanctior	1	0.13216289628367	0.20871532126220355
speech	adligo	1	0.13216289628367	0.20871532126220355
speech	sponda	1	0.13216289628367	0.20871532126220355
speech	ericthonius	1	0.13216289628367	0.20871532126220355
speech	grator	1	0.13216289628367	0.20871532126220355
speech	graiugenus	1	0.13216289628367	0.20871532126220355
speech	adlaturus	1	0.13216289628367	0.20871532126220355
speech	adlapsus	1	0.13216289628367	0.20871532126220355
speech	sorto	1	0.13216289628367	0.20871532126220355
speech	aeternum	1	0.13216289628367	0.20871532126220355
speech	iampridem	1	0.13216289628367	0.20871532126220355
speech	ianiculum	1	0.13216289628367	0.20871532126220355
speech	romuleo	1	0.13216289628367	0.20871532126220355
speech	flammiferus	1	0.13216289628367	0.20871532126220355
speech	adulor	1	0.13216289628367	0.20871532126220355
speech	excitus	1	0.13216289628367	0.20871532126220355
speech	adiicio	1	0.13216289628367	0.20871532126220355
speech	transfundo	1	0.13216289628367	0.20871532126220355
speech	abstrudo	1	0.13216289628367	0.20871532126220355
speech	tuder	1	0.13216289628367	0.20871532126220355
speech	samius	1	0.13216289628367	0.20871532126220355
speech	adiumentum	1	0.13216289628367	0.20871532126220355
speech	zancle	1	0.13216289628367	0.20871532126220355
speech	exaequo	1	0.13216289628367	0.20871532126220355
speech	erudio	1	0.13216289628367	0.20871532126220355
speech	extorqueo	1	0.13216289628367	0.20871532126220355
speech	sagittiferus	1	0.13216289628367	0.20871532126220355
speech	extollo	1	0.13216289628367	0.20871532126220355
speech	tractabilis	1	0.13216289628367	0.20871532126220355
speech	aequior	1	0.13216289628367	0.20871532126220355
speech	sere	1	0.13216289628367	0.20871532126220355
speech	hyle	1	0.13216289628367	0.20871532126220355
speech	aea	1	0.13216289628367	0.20871532126220355
speech	hostiliter	1	0.13216289628367	0.20871532126220355
speech	hecabus	1	0.13216289628367	0.20871532126220355
speech	furca	1	0.13216289628367	0.20871532126220355
speech	adscendo	1	0.13216289628367	0.20871532126220355
speech	hyllus	1	0.13216289628367	0.20871532126220355
speech	hodites	1	0.13216289628367	0.20871532126220355
speech	europe	1	0.13216289628367	0.20871532126220355
speech	euandria	1	0.13216289628367	0.20871532126220355
speech	expostus	1	0.13216289628367	0.20871532126220355
speech	exprobro	1	0.13216289628367	0.20871532126220355
speech	hectoreis	1	0.13216289628367	0.20871532126220355
speech	expugnabilis	1	0.13216289628367	0.20871532126220355
speech	hamadryas	1	0.13216289628367	0.20871532126220355
speech	geloni	1	0.13216289628367	0.20871532126220355
speech	gargaphia	1	0.13216289628367	0.20871532126220355
speech	haudeo	1	0.13216289628367	0.20871532126220355
speech	sendo	1	0.13216289628367	0.20871532126220355
speech	gangeticus	1	0.13216289628367	0.20871532126220355
speech	adcresco	1	0.13216289628367	0.20871532126220355
speech	adcliuis	1	0.13216289628367	0.20871532126220355
speech	sardes	1	0.13216289628367	0.20871532126220355
speech	aequatus	1	0.13216289628367	0.20871532126220355
speech	gallus	1	0.13216289628367	0.20871532126220355
speech	seruatrex	1	0.13216289628367	0.20871532126220355
speech	gaetuli	1	0.13216289628367	0.20871532126220355
speech	scyrus	1	0.13216289628367	0.20871532126220355
speech	hyacinthus	1	0.13216289628367	0.20871532126220355
speech	hydrus	1	0.13216289628367	0.20871532126220355
speech	expectans	1	0.13216289628367	0.20871532126220355
speech	expectao	1	0.13216289628367	0.20871532126220355
speech	strenuus	1	0.13216289628367	0.20871532126220355
speech	seres	1	0.13216289628367	0.20871532126220355
speech	hastatus	1	0.13216289628367	0.20871532126220355
speech	hyder	1	0.13216289628367	0.20871532126220355
speech	hydrum	1	0.13216289628367	0.20871532126220355
speech	furuus	1	0.13216289628367	0.20871532126220355
speech	histrus	1	0.13216289628367	0.20871532126220355
speech	gemebundus	1	0.13216289628367	0.20871532126220355
speech	exhaustus	1	0.13216289628367	0.20871532126220355
speech	fragro	1	0.13216289628367	0.20871532126220355
speech	fremibundus	1	0.13216289628367	0.20871532126220355
speech	uulcanes	1	0.13216289628367	0.20871532126220355
speech	ruptus	1	0.13216289628367	0.20871532126220355
speech	aero	1	0.13216289628367	0.20871532126220355
speech	simulac	1	0.13216289628367	0.20871532126220355
speech	hypsipyles	1	0.13216289628367	0.20871532126220355
speech	acherra	1	0.13216289628367	0.20871532126220355
speech	fragum	1	0.13216289628367	0.20871532126220355
speech	tullius	1	0.13216289628367	0.20871532126220355
speech	tremisceo	1	0.13216289628367	0.20871532126220355
speech	adfrango	1	0.13216289628367	0.20871532126220355
speech	fouea	1	0.13216289628367	0.20871532126220355
speech	excudo	1	0.13216289628367	0.20871532126220355
speech	fortuno	1	0.13216289628367	0.20871532126220355
speech	achais	1	0.13216289628367	0.20871532126220355
speech	achaides	1	0.13216289628367	0.20871532126220355
speech	ruga	1	0.13216289628367	0.20871532126220355
speech	elo	1	0.13216289628367	0.20871532126220355
speech	troezena	1	0.13216289628367	0.20871532126220355
speech	tordo	1	0.13216289628367	0.20871532126220355
speech	fremor	1	0.13216289628367	0.20871532126220355
speech	exsulo	1	0.13216289628367	0.20871532126220355
speech	sason	1	0.13216289628367	0.20871532126220355
speech	sicyon	1	0.13216289628367	0.20871532126220355
speech	acrisioneus	1	0.13216289628367	0.20871532126220355
speech	fulo	1	0.13216289628367	0.20871532126220355
speech	uolutus	1	0.13216289628367	0.20871532126220355
speech	septemgeminus	1	0.13216289628367	0.20871532126220355
speech	septemfluus	1	0.13216289628367	0.20871532126220355
speech	exsibilo	1	0.13216289628367	0.20871532126220355
speech	tribulus	1	0.13216289628367	0.20871532126220355
speech	generosis	1	0.13216289628367	0.20871532126220355
speech	adpositus	1	0.13216289628367	0.20871532126220355
speech	strictus	1	0.13216289628367	0.20871532126220355
speech	scrutator	1	0.13216289628367	0.20871532126220355
speech	euiscero	1	0.13216289628367	0.20871532126220355
speech	silendus	1	0.13216289628367	0.20871532126220355
speech	hispana	1	0.13216289628367	0.20871532126220355
speech	ustus	1	0.13216289628367	0.20871532126220355
speech	hiberia	1	0.13216289628367	0.20871532126220355
speech	orodes	1	0.13216289628367	0.20871532126220355
speech	iasius	1	0.13216289628367	0.20871532126220355
speech	porgo	1	0.13216289628367	0.20871532126220355
speech	menela	1	0.13216289628367	0.20871532126220355
speech	pluuius	1	0.13216289628367	0.20871532126220355
speech	memphis	1	0.13216289628367	0.20871532126220355
speech	conspecio	1	0.13216289628367	0.20871532126220355
speech	melanthus	1	0.13216289628367	0.20871532126220355
speech	megareus	1	0.13216289628367	0.20871532126220355
speech	medus	1	0.13216289628367	0.20871532126220355
speech	polyxenus	1	0.13216289628367	0.20871532126220355
speech	mediusue	1	0.13216289628367	0.20871532126220355
speech	mediocris	1	0.13216289628367	0.20871532126220355
speech	medicabilis	1	0.13216289628367	0.20871532126220355
speech	contextus	1	0.13216289628367	0.20871532126220355
speech	populo	1	0.13216289628367	0.20871532126220355
speech	contiguus	1	0.13216289628367	0.20871532126220355
speech	bacatus	1	0.13216289628367	0.20871532126220355
speech	monoecus	1	0.13216289628367	0.20871532126220355
speech	portandus	1	0.13216289628367	0.20871532126220355
speech	conubiisue	1	0.13216289628367	0.20871532126220355
speech	marcor	1	0.13216289628367	0.20871532126220355
speech	conuiua	1	0.13216289628367	0.20871532126220355
speech	marcia	1	0.13216289628367	0.20871532126220355
speech	marathonius	1	0.13216289628367	0.20871532126220355
speech	manuue	1	0.13216289628367	0.20871532126220355
speech	auspex	1	0.13216289628367	0.20871532126220355
speech	maniplis	1	0.13216289628367	0.20871532126220355
speech	maledictum	1	0.13216289628367	0.20871532126220355
speech	maledico	1	0.13216289628367	0.20871532126220355
speech	potitius	1	0.13216289628367	0.20871532126220355
speech	aunus	1	0.13216289628367	0.20871532126220355
speech	magniloquus	1	0.13216289628367	0.20871532126220355
speech	menoeceu	1	0.13216289628367	0.20871532126220355
speech	plumeus	1	0.13216289628367	0.20871532126220355
speech	merco	1	0.13216289628367	0.20871532126220355
speech	consentio	1	0.13216289628367	0.20871532126220355
speech	bisulcus	1	0.13216289628367	0.20871532126220355
speech	condenso	1	0.13216289628367	0.20871532126220355
speech	condicio	1	0.13216289628367	0.20871532126220355
speech	mollesco	1	0.13216289628367	0.20871532126220355
speech	bistonae	1	0.13216289628367	0.20871532126220355
speech	symaethius	1	0.13216289628367	0.20871532126220355
speech	confertus	1	0.13216289628367	0.20871532126220355
speech	confio	1	0.13216289628367	0.20871532126220355
speech	mitior	1	0.13216289628367	0.20871532126220355
speech	pilo	1	0.13216289628367	0.20871532126220355
speech	confusus	1	0.13216289628367	0.20871532126220355
speech	bifrons	1	0.13216289628367	0.20871532126220355
speech	congrego	1	0.13216289628367	0.20871532126220355
speech	bifor	1	0.13216289628367	0.20871532126220355
speech	bifidus	1	0.13216289628367	0.20871532126220355
speech	coniunctior	1	0.13216289628367	0.20871532126220355
speech	coniunctus	1	0.13216289628367	0.20871532126220355
speech	pitthea	1	0.13216289628367	0.20871532126220355
speech	uenilia	1	0.13216289628367	0.20871532126220355
speech	uenieo	1	0.13216289628367	0.20871532126220355
speech	midea	1	0.13216289628367	0.20871532126220355
speech	bellor	1	0.13216289628367	0.20871532126220355
speech	belligera	1	0.13216289628367	0.20871532126220355
speech	bellax	1	0.13216289628367	0.20871532126220355
speech	conquiro	1	0.13216289628367	0.20871532126220355
speech	planissimus	1	0.13216289628367	0.20871532126220355
speech	belis	1	0.13216289628367	0.20871532126220355
speech	plataeae	1	0.13216289628367	0.20871532126220355
speech	bebrycus	1	0.13216289628367	0.20871532126220355
speech	aulides	1	0.13216289628367	0.20871532126220355
speech	maeonii	1	0.13216289628367	0.20871532126220355
speech	maenas	1	0.13216289628367	0.20871532126220355
speech	praesentus	1	0.13216289628367	0.20871532126220355
speech	atlanta	1	0.13216289628367	0.20871532126220355
speech	atinus	1	0.13216289628367	0.20871532126220355
speech	thebani	1	0.13216289628367	0.20871532126220355
speech	praeualidus	1	0.13216289628367	0.20871532126220355
speech	crudele	1	0.13216289628367	0.20871532126220355
speech	athamanta	1	0.13216289628367	0.20871532126220355
speech	liberior	1	0.13216289628367	0.20871532126220355
speech	atalanta	1	0.13216289628367	0.20871532126220355
speech	crux	1	0.13216289628367	0.20871532126220355
speech	pretiosus	1	0.13216289628367	0.20871532126220355
speech	rictum	1	0.13216289628367	0.20871532126220355
speech	lethaeum	1	0.13216289628367	0.20871532126220355
speech	cumanus	1	0.13216289628367	0.20871532126220355
speech	proauo	1	0.13216289628367	0.20871532126220355
speech	lenimen	1	0.13216289628367	0.20871532126220355
speech	probrum	1	0.13216289628367	0.20871532126220355
speech	lemniades	1	0.13216289628367	0.20871532126220355
speech	assiduus	1	0.13216289628367	0.20871532126220355
speech	leleges	1	0.13216289628367	0.20871532126220355
speech	lelegeius	1	0.13216289628367	0.20871532126220355
speech	cupitus	1	0.13216289628367	0.20871532126220355
speech	lectissimus	1	0.13216289628367	0.20871532126220355
speech	lechaeus	1	0.13216289628367	0.20871532126220355
speech	curetas	1	0.13216289628367	0.20871532126220355
speech	aspis	1	0.13216289628367	0.20871532126220355
speech	laurigeo	1	0.13216289628367	0.20871532126220355
speech	proco	1	0.13216289628367	0.20871532126220355
speech	uitrum	1	0.13216289628367	0.20871532126220355
speech	asopos	1	0.13216289628367	0.20871532126220355
speech	praesepium	1	0.13216289628367	0.20871532126220355
speech	crispinus	1	0.13216289628367	0.20871532126220355
speech	praecellens	1	0.13216289628367	0.20871532126220355
speech	praescio	1	0.13216289628367	0.20871532126220355
speech	praecido	1	0.13216289628367	0.20871532126220355
speech	teter	1	0.13216289628367	0.20871532126220355
speech	suppedito	1	0.13216289628367	0.20871532126220355
speech	lyncus	1	0.13216289628367	0.20871532126220355
speech	lynca	1	0.13216289628367	0.20871532126220355
speech	lydius	1	0.13216289628367	0.20871532126220355
speech	corythum	1	0.13216289628367	0.20871532126220355
speech	corytum	1	0.13216289628367	0.20871532126220355
speech	luxuries	1	0.13216289628367	0.20871532126220355
speech	cothurnus	1	0.13216289628367	0.20871532126220355
speech	lustramen	1	0.13216289628367	0.20871532126220355
speech	crabro	1	0.13216289628367	0.20871532126220355
speech	praeditus	1	0.13216289628367	0.20871532126220355
speech	lustralis	1	0.13216289628367	0.20871532126220355
speech	teucrius	1	0.13216289628367	0.20871532126220355
speech	uelifer	1	0.13216289628367	0.20871532126220355
speech	lue	1	0.13216289628367	0.20871532126220355
speech	praedurus	1	0.13216289628367	0.20871532126220355
speech	praeeo	1	0.13216289628367	0.20871532126220355
speech	creio	1	0.13216289628367	0.20871532126220355
speech	lucror	1	0.13216289628367	0.20871532126220355
speech	praefulguro	1	0.13216289628367	0.20871532126220355
speech	praegnas	1	0.13216289628367	0.20871532126220355
speech	attremo	1	0.13216289628367	0.20871532126220355
speech	uectum	1	0.13216289628367	0.20871532126220355
speech	cressa	1	0.13216289628367	0.20871532126220355
speech	cretheius	1	0.13216289628367	0.20871532126220355
speech	uisco	1	0.13216289628367	0.20871532126220355
speech	liternum	1	0.13216289628367	0.20871532126220355
speech	bitiae	1	0.13216289628367	0.20871532126220355
speech	monstrosus	1	0.13216289628367	0.20871532126220355
speech	profanatus	1	0.13216289628367	0.20871532126220355
speech	nysa	1	0.13216289628367	0.20871532126220355
speech	obtundo	1	0.13216289628367	0.20871532126220355
speech	paphius	1	0.13216289628367	0.20871532126220355
speech	obtexo	1	0.13216289628367	0.20871532126220355
speech	tanais	1	0.13216289628367	0.20871532126220355
speech	paraetonius	1	0.13216289628367	0.20871532126220355
speech	parcis	1	0.13216289628367	0.20871532126220355
speech	tartessia	1	0.13216289628367	0.20871532126220355
speech	parrhasii	1	0.13216289628367	0.20871532126220355
speech	parthenopaee	1	0.13216289628367	0.20871532126220355
speech	oblitus	1	0.13216289628367	0.20871532126220355
speech	parthi	1	0.13216289628367	0.20871532126220355
speech	circumflecto	1	0.13216289628367	0.20871532126220355
speech	oblectamen	1	0.13216289628367	0.20871532126220355
speech	obambulo	1	0.13216289628367	0.20871532126220355
speech	circumspecto	1	0.13216289628367	0.20871532126220355
speech	montiuagus	1	0.13216289628367	0.20871532126220355
speech	patricius	1	0.13216289628367	0.20871532126220355
speech	cissei	1	0.13216289628367	0.20871532126220355
speech	carambin	1	0.13216289628367	0.20871532126220355
speech	numquamnus	1	0.13216289628367	0.20871532126220355
speech	numidae	1	0.13216289628367	0.20871532126220355
speech	numida	1	0.13216289628367	0.20871532126220355
speech	capitolinus	1	0.13216289628367	0.20871532126220355
speech	pegasus	1	0.13216289628367	0.20871532126220355
speech	peleius	1	0.13216289628367	0.20871532126220355
speech	pella	1	0.13216289628367	0.20871532126220355
speech	clarior	1	0.13216289628367	0.20871532126220355
speech	clarissimus	1	0.13216289628367	0.20871532126220355
speech	claro	1	0.13216289628367	0.20871532126220355
speech	penelope	1	0.13216289628367	0.20871532126220355
speech	panthu	1	0.13216289628367	0.20871532126220355
speech	panthera	1	0.13216289628367	0.20871532126220355
speech	cicatrix	1	0.13216289628367	0.20871532126220355
speech	octauus	1	0.13216289628367	0.20871532126220355
speech	ornyto	1	0.13216289628367	0.20871532126220355
speech	osirim	1	0.13216289628367	0.20871532126220355
speech	tanton	1	0.13216289628367	0.20871532126220355
speech	tanto	1	0.13216289628367	0.20871532126220355
speech	pacalis	1	0.13216289628367	0.20871532126220355
speech	pacatus	1	0.13216289628367	0.20871532126220355
speech	orbatus	1	0.13216289628367	0.20871532126220355
speech	uesulus	1	0.13216289628367	0.20871532126220355
speech	certatus	1	0.13216289628367	0.20871532126220355
speech	pacifer	1	0.13216289628367	0.20871532126220355
speech	celta	1	0.13216289628367	0.20871532126220355
speech	celsior	1	0.13216289628367	0.20871532126220355
speech	opprobrium	1	0.13216289628367	0.20871532126220355
speech	ceston	1	0.13216289628367	0.20871532126220355
speech	ceyce	1	0.13216289628367	0.20871532126220355
speech	onchestius	1	0.13216289628367	0.20871532126220355
speech	palates	1	0.13216289628367	0.20871532126220355
speech	palladia	1	0.13216289628367	0.20871532126220355
speech	cecrope	1	0.13216289628367	0.20871532126220355
speech	pallados	1	0.13216289628367	0.20871532126220355
speech	olenides	1	0.13216289628367	0.20871532126220355
speech	pallene	1	0.13216289628367	0.20871532126220355
speech	cautior	1	0.13216289628367	0.20871532126220355
speech	oenomaus	1	0.13216289628367	0.20871532126220355
speech	palmifer	1	0.13216289628367	0.20871532126220355
speech	choaspes	1	0.13216289628367	0.20871532126220355
speech	odorus	1	0.13216289628367	0.20871532126220355
speech	panis	1	0.13216289628367	0.20871532126220355
speech	panope	1	0.13216289628367	0.20871532126220355
speech	claudius	1	0.13216289628367	0.20871532126220355
speech	clausi	1	0.13216289628367	0.20871532126220355
speech	peraro	1	0.13216289628367	0.20871532126220355
speech	peruigilis	1	0.13216289628367	0.20871532126220355
speech	nautes	1	0.13216289628367	0.20871532126220355
speech	columen	1	0.13216289628367	0.20871532126220355
speech	naupliades	1	0.13216289628367	0.20871532126220355
speech	combibo	1	0.13216289628367	0.20871532126220355
speech	uereo	1	0.13216289628367	0.20871532126220355
speech	comitas	1	0.13216289628367	0.20871532126220355
speech	nasamones	1	0.13216289628367	0.20871532126220355
speech	uerecundus	1	0.13216289628367	0.20871532126220355
speech	commodum	1	0.13216289628367	0.20871532126220355
speech	commoneo	1	0.13216289628367	0.20871532126220355
speech	naido	1	0.13216289628367	0.20871532126220355
speech	naias	1	0.13216289628367	0.20871532126220355
speech	compactus	1	0.13216289628367	0.20871532126220355
speech	compago	1	0.13216289628367	0.20871532126220355
speech	brumalis	1	0.13216289628367	0.20871532126220355
speech	mustum	1	0.13216289628367	0.20871532126220355
speech	breuus	1	0.13216289628367	0.20871532126220355
speech	comporto	1	0.13216289628367	0.20871532126220355
speech	pheneus	1	0.13216289628367	0.20871532126220355
speech	breuissimus	1	0.13216289628367	0.20871532126220355
speech	multiuagus	1	0.13216289628367	0.20871532126220355
speech	muliebris	1	0.13216289628367	0.20871532126220355
speech	phlegra	1	0.13216289628367	0.20871532126220355
speech	concelebro	1	0.13216289628367	0.20871532126220355
speech	phlegyae	1	0.13216289628367	0.20871532126220355
speech	uepres	1	0.13216289628367	0.20871532126220355
speech	mortiferi	1	0.13216289628367	0.20871532126220355
speech	phoebes	1	0.13216289628367	0.20871532126220355
speech	concordo	1	0.13216289628367	0.20871532126220355
speech	caducifer	1	0.13216289628367	0.20871532126220355
speech	peruerto	1	0.13216289628367	0.20871532126220355
speech	percio	1	0.13216289628367	0.20871532126220355
speech	perueho	1	0.13216289628367	0.20871532126220355
speech	perculeo	1	0.13216289628367	0.20871532126220355
speech	cliens	1	0.13216289628367	0.20871532126220355
speech	campesus	1	0.13216289628367	0.20871532126220355
speech	uertumnus	1	0.13216289628367	0.20871532126220355
speech	teate	1	0.13216289628367	0.20871532126220355
speech	clo	1	0.13216289628367	0.20871532126220355
speech	uertendus	1	0.13216289628367	0.20871532126220355
speech	cloelia	1	0.13216289628367	0.20871532126220355
speech	cloelius	1	0.13216289628367	0.20871532126220355
speech	nomentum	1	0.13216289628367	0.20871532126220355
speech	calpes	1	0.13216289628367	0.20871532126220355
speech	cnosia	1	0.13216289628367	0.20871532126220355
speech	caledonius	1	0.13216289628367	0.20871532126220355
speech	coccum	1	0.13216289628367	0.20871532126220355
speech	calcitro	1	0.13216289628367	0.20871532126220355
speech	calcandus	1	0.13216289628367	0.20871532126220355
speech	nesseus	1	0.13216289628367	0.20871532126220355
speech	coepo	1	0.13216289628367	0.20871532126220355
speech	tabuo	1	0.13216289628367	0.20871532126220355
speech	uersao	1	0.13216289628367	0.20871532126220355
speech	neritia	1	0.13216289628367	0.20871532126220355
speech	perpetuo	1	0.13216289628367	0.20871532126220355
speech	nereida	1	0.13216289628367	0.20871532126220355
speech	caesus	1	0.13216289628367	0.20871532126220355
speech	perseis	1	0.13216289628367	0.20871532126220355
speech	persona	1	0.13216289628367	0.20871532126220355
speech	caeneas	1	0.13216289628367	0.20871532126220355
speech	coitus	1	0.13216289628367	0.20871532126220355
speech	caelebs	1	0.13216289628367	0.20871532126220355
speech	asope	1	0.13216289628367	0.20871532126220355
speech	fecundo	1	0.13216289628367	0.20871532126220355
speech	latitantia	1	0.13216289628367	0.20871532126220355
speech	reformo	1	0.13216289628367	0.20871532126220355
speech	dio	1	0.13216289628367	0.20871532126220355
speech	dionaeus	1	0.13216289628367	0.20871532126220355
speech	thyoneus	1	0.13216289628367	0.20871532126220355
speech	infrenis	1	0.13216289628367	0.20871532126220355
speech	infor	1	0.13216289628367	0.20871532126220355
speech	infletus	1	0.13216289628367	0.20871532126220355
speech	uocandus	1	0.13216289628367	0.20871532126220355
speech	redimiculum	1	0.13216289628367	0.20871532126220355
speech	tiara	1	0.13216289628367	0.20871532126220355
speech	discidium	1	0.13216289628367	0.20871532126220355
speech	uocito	1	0.13216289628367	0.20871532126220355
speech	inexcitus	1	0.13216289628367	0.20871532126220355
speech	reflexus	1	0.13216289628367	0.20871532126220355
speech	disertus	1	0.13216289628367	0.20871532126220355
speech	ambedo	1	0.13216289628367	0.20871532126220355
speech	desidero	1	0.13216289628367	0.20871532126220355
speech	indoto	1	0.13216289628367	0.20871532126220355
speech	indiuisus	1	0.13216289628367	0.20871532126220355
speech	indeprensus	1	0.13216289628367	0.20871532126220355
speech	refuto	1	0.13216289628367	0.20871532126220355
speech	regemo	1	0.13216289628367	0.20871532126220355
speech	tydis	1	0.13216289628367	0.20871532126220355
speech	indefensus	1	0.13216289628367	0.20871532126220355
speech	amasenus	1	0.13216289628367	0.20871532126220355
speech	uolantus	1	0.13216289628367	0.20871532126220355
speech	amanus	1	0.13216289628367	0.20871532126220355
speech	inconsumptus	1	0.13216289628367	0.20871532126220355
speech	regificus	1	0.13216289628367	0.20871532126220355
speech	inconcessus	1	0.13216289628367	0.20871532126220355
speech	incommodum	1	0.13216289628367	0.20871532126220355
speech	dinumero	1	0.13216289628367	0.20871532126220355
speech	dimico	1	0.13216289628367	0.20871532126220355
speech	dilanio	1	0.13216289628367	0.20871532126220355
speech	inhonestus	1	0.13216289628367	0.20871532126220355
speech	querulus	1	0.13216289628367	0.20871532126220355
speech	anticipo	1	0.13216289628367	0.20871532126220355
speech	anthedon	1	0.13216289628367	0.20871532126220355
speech	despondeo	1	0.13216289628367	0.20871532126220355
speech	desponso	1	0.13216289628367	0.20871532126220355
speech	antenorides	1	0.13216289628367	0.20871532126220355
speech	inplero	1	0.13216289628367	0.20871532126220355
speech	desudo	1	0.13216289628367	0.20871532126220355
speech	inpauidus	1	0.13216289628367	0.20871532126220355
speech	quinam	1	0.13216289628367	0.20871532126220355
speech	inolesco	1	0.13216289628367	0.20871532126220355
speech	quintus	1	0.13216289628367	0.20871532126220355
speech	custodio	1	0.13216289628367	0.20871532126220355
speech	detumo	1	0.13216289628367	0.20871532126220355
speech	quocirca	1	0.13216289628367	0.20871532126220355
speech	quodnam	1	0.13216289628367	0.20871532126220355
speech	inmergo	1	0.13216289628367	0.20871532126220355
speech	deuoro	1	0.13216289628367	0.20871532126220355
speech	andromacha	1	0.13216289628367	0.20871532126220355
speech	ancon	1	0.13216289628367	0.20871532126220355
speech	quotus	1	0.13216289628367	0.20871532126220355
speech	dexterus	1	0.13216289628367	0.20871532126220355
speech	inludo	1	0.13216289628367	0.20871532126220355
speech	rana	1	0.13216289628367	0.20871532126220355
speech	rapiendus	1	0.13216289628367	0.20871532126220355
speech	inlapndo	1	0.13216289628367	0.20871532126220355
speech	didymaon	1	0.13216289628367	0.20871532126220355
speech	inhonoro	1	0.13216289628367	0.20871532126220355
speech	amphitryon	1	0.13216289628367	0.20871532126220355
speech	distringo	1	0.13216289628367	0.20871532126220355
speech	uolcania	1	0.13216289628367	0.20871532126220355
speech	tignum	1	0.13216289628367	0.20871532126220355
speech	albani	1	0.13216289628367	0.20871532126220355
speech	impensa	1	0.13216289628367	0.20871532126220355
speech	alatreus	1	0.13216289628367	0.20871532126220355
speech	resupinum	1	0.13216289628367	0.20871532126220355
speech	tisiphones	1	0.13216289628367	0.20871532126220355
speech	aiacus	1	0.13216289628367	0.20871532126220355
speech	aiaces	1	0.13216289628367	0.20871532126220355
speech	agyrtes	1	0.13216289628367	0.20871532126220355
speech	immensum	1	0.13216289628367	0.20871532126220355
speech	dymans	1	0.13216289628367	0.20871532126220355
speech	ebibo	1	0.13216289628367	0.20871532126220355
speech	agreus	1	0.13216289628367	0.20871532126220355
speech	imitabilis	1	0.13216289628367	0.20871532126220355
speech	illyricum	1	0.13216289628367	0.20871532126220355
speech	illino	1	0.13216289628367	0.20871532126220355
speech	aglaurus	1	0.13216289628367	0.20871532126220355
speech	uolturnus	1	0.13216289628367	0.20871532126220355
speech	edissero	1	0.13216289628367	0.20871532126220355
speech	aggemo	1	0.13216289628367	0.20871532126220355
speech	reuolo	1	0.13216289628367	0.20871532126220355
speech	reuolubilis	1	0.13216289628367	0.20871532126220355
speech	igo	1	0.13216289628367	0.20871532126220355
speech	agaue	1	0.13216289628367	0.20871532126220355
speech	effectus	1	0.13216289628367	0.20871532126220355
speech	reuomens	1	0.13216289628367	0.20871532126220355
speech	ignipes	1	0.13216289628367	0.20871532126220355
speech	efflagito	1	0.13216289628367	0.20871532126220355
speech	rhodos	1	0.13216289628367	0.20871532126220355
speech	idoneus	1	0.13216289628367	0.20871532126220355
speech	rhoetea	1	0.13216289628367	0.20871532126220355
speech	impensus	1	0.13216289628367	0.20871532126220355
speech	duellum	1	0.13216289628367	0.20871532126220355
speech	tilia	1	0.13216289628367	0.20871532126220355
speech	imperiosus	1	0.13216289628367	0.20871532126220355
speech	alpini	1	0.13216289628367	0.20871532126220355
speech	timauus	1	0.13216289628367	0.20871532126220355
speech	alpheon	1	0.13216289628367	0.20871532126220355
speech	reliquia	1	0.13216289628367	0.20871532126220355
speech	timide	1	0.13216289628367	0.20871532126220355
speech	dodonaeus	1	0.13216289628367	0.20871532126220355
speech	dodonidus	1	0.13216289628367	0.20871532126220355
speech	remeabilis	1	0.13216289628367	0.20871532126220355
speech	reminisceo	1	0.13216289628367	0.20871532126220355
speech	dolonus	1	0.13216289628367	0.20871532126220355
speech	inbutus	1	0.13216289628367	0.20871532126220355
speech	dolopumue	1	0.13216289628367	0.20871532126220355
speech	dolopus	1	0.13216289628367	0.20871532126220355
speech	inarso	1	0.13216289628367	0.20871532126220355
speech	remulceo	1	0.13216289628367	0.20871532126220355
speech	inachon	1	0.13216289628367	0.20871532126220355
speech	domitus	1	0.13216289628367	0.20871532126220355
speech	inachias	1	0.13216289628367	0.20871532126220355
speech	reparabilis	1	0.13216289628367	0.20871532126220355
speech	imrequietus	1	0.13216289628367	0.20871532126220355
speech	impuldo	1	0.13216289628367	0.20871532126220355
speech	aleo	1	0.13216289628367	0.20871532126220355
speech	repurgo	1	0.13216289628367	0.20871532126220355
speech	alcithoe	1	0.13216289628367	0.20871532126220355
speech	alcidamas	1	0.13216289628367	0.20871532126220355
speech	dryans	1	0.13216289628367	0.20871532126220355
speech	tiresias	1	0.13216289628367	0.20871532126220355
speech	imperuius	1	0.13216289628367	0.20871532126220355
speech	substrictus	1	0.13216289628367	0.20871532126220355
speech	queribundus	1	0.13216289628367	0.20871532126220355
speech	detrunco	1	0.13216289628367	0.20871532126220355
speech	cyrna	1	0.13216289628367	0.20871532126220355
speech	pugnus	1	0.13216289628367	0.20871532126220355
speech	armis	1	0.13216289628367	0.20871532126220355
speech	arcton	1	0.13216289628367	0.20871532126220355
speech	defenso	1	0.13216289628367	0.20871532126220355
speech	pruinosus	1	0.13216289628367	0.20871532126220355
speech	archemorus	1	0.13216289628367	0.20871532126220355
speech	psophis	1	0.13216289628367	0.20871532126220355
speech	arcesso	1	0.13216289628367	0.20871532126220355
speech	pterela	1	0.13216289628367	0.20871532126220355
speech	inuitas	1	0.13216289628367	0.20871532126220355
speech	deianira	1	0.13216289628367	0.20871532126220355
speech	armisonus	1	0.13216289628367	0.20871532126220355
speech	pronepos	1	0.13216289628367	0.20871532126220355
speech	labdacida	1	0.13216289628367	0.20871532126220355
speech	intorso	1	0.13216289628367	0.20871532126220355
speech	arnus	1	0.13216289628367	0.20871532126220355
speech	cytoriacus	1	0.13216289628367	0.20871532126220355
speech	arpes	1	0.13216289628367	0.20871532126220355
speech	thoe	1	0.13216289628367	0.20871532126220355
speech	arpus	1	0.13216289628367	0.20871532126220355
speech	arquatus	1	0.13216289628367	0.20871532126220355
speech	cytaei	1	0.13216289628367	0.20871532126220355
speech	intertextus	1	0.13216289628367	0.20871532126220355
speech	iocastus	1	0.13216289628367	0.20871532126220355
speech	proximitas	1	0.13216289628367	0.20871532126220355
speech	intersero	1	0.13216289628367	0.20871532126220355
speech	propincus	1	0.13216289628367	0.20871532126220355
speech	propositum	1	0.13216289628367	0.20871532126220355
speech	propontis	1	0.13216289628367	0.20871532126220355
speech	ulciscio	1	0.13216289628367	0.20871532126220355
speech	debellator	1	0.13216289628367	0.20871532126220355
speech	danus	1	0.13216289628367	0.20871532126220355
speech	debilito	1	0.13216289628367	0.20871532126220355
speech	propulsus	1	0.13216289628367	0.20871532126220355
speech	superaddo	1	0.13216289628367	0.20871532126220355
speech	italicus	1	0.13216289628367	0.20871532126220355
speech	istinc	1	0.13216289628367	0.20871532126220355
speech	isthmius	1	0.13216289628367	0.20871532126220355
speech	dama	1	0.13216289628367	0.20871532126220355
speech	descensus	1	0.13216289628367	0.20871532126220355
speech	thisbe	1	0.13216289628367	0.20871532126220355
speech	aristaeus	1	0.13216289628367	0.20871532126220355
speech	thisbes	1	0.13216289628367	0.20871532126220355
speech	armamentum	1	0.13216289628367	0.20871532126220355
speech	prorupo	1	0.13216289628367	0.20871532126220355
speech	iracundus	1	0.13216289628367	0.20871532126220355
speech	iuuenaliter	1	0.13216289628367	0.20871532126220355
speech	prouenio	1	0.13216289628367	0.20871532126220355
speech	armentalis	1	0.13216289628367	0.20871532126220355
speech	dator	1	0.13216289628367	0.20871532126220355
speech	argolides	1	0.13216289628367	0.20871532126220355
speech	arreco	1	0.13216289628367	0.20871532126220355
speech	prognatus	1	0.13216289628367	0.20871532126220355
speech	lamentor	1	0.13216289628367	0.20871532126220355
speech	interdico	1	0.13216289628367	0.20871532126220355
speech	appropero	1	0.13216289628367	0.20871532126220355
speech	cydoneus	1	0.13216289628367	0.20871532126220355
speech	cydonea	1	0.13216289628367	0.20871532126220355
speech	suggestus	1	0.13216289628367	0.20871532126220355
speech	quadriiugum	1	0.13216289628367	0.20871532126220355
speech	lampon	1	0.13216289628367	0.20871532126220355
speech	thespiacus	1	0.13216289628367	0.20871532126220355
speech	denudo	1	0.13216289628367	0.20871532126220355
speech	umbrifer	1	0.13216289628367	0.20871532126220355
speech	laomedon	1	0.13216289628367	0.20871532126220355
speech	apenninicola	1	0.13216289628367	0.20871532126220355
speech	asbolus	1	0.13216289628367	0.20871532126220355
speech	anubis	1	0.13216289628367	0.20871532126220355
speech	lapitheius	1	0.13216289628367	0.20871532126220355
speech	dercetis	1	0.13216289628367	0.20871532126220355
speech	insicco	1	0.13216289628367	0.20871532126220355
speech	inseruo	1	0.13216289628367	0.20871532126220355
speech	lapithes	1	0.13216289628367	0.20871532126220355
speech	thersites	1	0.13216289628367	0.20871532126220355
speech	pulsao	1	0.13216289628367	0.20871532126220355
speech	lai	1	0.13216289628367	0.20871532126220355
speech	cymaea	1	0.13216289628367	0.20871532126220355
speech	deletus	1	0.13216289628367	0.20871532126220355
speech	interrogo	1	0.13216289628367	0.20871532126220355
speech	proluuies	1	0.13216289628367	0.20871532126220355
speech	proiectum	1	0.13216289628367	0.20871532126220355
speech	aquinum	1	0.13216289628367	0.20871532126220355
speech	proieco	1	0.13216289628367	0.20871532126220355
speech	delico	1	0.13216289628367	0.20871532126220355
speech	internodium	1	0.13216289628367	0.20871532126220355
speech	demigro	1	0.13216289628367	0.20871532126220355
speech	laestrygo	1	0.13216289628367	0.20871532126220355
speech	puluinar	1	0.13216289628367	0.20871532126220355
speech	intermico	1	0.13216289628367	0.20871532126220355
speech	interluo	1	0.13216289628367	0.20871532126220355
speech	delphicus	1	0.13216289628367	0.20871532126220355
speech	interlabo	1	0.13216289628367	0.20871532126220355
speech	puta	1	0.13216289628367	0.20871532126220355
speech	thraca	1	0.13216289628367	0.20871532126220355
speech	arta	1	0.13216289628367	0.20871532126220355
speech	laetabilis	1	0.13216289628367	0.20871532126220355
speech	uluus	1	0.13216289628367	0.20871532126220355
speech	lachesis	1	0.13216289628367	0.20871532126220355
speech	pasco	20	0.131232517481047	0.20866144448098048
speech	septem	20	0.131232517481047	0.20866144448098048
speech	otium	12	0.130903730013453	0.20864240491299965
speech	querela	12	0.130903730013453	0.20864240491299965
speech	opus	65	0.129185856412772	0.2085429255397682
speech	cultus	26	0.126765234544444	0.2084027511135495
speech	alumnus	26	0.126765234544444	0.2084027511135495
speech	exiguus	15	0.124483853244512	0.20827063989085579
speech	lustrum	15	0.124483853244512	0.20827063989085579
speech	edico	5	0.123336591202589	0.20820420374047924
speech	etruscus	5	0.123336591202589	0.20820420374047924
speech	exagito	5	0.123336591202589	0.20820420374047924
speech	adsiduus	5	0.123336591202589	0.20820420374047924
speech	dulcedo	5	0.123336591202589	0.20820420374047924
speech	recubo	5	0.123336591202589	0.20820420374047924
speech	maculo	5	0.123336591202589	0.20820420374047924
speech	hiberna	5	0.123336591202589	0.20820420374047924
speech	gyrus	5	0.123336591202589	0.20820420374047924
speech	cauerna	5	0.123336591202589	0.20820420374047924
speech	contemno	5	0.123336591202589	0.20820420374047924
speech	mycena	5	0.123336591202589	0.20820420374047924
speech	palladium	5	0.123336591202589	0.20820420374047924
speech	demergo	5	0.123336591202589	0.20820420374047924
speech	perosus	5	0.123336591202589	0.20820420374047924
speech	inmeritus	5	0.123336591202589	0.20820420374047924
speech	hamus	5	0.123336591202589	0.20820420374047924
speech	aueho	5	0.123336591202589	0.20820420374047924
speech	cocytus	5	0.123336591202589	0.20820420374047924
speech	ouis	5	0.123336591202589	0.20820420374047924
speech	proteruus	5	0.123336591202589	0.20820420374047924
speech	dies	134	0.122991875001091	0.2081842417644327
speech	fraternus	18	0.120554666647048	0.20804310684076976
speech	nauta	18	0.120554666647048	0.20804310684076976
speech	grauo	10	0.119496379760919	0.2079818231024962
speech	margo	10	0.119496379760919	0.2079818231024962
speech	impune	10	0.119496379760919	0.2079818231024962
speech	nouissimus	10	0.119496379760919	0.2079818231024962
speech	adueho	10	0.119496379760919	0.2079818231024962
speech	molimen	3	0.116246921798868	0.20779365207450048
speech	largior	3	0.116246921798868	0.20779365207450048
speech	laius	3	0.116246921798868	0.20779365207450048
speech	fulcio	3	0.116246921798868	0.20779365207450048
speech	ministerium	3	0.116246921798868	0.20779365207450048
speech	pholus	3	0.116246921798868	0.20779365207450048
speech	funditus	3	0.116246921798868	0.20779365207450048
speech	intellego	3	0.116246921798868	0.20779365207450048
speech	innocuus	3	0.116246921798868	0.20779365207450048
speech	fundamentum	3	0.116246921798868	0.20779365207450048
speech	fulguro	3	0.116246921798868	0.20779365207450048
speech	furtiuus	3	0.116246921798868	0.20779365207450048
speech	superbio	3	0.116246921798868	0.20779365207450048
speech	lea	3	0.116246921798868	0.20779365207450048
speech	ignifer	3	0.116246921798868	0.20779365207450048
speech	quadriiugus	3	0.116246921798868	0.20779365207450048
speech	trifidus	3	0.116246921798868	0.20779365207450048
speech	phlegyas	3	0.116246921798868	0.20779365207450048
speech	murrus	3	0.116246921798868	0.20779365207450048
speech	thiasus	3	0.116246921798868	0.20779365207450048
speech	numicus	3	0.116246921798868	0.20779365207450048
speech	machina	3	0.116246921798868	0.20779365207450048
speech	stellans	3	0.116246921798868	0.20779365207450048
speech	nobilitas	3	0.116246921798868	0.20779365207450048
speech	magistra	3	0.116246921798868	0.20779365207450048
speech	socialis	3	0.116246921798868	0.20779365207450048
speech	lotos	3	0.116246921798868	0.20779365207450048
speech	obduco	3	0.116246921798868	0.20779365207450048
speech	longissimus	3	0.116246921798868	0.20779365207450048
speech	hortator	3	0.116246921798868	0.20779365207450048
speech	peruigilo	3	0.116246921798868	0.20779365207450048
speech	obsequium	3	0.116246921798868	0.20779365207450048
speech	labefacto	3	0.116246921798868	0.20779365207450048
speech	supprimo	3	0.116246921798868	0.20779365207450048
speech	restinguo	3	0.116246921798868	0.20779365207450048
speech	hyrcanus	3	0.116246921798868	0.20779365207450048
speech	nubifer	3	0.116246921798868	0.20779365207450048
speech	transabeo	3	0.116246921798868	0.20779365207450048
speech	succumbo	3	0.116246921798868	0.20779365207450048
speech	gaetulus	3	0.116246921798868	0.20779365207450048
speech	rectum	3	0.116246921798868	0.20779365207450048
speech	zona	3	0.116246921798868	0.20779365207450048
speech	exhibeo	3	0.116246921798868	0.20779365207450048
speech	accepto	3	0.116246921798868	0.20779365207450048
speech	eno	3	0.116246921798868	0.20779365207450048
speech	fata	3	0.116246921798868	0.20779365207450048
speech	uecors	3	0.116246921798868	0.20779365207450048
speech	adulter	3	0.116246921798868	0.20779365207450048
speech	castalius	3	0.116246921798868	0.20779365207450048
speech	calathus	3	0.116246921798868	0.20779365207450048
speech	antemna	3	0.116246921798868	0.20779365207450048
speech	concretus	3	0.116246921798868	0.20779365207450048
speech	effingo	3	0.116246921798868	0.20779365207450048
speech	facultas	3	0.116246921798868	0.20779365207450048
speech	adortus	3	0.116246921798868	0.20779365207450048
speech	delinquo	3	0.116246921798868	0.20779365207450048
speech	coeptum	27	0.115720073948578	0.20776314313955066
speech	hercules	13	0.11277551371357	0.2075926282620272
speech	differo	13	0.11277551371357	0.2075926282620272
speech	persto	13	0.11277551371357	0.2075926282620272
speech	bibo	13	0.11277551371357	0.2075926282620272
speech	haud	164	0.110079004678135	0.2074364776414858
speech	eurus	16	0.109023704807989	0.2073753668766357
speech	demo	16	0.109023704807989	0.2073753668766357
speech	ipse	483	0.108629802752028	0.20735255662469046
speech	laedo	19	0.106897107914626	0.2072522189768229
speech	meta	19	0.106897107914626	0.2072522189768229
speech	lerna	8	0.106879174631881	0.20725118048846916
speech	hecate	8	0.106879174631881	0.20725118048846916
speech	saguntum	8	0.106879174631881	0.20725118048846916
speech	spectaculum	8	0.106879174631881	0.20725118048846916
speech	igitur	8	0.106879174631881	0.20725118048846916
speech	calydon	8	0.106879174631881	0.20725118048846916
speech	reuiso	8	0.106879174631881	0.20725118048846916
speech	poto	8	0.106879174631881	0.20725118048846916
speech	purgo	8	0.106879174631881	0.20725118048846916
speech	obsto	34	0.105884496175921	0.20719358021489462
speech	lucus	34	0.105884496175921	0.20719358021489462
speech	rogus	22	0.105755181937166	0.20718609182959305
speech	uelum	28	0.105183745416656	0.20715300083449345
speech	sacro	28	0.105183745416656	0.20715300083449345
speech	dolor	86	0.100564455542475	0.20688550498306651
speech	hymenaeus	11	0.0998432892799922	0.2068437433728066
speech	futurum	11	0.0998432892799922	0.2068437433728066
speech	iratus	11	0.0998432892799922	0.2068437433728066
speech	porrigo	14	0.0964228671299379	0.20664567207609444
speech	augur	14	0.0964228671299379	0.20664567207609444
speech	quia	14	0.0964228671299379	0.20664567207609444
speech	disicio	14	0.0964228671299379	0.20664567207609444
speech	summitto	17	0.0947796605777448	0.20655051655485165
speech	monitus	17	0.0947796605777448	0.20655051655485165
speech	porto	45	0.092583595326741	0.20642334585110567
speech	eryx	6	0.0925586630276367	0.20642190206066197
speech	exanguis	6	0.0925586630276367	0.20642190206066197
speech	conspectus	6	0.0925586630276367	0.20642190206066197
speech	grauidus	6	0.0925586630276367	0.20642190206066197
speech	decresco	6	0.0925586630276367	0.20642190206066197
speech	quinque	6	0.0925586630276367	0.20642190206066197
speech	hamilcar	6	0.0925586630276367	0.20642190206066197
speech	anilis	6	0.0925586630276367	0.20642190206066197
speech	cerua	6	0.0925586630276367	0.20642190206066197
speech	troius	6	0.0925586630276367	0.20642190206066197
speech	reditus	6	0.0925586630276367	0.20642190206066197
speech	malum	55	0.0902547448685802	0.206288485763707
speech	tenebra	39	0.0896452003820193	0.20625318799589934
speech	ignis	184	0.0875745463712777	0.206133279660917
speech	dolus	33	0.0868020142491726	0.20608854353406938
speech	imploro	9	0.085239036386652	0.20599803393075714
speech	binus	9	0.085239036386652	0.20599803393075714
speech	disto	9	0.085239036386652	0.20599803393075714
speech	cognomen	9	0.085239036386652	0.20599803393075714
speech	castus	27	0.0841987989528636	0.20593779540803686
speech	astrum	56	0.0836314556890422	0.20590494144702967
speech	laeto	43	0.0833768431722672	0.20589019723443125
speech	exuo	24	0.0830750666300305	0.20587272182688918
speech	magnanimus	24	0.0830750666300305	0.20587272182688918
speech	tertius	24	0.0830750666300305	0.20587272182688918
speech	consilium	24	0.0830750666300305	0.20587272182688918
speech	alius	120	0.0827261210763206	0.20585251493567133
speech	inceptum	12	0.0824337190168233	0.20583558238976177
speech	acerbus	12	0.0824337190168233	0.20583558238976177
speech	arcas	12	0.0824337190168233	0.20583558238976177
speech	tardo	12	0.0824337190168233	0.20583558238976177
speech	epulae	21	0.0821580750917099	0.2058196202812024
speech	palus	18	0.0815686851801966	0.20578548963331128
speech	humilis	15	0.081521369338389	0.2057827496469205
speech	malo	15	0.081521369338389	0.2057827496469205
speech	operio	15	0.081521369338389	0.2057827496469205
speech	proicio	15	0.081521369338389	0.2057827496469205
speech	patrius	60	0.0791531329872225	0.20564560878406268
speech	accedo	31	0.0761890534948637	0.20547396357687678
speech	peliacus	4	0.0755726746802374	0.20543827004382065
speech	tutor	4	0.0755726746802374	0.20543827004382065
speech	cirrha	4	0.0755726746802374	0.20543827004382065
speech	iactura	4	0.0755726746802374	0.20543827004382065
speech	edax	4	0.0755726746802374	0.20543827004382065
speech	alba	4	0.0755726746802374	0.20543827004382065
speech	compos	4	0.0755726746802374	0.20543827004382065
speech	agnus	4	0.0755726746802374	0.20543827004382065
speech	dyma	4	0.0755726746802374	0.20543827004382065
speech	ieiunium	4	0.0755726746802374	0.20543827004382065
speech	subnecto	4	0.0755726746802374	0.20543827004382065
speech	tutela	4	0.0755726746802374	0.20543827004382065
speech	pecco	4	0.0755726746802374	0.20543827004382065
speech	apparo	4	0.0755726746802374	0.20543827004382065
speech	litoreus	4	0.0755726746802374	0.20543827004382065
speech	uigeo	4	0.0755726746802374	0.20543827004382065
speech	fastus	4	0.0755726746802374	0.20543827004382065
speech	deque	4	0.0755726746802374	0.20543827004382065
speech	infra	4	0.0755726746802374	0.20543827004382065
speech	iugerum	4	0.0755726746802374	0.20543827004382065
speech	cynthia	4	0.0755726746802374	0.20543827004382065
speech	tremendus	4	0.0755726746802374	0.20543827004382065
speech	perhibeo	4	0.0755726746802374	0.20543827004382065
speech	pisaeus	4	0.0755726746802374	0.20543827004382065
speech	unanimis	4	0.0755726746802374	0.20543827004382065
speech	uulcanius	4	0.0755726746802374	0.20543827004382065
speech	hebeto	4	0.0755726746802374	0.20543827004382065
speech	siue	25	0.0725968456947315	0.20526594444186436
speech	supplex	38	0.0716812795861492	0.20521292544058414
speech	profundum	19	0.0692452723324838	0.2050718600707654
speech	tydeus	19	0.0692452723324838	0.2050718600707654
speech	prehendo	7	0.0681775196446385	0.2050100281827202
speech	sus	7	0.0681775196446385	0.2050100281827202
speech	aduncus	7	0.0681775196446385	0.2050100281827202
speech	aduentus	7	0.0681775196446385	0.2050100281827202
speech	sexus	7	0.0681775196446385	0.2050100281827202
speech	incautus	7	0.0681775196446385	0.2050100281827202
speech	uoueo	7	0.0681775196446385	0.2050100281827202
speech	amycus	7	0.0681775196446385	0.2050100281827202
speech	obtrunco	7	0.0681775196446385	0.2050100281827202
speech	elabor	7	0.0681775196446385	0.2050100281827202
speech	tropaeum	7	0.0681775196446385	0.2050100281827202
speech	pono	127	0.0678792415838125	0.20499275536676453
speech	exuuia	16	0.0678261749850492	0.20498968236303342
speech	angustus	13	0.0667957855593736	0.20493001412305933
speech	genitus	10	0.0665592838760116	0.2049163186804961
speech	euander	10	0.0665592838760116	0.2049163186804961
speech	ida	10	0.0665592838760116	0.2049163186804961
speech	ululo	10	0.0665592838760116	0.2049163186804961
speech	contrarius	10	0.0665592838760116	0.2049163186804961
speech	festus	10	0.0665592838760116	0.2049163186804961
speech	custos	26	0.0626155805355176	0.20468794498852733
speech	suadeo	23	0.0601854294837931	0.20454721874220308
speech	euado	23	0.0601854294837931	0.20454721874220308
speech	phrygia	20	0.0576919985642815	0.20440282805771345
speech	minae	20	0.0576919985642815	0.20440282805771345
speech	sidonius	30	0.055956125008298	0.20430230633522475
speech	panus	2	0.0534371324878215	0.20415643541840503
speech	cecropidae	2	0.0534371324878215	0.20415643541840503
speech	census	2	0.0534371324878215	0.20415643541840503
speech	genitalis	2	0.0534371324878215	0.20415643541840503
speech	circulus	2	0.0534371324878215	0.20415643541840503
speech	paphos	2	0.0534371324878215	0.20415643541840503
speech	cato	2	0.0534371324878215	0.20415643541840503
speech	praetempto	2	0.0534371324878215	0.20415643541840503
speech	exsecror	2	0.0534371324878215	0.20415643541840503
speech	bagras	2	0.0534371324878215	0.20415643541840503
speech	fumifer	2	0.0534371324878215	0.20415643541840503
speech	bistonius	2	0.0534371324878215	0.20415643541840503
speech	phoroneus	2	0.0534371324878215	0.20415643541840503
speech	phoenissus	2	0.0534371324878215	0.20415643541840503
speech	bootes	2	0.0534371324878215	0.20415643541840503
speech	phaedimus	2	0.0534371324878215	0.20415643541840503
speech	petendus	2	0.0534371324878215	0.20415643541840503
speech	persulto	2	0.0534371324878215	0.20415643541840503
speech	certissimus	2	0.0534371324878215	0.20415643541840503
speech	peragro	2	0.0534371324878215	0.20415643541840503
speech	exilis	2	0.0534371324878215	0.20415643541840503
speech	caros	2	0.0534371324878215	0.20415643541840503
speech	uicinia	2	0.0534371324878215	0.20415643541840503
speech	paries	2	0.0534371324878215	0.20415643541840503
speech	perluceo	2	0.0534371324878215	0.20415643541840503
speech	medusaeus	2	0.0534371324878215	0.20415643541840503
speech	opheltes	2	0.0534371324878215	0.20415643541840503
speech	insuperabilis	2	0.0534371324878215	0.20415643541840503
speech	cyllenia	2	0.0534371324878215	0.20415643541840503
speech	uastator	2	0.0534371324878215	0.20415643541840503
speech	dandus	2	0.0534371324878215	0.20415643541840503
speech	hesternus	2	0.0534371324878215	0.20415643541840503
speech	hiberes	2	0.0534371324878215	0.20415643541840503
speech	ithaca	2	0.0534371324878215	0.20415643541840503
speech	decem	2	0.0534371324878215	0.20415643541840503
speech	decolor	2	0.0534371324878215	0.20415643541840503
speech	decretum	2	0.0534371324878215	0.20415643541840503
speech	iphitus	2	0.0534371324878215	0.20415643541840503
speech	defunctus	2	0.0534371324878215	0.20415643541840503
speech	thoans	2	0.0534371324878215	0.20415643541840503
speech	deidamia	2	0.0534371324878215	0.20415643541840503
speech	intempestiuus	2	0.0534371324878215	0.20415643541840503
speech	insibilo	2	0.0534371324878215	0.20415643541840503
speech	olenius	2	0.0534371324878215	0.20415643541840503
speech	hisco	2	0.0534371324878215	0.20415643541840503
speech	despero	2	0.0534371324878215	0.20415643541840503
speech	ino	2	0.0534371324878215	0.20415643541840503
speech	inmortalis	2	0.0534371324878215	0.20415643541840503
speech	dictynna	2	0.0534371324878215	0.20415643541840503
speech	dimetior	2	0.0534371324878215	0.20415643541840503
speech	incurso	2	0.0534371324878215	0.20415643541840503
speech	inconsultus	2	0.0534371324878215	0.20415643541840503
speech	incomitatus	2	0.0534371324878215	0.20415643541840503
speech	ditis	2	0.0534371324878215	0.20415643541840503
speech	diurnus	2	0.0534371324878215	0.20415643541840503
speech	implacabilis	2	0.0534371324878215	0.20415643541840503
speech	impastus	2	0.0534371324878215	0.20415643541840503
speech	egestas	2	0.0534371324878215	0.20415643541840503
speech	cyclopas	2	0.0534371324878215	0.20415643541840503
speech	lapillus	2	0.0534371324878215	0.20415643541840503
speech	laurentia	2	0.0534371324878215	0.20415643541840503
speech	cures	2	0.0534371324878215	0.20415643541840503
speech	octoni	2	0.0534371324878215	0.20415643541840503
speech	obustus	2	0.0534371324878215	0.20415643541840503
speech	nutribo	2	0.0534371324878215	0.20415643541840503
speech	numitor	2	0.0534371324878215	0.20415643541840503
speech	nubila	2	0.0534371324878215	0.20415643541840503
speech	taygeta	2	0.0534371324878215	0.20415643541840503
speech	noualis	2	0.0534371324878215	0.20415643541840503
speech	coepto	2	0.0534371324878215	0.20415643541840503
speech	eurymedon	2	0.0534371324878215	0.20415643541840503
speech	colchidus	2	0.0534371324878215	0.20415643541840503
speech	nemea	2	0.0534371324878215	0.20415643541840503
speech	naufragus	2	0.0534371324878215	0.20415643541840503
speech	molossus	2	0.0534371324878215	0.20415643541840503
speech	molliter	2	0.0534371324878215	0.20415643541840503
speech	habitabilis	2	0.0534371324878215	0.20415643541840503
speech	condensus	2	0.0534371324878215	0.20415643541840503
speech	moderator	2	0.0534371324878215	0.20415643541840503
speech	tenere	2	0.0534371324878215	0.20415643541840503
speech	mino	2	0.0534371324878215	0.20415643541840503
speech	trahendus	2	0.0534371324878215	0.20415643541840503
speech	contagium	2	0.0534371324878215	0.20415643541840503
speech	maturo	2	0.0534371324878215	0.20415643541840503
speech	contremisco	2	0.0534371324878215	0.20415643541840503
speech	lupa	2	0.0534371324878215	0.20415643541840503
speech	liuidus	2	0.0534371324878215	0.20415643541840503
speech	liquesco	2	0.0534371324878215	0.20415643541840503
speech	limus	2	0.0534371324878215	0.20415643541840503
speech	cultrix	2	0.0534371324878215	0.20415643541840503
speech	cunctator	2	0.0534371324878215	0.20415643541840503
speech	progigno	2	0.0534371324878215	0.20415643541840503
speech	iaculans	2	0.0534371324878215	0.20415643541840503
speech	abundo	2	0.0534371324878215	0.20415643541840503
speech	seni	2	0.0534371324878215	0.20415643541840503
speech	ammon	2	0.0534371324878215	0.20415643541840503
speech	argon	2	0.0534371324878215	0.20415643541840503
speech	accommodus	2	0.0534371324878215	0.20415643541840503
speech	retento	2	0.0534371324878215	0.20415643541840503
speech	samus	2	0.0534371324878215	0.20415643541840503
speech	seruator	2	0.0534371324878215	0.20415643541840503
speech	succiduus	2	0.0534371324878215	0.20415643541840503
speech	adsilio	2	0.0534371324878215	0.20415643541840503
speech	speciosus	2	0.0534371324878215	0.20415643541840503
speech	rastri	2	0.0534371324878215	0.20415643541840503
speech	raptus	2	0.0534371324878215	0.20415643541840503
speech	quisuus	2	0.0534371324878215	0.20415643541840503
speech	stabilis	2	0.0534371324878215	0.20415643541840503
speech	altissimus	2	0.0534371324878215	0.20415643541840503
speech	facile	2	0.0534371324878215	0.20415643541840503
speech	salignus	2	0.0534371324878215	0.20415643541840503
speech	amicitia	2	0.0534371324878215	0.20415643541840503
speech	admirabilis	2	0.0534371324878215	0.20415643541840503
speech	acrisius	2	0.0534371324878215	0.20415643541840503
speech	satricus	2	0.0534371324878215	0.20415643541840503
speech	abitus	2	0.0534371324878215	0.20415643541840503
speech	falso	2	0.0534371324878215	0.20415643541840503
speech	abas	2	0.0534371324878215	0.20415643541840503
speech	abnego	2	0.0534371324878215	0.20415643541840503
speech	sidoniae	2	0.0534371324878215	0.20415643541840503
speech	quernus	2	0.0534371324878215	0.20415643541840503
speech	argiuus	14	0.0525894312459619	0.204107346365407
speech	expecto	14	0.0525894312459619	0.204107346365407
speech	hostis	156	0.0509846469786854	0.20401441581858615
speech	possideo	11	0.0501063303409485	0.20396355387589943
speech	ambio	11	0.0501063303409485	0.20396355387589943
speech	lenis	11	0.0501063303409485	0.20396355387589943
speech	piscis	11	0.0501063303409485	0.20396355387589943
speech	circumdo	11	0.0501063303409485	0.20396355387589943
speech	iuuenca	11	0.0501063303409485	0.20396355387589943
speech	texo	11	0.0501063303409485	0.20396355387589943
speech	sidereus	11	0.0501063303409485	0.20396355387589943
speech	sensus	11	0.0501063303409485	0.20396355387589943
speech	pastus	8	0.0479572848573595	0.20383910601333924
speech	tormentum	8	0.0479572848573595	0.20383910601333924
speech	achiuus	8	0.0479572848573595	0.20383910601333924
speech	luxus	8	0.0479572848573595	0.20383910601333924
speech	aetolus	8	0.0479572848573595	0.20383910601333924
speech	diripio	8	0.0479572848573595	0.20383910601333924
speech	confiteor	8	0.0479572848573595	0.20383910601333924
speech	acerbo	8	0.0479572848573595	0.20383910601333924
speech	confido	8	0.0479572848573595	0.20383910601333924
speech	quidam	5	0.0470626575746275	0.2037872995467129
speech	eximo	5	0.0470626575746275	0.2037872995467129
speech	insuetus	5	0.0470626575746275	0.2037872995467129
speech	massylus	5	0.0470626575746275	0.2037872995467129
speech	retracto	5	0.0470626575746275	0.2037872995467129
speech	ursus	5	0.0470626575746275	0.2037872995467129
speech	troas	5	0.0470626575746275	0.2037872995467129
speech	confinium	5	0.0470626575746275	0.2037872995467129
speech	circumuolo	5	0.0470626575746275	0.2037872995467129
speech	aspernor	5	0.0470626575746275	0.2037872995467129
speech	simillimus	5	0.0470626575746275	0.2037872995467129
speech	saguns	5	0.0470626575746275	0.2037872995467129
speech	uimen	5	0.0470626575746275	0.2037872995467129
speech	palinurus	5	0.0470626575746275	0.2037872995467129
speech	lenio	5	0.0470626575746275	0.2037872995467129
speech	heres	5	0.0470626575746275	0.2037872995467129
speech	prospecto	5	0.0470626575746275	0.2037872995467129
speech	bos	21	0.0468128425263868	0.2037728331480134
speech	spiro	21	0.0468128425263868	0.2037728331480134
speech	fabius	25	0.0403935834578066	0.20340110389593127
speech	theseus	15	0.0395621516669516	0.20335295698139333
speech	mensis	15	0.0395621516669516	0.20335295698139333
speech	nympha	32	0.0389266485092789	0.2033161559875444
speech	erro	46	0.0378686205903576	0.20325488724565677
speech	caelestis	22	0.0365283589650442	0.20317727479128322
speech	pareo	22	0.0365283589650442	0.20317727479128322
speech	gradiuus	22	0.0365283589650442	0.20317727479128322
speech	ostium	12	0.0353846049851194	0.20311104178728992
speech	demos	12	0.0353846049851194	0.20311104178728992
speech	rite	12	0.0353846049851194	0.20311104178728992
speech	classis	50	0.0345946551330763	0.20306529702694529
speech	dux	143	0.0333473145885092	0.20299306548701676
speech	phrygius	19	0.0322799836336603	0.20293125802086975
speech	amplexus	19	0.0322799836336603	0.20293125802086975
speech	cera	9	0.0306432227668585	0.20283647575918606
speech	naris	9	0.0306432227668585	0.20283647575918606
speech	peruius	9	0.0306432227668585	0.20283647575918606
speech	accingo	9	0.0306432227668585	0.20283647575918606
speech	reuerentia	9	0.0306432227668585	0.20283647575918606
speech	macto	16	0.0275217084521532	0.20265571374768718
speech	onus	16	0.0275217084521532	0.20265571374768718
speech	ultro	37	0.0271461993132182	0.20263396860079794
speech	pulcher	37	0.0271461993132182	0.20263396860079794
speech	fugio	134	0.0265455319090465	0.20259918489094647
speech	sopio	6	0.0250194791304238	0.202510813561487
speech	buxus	6	0.0250194791304238	0.202510813561487
speech	falsum	6	0.0250194791304238	0.202510813561487
speech	magicus	6	0.0250194791304238	0.202510813561487
speech	inmensus	6	0.0250194791304238	0.202510813561487
speech	findo	6	0.0250194791304238	0.202510813561487
speech	series	6	0.0250194791304238	0.202510813561487
speech	ithacus	6	0.0250194791304238	0.202510813561487
speech	libertas	6	0.0250194791304238	0.202510813561487
speech	destino	6	0.0250194791304238	0.202510813561487
speech	inglorius	6	0.0250194791304238	0.202510813561487
speech	perses	6	0.0250194791304238	0.202510813561487
speech	numerus	27	0.0223623220344279	0.2023569417502068
speech	filia	13	0.0220448249575339	0.20233855599109174
speech	globus	20	0.0218742107063132	0.20232867598666704
speech	adhuc	56	0.0196712680507611	0.20220110702318084
speech	pontus	78	0.0181078134541291	0.20211056981294187
speech	renascor	3	0.0176910138173238	0.20208643359790485
speech	myrmidones	3	0.0176910138173238	0.20208643359790485
speech	ixion	3	0.0176910138173238	0.20208643359790485
speech	funda	3	0.0176910138173238	0.20208643359790485
speech	stramen	3	0.0176910138173238	0.20208643359790485
speech	inhonorus	3	0.0176910138173238	0.20208643359790485
speech	barathrum	3	0.0176910138173238	0.20208643359790485
speech	exhorreo	3	0.0176910138173238	0.20208643359790485
speech	tyndaris	3	0.0176910138173238	0.20208643359790485
speech	arcanum	3	0.0176910138173238	0.20208643359790485
speech	restituo	3	0.0176910138173238	0.20208643359790485
speech	uagitus	3	0.0176910138173238	0.20208643359790485
speech	equinus	3	0.0176910138173238	0.20208643359790485
speech	murra	3	0.0176910138173238	0.20208643359790485
speech	polyphemus	3	0.0176910138173238	0.20208643359790485
speech	lasciuus	3	0.0176910138173238	0.20208643359790485
speech	decerpo	3	0.0176910138173238	0.20208643359790485
speech	lunaris	3	0.0176910138173238	0.20208643359790485
speech	sceleratus	3	0.0176910138173238	0.20208643359790485
speech	ogygias	3	0.0176910138173238	0.20208643359790485
speech	exsisto	3	0.0176910138173238	0.20208643359790485
speech	uulcania	3	0.0176910138173238	0.20208643359790485
speech	stolidus	3	0.0176910138173238	0.20208643359790485
speech	deterior	3	0.0176910138173238	0.20208643359790485
speech	crinalis	3	0.0176910138173238	0.20208643359790485
speech	exarmo	3	0.0176910138173238	0.20208643359790485
speech	eleus	3	0.0176910138173238	0.20208643359790485
speech	umecto	3	0.0176910138173238	0.20208643359790485
speech	mensura	3	0.0176910138173238	0.20208643359790485
speech	immortalis	3	0.0176910138173238	0.20208643359790485
speech	grassor	3	0.0176910138173238	0.20208643359790485
speech	nota	3	0.0176910138173238	0.20208643359790485
speech	intellectus	3	0.0176910138173238	0.20208643359790485
speech	periurium	3	0.0176910138173238	0.20208643359790485
speech	conloquium	3	0.0176910138173238	0.20208643359790485
speech	pharius	3	0.0176910138173238	0.20208643359790485
speech	sordeo	3	0.0176910138173238	0.20208643359790485
speech	indago	3	0.0176910138173238	0.20208643359790485
speech	taxus	3	0.0176910138173238	0.20208643359790485
speech	retinaculum	3	0.0176910138173238	0.20208643359790485
speech	lycius	3	0.0176910138173238	0.20208643359790485
speech	uidendus	3	0.0176910138173238	0.20208643359790485
speech	rescindo	3	0.0176910138173238	0.20208643359790485
speech	capella	3	0.0176910138173238	0.20208643359790485
speech	unanimus	3	0.0176910138173238	0.20208643359790485
speech	concresco	3	0.0176910138173238	0.20208643359790485
speech	orator	3	0.0176910138173238	0.20208643359790485
speech	telamo	3	0.0176910138173238	0.20208643359790485
speech	trisulcus	3	0.0176910138173238	0.20208643359790485
speech	admoueo	24	0.0174880886291153	0.2020746825176578
speech	madeo	17	0.0163186110265989	0.2020069598989154
speech	uaco	17	0.0163186110265989	0.2020069598989154
speech	capesso	17	0.0163186110265989	0.2020069598989154
speech	adspicio	17	0.0163186110265989	0.2020069598989154
speech	contentus	17	0.0163186110265989	0.2020069598989154
speech	repleo	10	0.0154661373432124	0.20195759448129327
speech	expers	10	0.0154661373432124	0.20195759448129327
speech	grauior	10	0.0154661373432124	0.20195759448129327
speech	quiesco	10	0.0154661373432124	0.20195759448129327
speech	inclino	10	0.0154661373432124	0.20195759448129327
speech	aequalis	10	0.0154661373432124	0.20195759448129327
speech	oppositus	10	0.0154661373432124	0.20195759448129327
speech	ops	75	0.0149512150671322	0.20192777613769275
speech	arma	433	0.0114163311465507	0.20172307653888288
speech	inuenio	32	0.0108784066478562	0.20169192617254933
speech	mitis	32	0.0108784066478562	0.20169192617254933
speech	insidia	14	0.0098322389271673	0.2016313442361904
speech	pelasgus	14	0.0098322389271673	0.2016313442361904
speech	barbarus	14	0.0098322389271673	0.2016313442361904
speech	morbus	7	0.0069520428646129	0.20146455658721957
speech	dictum	7	0.0069520428646129	0.20146455658721957
speech	uetustas	7	0.0069520428646129	0.20146455658721957
speech	abduco	7	0.0069520428646129	0.20146455658721957
speech	linum	7	0.0069520428646129	0.20146455658721957
speech	suppono	7	0.0069520428646129	0.20146455658721957
speech	decedo	7	0.0069520428646129	0.20146455658721957
speech	monstrum	51	0.0061459370924372	0.20141787626281005
speech	poculum	18	0.0058344763603073	0.20139984005897862
speech	reperio	18	0.0058344763603073	0.20139984005897862
speech	dominus	29	0.0057806027520088	0.2013967203225876
speech	acestes	11	0.001922837889292	0.20117332319344763
speech	thyrsus	11	0.001922837889292	0.20117332319344763
speech	tartareus	11	0.001922837889292	0.20117332319344763
speech	domina	11	0.001922837889292	0.20117332319344763
speech	ueho	26	0.0001525404880987	0.20107080803992633
speech	aequoreus	15	-0.0014442769586459	0.2009783388392213
speech	ars	75	-0.0032311044671369	0.2008748664530417
speech	sanctus	19	-0.0040259366003949	0.20082883896742842
speech	probo	19	-0.0040259366003949	0.20082883896742842
speech	respecto	4	-0.0059651784373441	0.2007165405058842
speech	resupino	4	-0.0059651784373441	0.2007165405058842
speech	adfixus	4	-0.0059651784373441	0.2007165405058842
speech	circumfluus	4	-0.0059651784373441	0.2007165405058842
speech	gracchus	4	-0.0059651784373441	0.2007165405058842
speech	inritus	4	-0.0059651784373441	0.2007165405058842
speech	inscribo	4	-0.0059651784373441	0.2007165405058842
speech	obiecto	4	-0.0059651784373441	0.2007165405058842
speech	discors	4	-0.0059651784373441	0.2007165405058842
speech	destituo	4	-0.0059651784373441	0.2007165405058842
speech	pudicus	4	-0.0059651784373441	0.2007165405058842
speech	erubesco	4	-0.0059651784373441	0.2007165405058842
speech	pampineus	4	-0.0059651784373441	0.2007165405058842
speech	tibia	4	-0.0059651784373441	0.2007165405058842
speech	percipio	4	-0.0059651784373441	0.2007165405058842
speech	fragilis	4	-0.0059651784373441	0.2007165405058842
speech	cadmeius	4	-0.0059651784373441	0.2007165405058842
speech	lanugo	4	-0.0059651784373441	0.2007165405058842
speech	abstraho	4	-0.0059651784373441	0.2007165405058842
speech	belus	4	-0.0059651784373441	0.2007165405058842
speech	baca	4	-0.0059651784373441	0.2007165405058842
speech	iliades	4	-0.0059651784373441	0.2007165405058842
speech	uirus	4	-0.0059651784373441	0.2007165405058842
speech	uterum	4	-0.0059651784373441	0.2007165405058842
speech	helle	4	-0.0059651784373441	0.2007165405058842
speech	elissa	4	-0.0059651784373441	0.2007165405058842
speech	oebalius	4	-0.0059651784373441	0.2007165405058842
speech	inmunis	4	-0.0059651784373441	0.2007165405058842
speech	anhelitus	4	-0.0059651784373441	0.2007165405058842
speech	damno	27	-0.007975238038029	0.20060014109841046
speech	suspirium	8	-0.0084363167233433	0.2005734407529326
speech	mutuus	8	-0.0084363167233433	0.2005734407529326
speech	columba	8	-0.0084363167233433	0.2005734407529326
speech	pauper	8	-0.0084363167233433	0.2005734407529326
speech	hippomedon	8	-0.0084363167233433	0.2005734407529326
speech	paene	8	-0.0084363167233433	0.2005734407529326
speech	actum	12	-0.0103326791738586	0.20046362536958764
speech	species	16	-0.0119315469096479	0.200371037439851
speech	arcanus	20	-0.0133403185421842	0.20028945767811798
speech	abrumpo	20	-0.0133403185421842	0.20028945767811798
speech	domo	20	-0.0133403185421842	0.20028945767811798
speech	ratus	13	-0.0215479216942107	0.1998141682173727
speech	habitus	13	-0.0215479216942107	0.1998141682173727
speech	insequor	17	-0.0217446596092431	0.19980277543243755
speech	furibundus	9	-0.0219012678038736	0.19979370649684267
speech	exanimo	9	-0.0219012678038736	0.19979370649684267
speech	mina	9	-0.0219012678038736	0.19979370649684267
speech	arena	9	-0.0219012678038736	0.19979370649684267
speech	complector	9	-0.0219012678038736	0.19979370649684267
speech	pallidus	9	-0.0219012678038736	0.19979370649684267
speech	colonus	9	-0.0219012678038736	0.19979370649684267
speech	amitto	25	-0.0227113555072313	0.19974679558502667
speech	surdus	5	-0.0239838496444313	0.19967310743989236
speech	aestas	5	-0.0239838496444313	0.19967310743989236
speech	digredior	5	-0.0239838496444313	0.19967310743989236
speech	fugax	5	-0.0239838496444313	0.19967310743989236
speech	acus	5	-0.0239838496444313	0.19967310743989236
speech	exanimus	5	-0.0239838496444313	0.19967310743989236
speech	defectus	5	-0.0239838496444313	0.19967310743989236
speech	iacentus	5	-0.0239838496444313	0.19967310743989236
speech	mutus	5	-0.0239838496444313	0.19967310743989236
speech	saxosus	5	-0.0239838496444313	0.19967310743989236
speech	adduco	5	-0.0239838496444313	0.19967310743989236
speech	inhaereo	5	-0.0239838496444313	0.19967310743989236
speech	consanguineus	5	-0.0239838496444313	0.19967310743989236
speech	lacrimabilis	5	-0.0239838496444313	0.19967310743989236
speech	formo	5	-0.0239838496444313	0.19967310743989236
speech	clycops	5	-0.0239838496444313	0.19967310743989236
speech	aeolus	5	-0.0239838496444313	0.19967310743989236
speech	uesta	5	-0.0239838496444313	0.19967310743989236
speech	tranquillo	5	-0.0239838496444313	0.19967310743989236
speech	exinde	5	-0.0239838496444313	0.19967310743989236
speech	cyllenius	5	-0.0239838496444313	0.19967310743989236
speech	conuexus	5	-0.0239838496444313	0.19967310743989236
speech	marmoreus	5	-0.0239838496444313	0.19967310743989236
speech	exitialis	5	-0.0239838496444313	0.19967310743989236
speech	luctus	49	-0.0264600175809983	0.19952971642774345
speech	durus	104	-0.0304418631433388	0.1992991339793671
speech	clades	26	-0.0304766763156903	0.19929711800300867
speech	trado	26	-0.0304766763156903	0.19929711800300867
speech	obruo	22	-0.0305770062623662	0.19929130805272613
speech	fidus	34	-0.0307559588456684	0.19928094518853284
speech	faueo	14	-0.0319057164380216	0.19921436452473426
speech	nimius	14	-0.0319057164380216	0.19921436452473426
speech	delubrum	10	-0.0339197172946998	0.19909773688529062
speech	is	117	-0.0359030643254675	0.19898288436095876
speech	tempto	35	-0.0373800691262605	0.1988973533231778
speech	liber	27	-0.0379398346119312	0.19886493817945064
speech	ostendo	27	-0.0379398346119312	0.19886493817945064
speech	difficilis	6	-0.0387469332006564	0.19881820036258765
speech	inachus	6	-0.0387469332006564	0.19881820036258765
speech	infectus	6	-0.0387469332006564	0.19881820036258765
speech	raptor	6	-0.0387469332006564	0.19881820036258765
speech	aestuo	6	-0.0387469332006564	0.19881820036258765
speech	religo	6	-0.0387469332006564	0.19881820036258765
speech	popularis	6	-0.0387469332006564	0.19881820036258765
speech	occulto	6	-0.0387469332006564	0.19881820036258765
speech	tuscus	6	-0.0387469332006564	0.19881820036258765
speech	prosperus	6	-0.0387469332006564	0.19881820036258765
speech	phoebeus	6	-0.0387469332006564	0.19881820036258765
speech	uitio	6	-0.0387469332006564	0.19881820036258765
speech	exitus	6	-0.0387469332006564	0.19881820036258765
speech	nitens	6	-0.0387469332006564	0.19881820036258765
speech	fretus	6	-0.0387469332006564	0.19881820036258765
speech	uua	6	-0.0387469332006564	0.19881820036258765
speech	laomedontea	1	-0.0404885096783024	0.19871734839282562
speech	scipiadas	1	-0.0404885096783024	0.19871734839282562
speech	dumosus	1	-0.0404885096783024	0.19871734839282562
speech	thesaurus	1	-0.0404885096783024	0.19871734839282562
speech	dryanta	1	-0.0404885096783024	0.19871734839282562
speech	sobrius	1	-0.0404885096783024	0.19871734839282562
speech	solanus	1	-0.0404885096783024	0.19871734839282562
speech	thespias	1	-0.0404885096783024	0.19871734839282562
speech	sciron	1	-0.0404885096783024	0.19871734839282562
speech	sollertus	1	-0.0404885096783024	0.19871734839282562
speech	imputo	1	-0.0404885096783024	0.19871734839282562
speech	soractus	1	-0.0404885096783024	0.19871734839282562
speech	inachidae	1	-0.0404885096783024	0.19871734839282562
speech	langia	1	-0.0404885096783024	0.19871734839282562
speech	lageus	1	-0.0404885096783024	0.19871734839282562
speech	duresco	1	-0.0404885096783024	0.19871734839282562
speech	adipiscor	1	-0.0404885096783024	0.19871734839282562
speech	impactus	1	-0.0404885096783024	0.19871734839282562
speech	immunis	1	-0.0404885096783024	0.19871734839282562
speech	iaculator	1	-0.0404885096783024	0.19871734839282562
speech	tolumnius	1	-0.0404885096783024	0.19871734839282562
speech	icarius	1	-0.0404885096783024	0.19871734839282562
speech	scaeuola	1	-0.0404885096783024	0.19871734839282562
speech	ides	1	-0.0404885096783024	0.19871734839282562
speech	lebes	1	-0.0404885096783024	0.19871734839282562
speech	iecur	1	-0.0404885096783024	0.19871734839282562
speech	tityus	1	-0.0404885096783024	0.19871734839282562
speech	abruptum	1	-0.0404885096783024	0.19871734839282562
speech	lauriger	1	-0.0404885096783024	0.19871734839282562
speech	ilion	1	-0.0404885096783024	0.19871734839282562
speech	echionides	1	-0.0404885096783024	0.19871734839282562
speech	ilus	1	-0.0404885096783024	0.19871734839282562
speech	latrator	1	-0.0404885096783024	0.19871734839282562
speech	echeclus	1	-0.0404885096783024	0.19871734839282562
speech	imitamen	1	-0.0404885096783024	0.19871734839282562
speech	immanus	1	-0.0404885096783024	0.19871734839282562
speech	lasciuio	1	-0.0404885096783024	0.19871734839282562
speech	larisa	1	-0.0404885096783024	0.19871734839282562
speech	cyclades	1	-0.0404885096783024	0.19871734839282562
speech	stuprum	1	-0.0404885096783024	0.19871734839282562
speech	achiues	1	-0.0404885096783024	0.19871734839282562
speech	immeritus	1	-0.0404885096783024	0.19871734839282562
speech	achaia	1	-0.0404885096783024	0.19871734839282562
speech	indiscretus	1	-0.0404885096783024	0.19871734839282562
speech	increbresco	1	-0.0404885096783024	0.19871734839282562
speech	tyria	1	-0.0404885096783024	0.19871734839282562
speech	inluuies	1	-0.0404885096783024	0.19871734839282562
speech	adolesco	1	-0.0404885096783024	0.19871734839282562
speech	inmereo	1	-0.0404885096783024	0.19871734839282562
speech	inrepo	1	-0.0404885096783024	0.19871734839282562
speech	inrideo	1	-0.0404885096783024	0.19871734839282562
speech	inritans	1	-0.0404885096783024	0.19871734839282562
speech	insinuo	1	-0.0404885096783024	0.19871734839282562
speech	insuo	1	-0.0404885096783024	0.19871734839282562
speech	isthmiacus	1	-0.0404885096783024	0.19871734839282562
speech	ismenides	1	-0.0404885096783024	0.19871734839282562
speech	addico	1	-0.0404885096783024	0.19871734839282562
speech	intabesco	1	-0.0404885096783024	0.19871734839282562
speech	threissa	1	-0.0404885096783024	0.19871734839282562
speech	strepito	1	-0.0404885096783024	0.19871734839282562
speech	thracus	1	-0.0404885096783024	0.19871734839282562
speech	delphica	1	-0.0404885096783024	0.19871734839282562
speech	intermitto	1	-0.0404885096783024	0.19871734839282562
speech	ismara	1	-0.0404885096783024	0.19871734839282562
speech	introgredior	1	-0.0404885096783024	0.19871734839282562
speech	degrauo	1	-0.0404885096783024	0.19871734839282562
speech	iolaus	1	-0.0404885096783024	0.19871734839282562
speech	adonium	1	-0.0404885096783024	0.19871734839282562
speech	stipula	1	-0.0404885096783024	0.19871734839282562
speech	cyllo	1	-0.0404885096783024	0.19871734839282562
speech	sicula	1	-0.0404885096783024	0.19871734839282562
speech	india	1	-0.0404885096783024	0.19871734839282562
speech	cymbium	1	-0.0404885096783024	0.19871734839282562
speech	stultus	1	-0.0404885096783024	0.19871734839282562
speech	dispenso	1	-0.0404885096783024	0.19871734839282562
speech	indubitatus	1	-0.0404885096783024	0.19871734839282562
speech	tyndareus	1	-0.0404885096783024	0.19871734839282562
speech	laceo	1	-0.0404885096783024	0.19871734839282562
speech	labdacides	1	-0.0404885096783024	0.19871734839282562
speech	discrimino	1	-0.0404885096783024	0.19871734839282562
speech	ineuitabilis	1	-0.0404885096783024	0.19871734839282562
speech	inexpletus	1	-0.0404885096783024	0.19871734839282562
speech	inexpugnabilis	1	-0.0404885096783024	0.19871734839282562
speech	infirmus	1	-0.0404885096783024	0.19871734839282562
speech	dirces	1	-0.0404885096783024	0.19871734839282562
speech	informo	1	-0.0404885096783024	0.19871734839282562
speech	ingrauo	1	-0.0404885096783024	0.19871734839282562
speech	sicyonius	1	-0.0404885096783024	0.19871734839282562
speech	dilacero	1	-0.0404885096783024	0.19871734839282562
speech	strymonus	1	-0.0404885096783024	0.19871734839282562
speech	uaporo	1	-0.0404885096783024	0.19871734839282562
speech	adparo	1	-0.0404885096783024	0.19871734839282562
speech	sextus	1	-0.0404885096783024	0.19871734839282562
speech	aron	1	-0.0404885096783024	0.19871734839282562
speech	saturnum	1	-0.0404885096783024	0.19871734839282562
speech	oedipodionides	1	-0.0404885096783024	0.19871734839282562
speech	annas	1	-0.0404885096783024	0.19871734839282562
speech	pauentus	1	-0.0404885096783024	0.19871734839282562
speech	antaeus	1	-0.0404885096783024	0.19871734839282562
speech	pauo	1	-0.0404885096783024	0.19871734839282562
speech	paupertas	1	-0.0404885096783024	0.19871734839282562
speech	pennus	1	-0.0404885096783024	0.19871734839282562
speech	canesco	1	-0.0404885096783024	0.19871734839282562
speech	anteuolo	1	-0.0404885096783024	0.19871734839282562
speech	calydonis	1	-0.0404885096783024	0.19871734839282562
speech	callis	1	-0.0404885096783024	0.19871734839282562
speech	antigone	1	-0.0404885096783024	0.19871734839282562
speech	perhorreo	1	-0.0404885096783024	0.19871734839282562
speech	antigones	1	-0.0404885096783024	0.19871734839282562
speech	periphas	1	-0.0404885096783024	0.19871734839282562
speech	perluo	1	-0.0404885096783024	0.19871734839282562
speech	calcar	1	-0.0404885096783024	0.19871734839282562
speech	permoueo	1	-0.0404885096783024	0.19871734839282562
speech	uiginti	1	-0.0404885096783024	0.19871734839282562
speech	persea	1	-0.0404885096783024	0.19871734839282562
speech	caelit	1	-0.0404885096783024	0.19871734839282562
speech	peruado	1	-0.0404885096783024	0.19871734839282562
speech	cadmo	1	-0.0404885096783024	0.19871734839282562
speech	quattuor	1	-0.0404885096783024	0.19871734839282562
speech	annalis	1	-0.0404885096783024	0.19871734839282562
speech	particeps	1	-0.0404885096783024	0.19871734839282562
speech	angulus	1	-0.0404885096783024	0.19871734839282562
speech	tantumnis	1	-0.0404885096783024	0.19871734839282562
speech	charybdin	1	-0.0404885096783024	0.19871734839282562
speech	aloidae	1	-0.0404885096783024	0.19871734839282562
speech	opera	1	-0.0404885096783024	0.19871734839282562
speech	amathus	1	-0.0404885096783024	0.19871734839282562
speech	oppetio	1	-0.0404885096783024	0.19871734839282562
speech	amatus	1	-0.0404885096783024	0.19871734839282562
speech	ambustus	1	-0.0404885096783024	0.19871734839282562
speech	recutio	1	-0.0404885096783024	0.19871734839282562
speech	cernuus	1	-0.0404885096783024	0.19871734839282562
speech	cephisius	1	-0.0404885096783024	0.19871734839282562
speech	pacator	1	-0.0404885096783024	0.19871734839282562
speech	paraetonium	1	-0.0404885096783024	0.19871734839282562
speech	celtica	1	-0.0404885096783024	0.19871734839282562
speech	pachyni	1	-0.0404885096783024	0.19871734839282562
speech	paelignus	1	-0.0404885096783024	0.19871734839282562
speech	recreo	1	-0.0404885096783024	0.19871734839282562
speech	palamedes	1	-0.0404885096783024	0.19871734839282562
speech	palearium	1	-0.0404885096783024	0.19871734839282562
speech	cauum	1	-0.0404885096783024	0.19871734839282562
speech	pandionius	1	-0.0404885096783024	0.19871734839282562
speech	cauerno	1	-0.0404885096783024	0.19871734839282562
speech	caucasea	1	-0.0404885096783024	0.19871734839282562
speech	antisto	1	-0.0404885096783024	0.19871734839282562
speech	umber	1	-0.0404885096783024	0.19871734839282562
speech	appeto	1	-0.0404885096783024	0.19871734839282562
speech	praeteruehor	1	-0.0404885096783024	0.19871734839282562
speech	postpono	1	-0.0404885096783024	0.19871734839282562
speech	uirgatus	1	-0.0404885096783024	0.19871734839282562
speech	aulis	1	-0.0404885096783024	0.19871734839282562
speech	uiriathus	1	-0.0404885096783024	0.19871734839282562
speech	auerna	1	-0.0404885096783024	0.19871734839282562
speech	auditus	1	-0.0404885096783024	0.19871734839282562
speech	atlantis	1	-0.0404885096783024	0.19871734839282562
speech	praestringo	1	-0.0404885096783024	0.19871734839282562
speech	uitans	1	-0.0404885096783024	0.19871734839282562
speech	argyripa	1	-0.0404885096783024	0.19871734839282562
speech	praeteruolo	1	-0.0404885096783024	0.19871734839282562
speech	prouoluo	1	-0.0404885096783024	0.19871734839282562
speech	properus	1	-0.0404885096783024	0.19871734839282562
speech	asylum	1	-0.0404885096783024	0.19871734839282562
speech	priuernus	1	-0.0404885096783024	0.19871734839282562
speech	priuo	1	-0.0404885096783024	0.19871734839282562
speech	procellosus	1	-0.0404885096783024	0.19871734839282562
speech	asperitas	1	-0.0404885096783024	0.19871734839282562
speech	prodigiosus	1	-0.0404885096783024	0.19871734839282562
speech	proetus	1	-0.0404885096783024	0.19871734839282562
speech	propensus	1	-0.0404885096783024	0.19871734839282562
speech	armisona	1	-0.0404885096783024	0.19871734839282562
speech	baccha	1	-0.0404885096783024	0.19871734839282562
speech	prudens	1	-0.0404885096783024	0.19871734839282562
speech	phalarica	1	-0.0404885096783024	0.19871734839282562
speech	pullus	1	-0.0404885096783024	0.19871734839282562
speech	bromium	1	-0.0404885096783024	0.19871734839282562
speech	phegea	1	-0.0404885096783024	0.19871734839282562
speech	briareus	1	-0.0404885096783024	0.19871734839282562
speech	apporto	1	-0.0404885096783024	0.19871734839282562
speech	putris	1	-0.0404885096783024	0.19871734839282562
speech	boeotia	1	-0.0404885096783024	0.19871734839282562
speech	aquaticus	1	-0.0404885096783024	0.19871734839282562
speech	sulmone	1	-0.0404885096783024	0.19871734839282562
speech	phrygias	1	-0.0404885096783024	0.19871734839282562
speech	picentes	1	-0.0404885096783024	0.19871734839282562
speech	bilinguis	1	-0.0404885096783024	0.19871734839282562
speech	arctoes	1	-0.0404885096783024	0.19871734839282562
speech	bidentus	1	-0.0404885096783024	0.19871734839282562
speech	platanus	1	-0.0404885096783024	0.19871734839282562
speech	plausus	1	-0.0404885096783024	0.19871734839282562
speech	plebeius	1	-0.0404885096783024	0.19871734839282562
speech	batto	1	-0.0404885096783024	0.19871734839282562
speech	barca	1	-0.0404885096783024	0.19871734839282562
speech	poenicus	1	-0.0404885096783024	0.19871734839282562
speech	balearicus	1	-0.0404885096783024	0.19871734839282562
speech	balatus	1	-0.0404885096783024	0.19871734839282562
speech	balat	1	-0.0404885096783024	0.19871734839282562
speech	oileus	1	-0.0404885096783024	0.19871734839282562
speech	oeagrius	1	-0.0404885096783024	0.19871734839282562
speech	libyssus	1	-0.0404885096783024	0.19871734839282562
speech	subuenio	1	-0.0404885096783024	0.19871734839282562
speech	cornigera	1	-0.0404885096783024	0.19871734839282562
speech	corinthus	1	-0.0404885096783024	0.19871734839282562
speech	mancinus	1	-0.0404885096783024	0.19871734839282562
speech	marius	1	-0.0404885096783024	0.19871734839282562
speech	subiungo	1	-0.0404885096783024	0.19871734839282562
speech	marrucina	1	-0.0404885096783024	0.19871734839282562
speech	sublabor	1	-0.0404885096783024	0.19871734839282562
speech	ructo	1	-0.0404885096783024	0.19871734839282562
speech	rubigo	1	-0.0404885096783024	0.19871734839282562
speech	contexo	1	-0.0404885096783024	0.19871734839282562
speech	medendus	1	-0.0404885096783024	0.19871734839282562
speech	tergo	1	-0.0404885096783024	0.19871734839282562
speech	ro	1	-0.0404885096783024	0.19871734839282562
speech	terebro	1	-0.0404885096783024	0.19871734839282562
speech	aetolius	1	-0.0404885096783024	0.19871734839282562
speech	considero	1	-0.0404885096783024	0.19871734839282562
speech	metaurus	1	-0.0404885096783024	0.19871734839282562
speech	connecto	1	-0.0404885096783024	0.19871734839282562
speech	conlustro	1	-0.0404885096783024	0.19871734839282562
speech	subo	1	-0.0404885096783024	0.19871734839282562
speech	afor	1	-0.0404885096783024	0.19871734839282562
speech	uentilo	1	-0.0404885096783024	0.19871734839282562
speech	reuocabilis	1	-0.0404885096783024	0.19871734839282562
speech	maeotius	1	-0.0404885096783024	0.19871734839282562
speech	coro	1	-0.0404885096783024	0.19871734839282562
speech	maeon	1	-0.0404885096783024	0.19871734839282562
speech	salmax	1	-0.0404885096783024	0.19871734839282562
speech	satura	1	-0.0404885096783024	0.19871734839282562
speech	ligus	1	-0.0404885096783024	0.19871734839282562
speech	satelles	1	-0.0404885096783024	0.19871734839282562
speech	uotus	1	-0.0404885096783024	0.19871734839282562
speech	aeacon	1	-0.0404885096783024	0.19871734839282562
speech	aeetius	1	-0.0404885096783024	0.19871734839282562
speech	luca	1	-0.0404885096783024	0.19871734839282562
speech	lucrum	1	-0.0404885096783024	0.19871734839282562
speech	samon	1	-0.0404885096783024	0.19871734839282562
speech	aegina	1	-0.0404885096783024	0.19871734839282562
speech	lupor	1	-0.0404885096783024	0.19871734839282562
speech	maenalia	1	-0.0404885096783024	0.19871734839282562
speech	crantor	1	-0.0404885096783024	0.19871734839282562
speech	lutatius	1	-0.0404885096783024	0.19871734839282562
speech	lycormas	1	-0.0404885096783024	0.19871734839282562
speech	lydus	1	-0.0404885096783024	0.19871734839282562
speech	tetricus	1	-0.0404885096783024	0.19871734839282562
speech	coruinus	1	-0.0404885096783024	0.19871734839282562
speech	corrigo	1	-0.0404885096783024	0.19871734839282562
speech	madefacio	1	-0.0404885096783024	0.19871734839282562
speech	corporeus	1	-0.0404885096783024	0.19871734839282562
speech	aena	1	-0.0404885096783024	0.19871734839282562
speech	reuerto	1	-0.0404885096783024	0.19871734839282562
speech	reuerso	1	-0.0404885096783024	0.19871734839282562
speech	molo	1	-0.0404885096783024	0.19871734839282562
speech	circumlino	1	-0.0404885096783024	0.19871734839282562
speech	reseco	1	-0.0404885096783024	0.19871734839282562
speech	clare	1	-0.0404885096783024	0.19871734839282562
speech	uerutus	1	-0.0404885096783024	0.19871734839282562
speech	clango	1	-0.0404885096783024	0.19871734839282562
speech	numanus	1	-0.0404885096783024	0.19871734839282562
speech	repulso	1	-0.0404885096783024	0.19871734839282562
speech	uesbius	1	-0.0404885096783024	0.19871734839282562
speech	cista	1	-0.0404885096783024	0.19871734839282562
speech	alectus	1	-0.0404885096783024	0.19871734839282562
speech	alexander	1	-0.0404885096783024	0.19871734839282562
speech	circumago	1	-0.0404885096783024	0.19871734839282562
speech	nonacrius	1	-0.0404885096783024	0.19871734839282562
speech	fauus	1	-0.0404885096783024	0.19871734839282562
speech	cinyreius	1	-0.0404885096783024	0.19871734839282562
speech	cinyras	1	-0.0404885096783024	0.19871734839282562
speech	obsero	1	-0.0404885096783024	0.19871734839282562
speech	obses	1	-0.0404885096783024	0.19871734839282562
speech	obstringo	1	-0.0404885096783024	0.19871734839282562
speech	obtrecto	1	-0.0404885096783024	0.19871734839282562
speech	obtusus	1	-0.0404885096783024	0.19871734839282562
speech	obuncus	1	-0.0404885096783024	0.19871734839282562
speech	chryseis	1	-0.0404885096783024	0.19871734839282562
speech	alcimedes	1	-0.0404885096783024	0.19871734839282562
speech	nodo	1	-0.0404885096783024	0.19871734839282562
speech	retrorsum	1	-0.0404885096783024	0.19871734839282562
speech	resuscito	1	-0.0404885096783024	0.19871734839282562
speech	subrectus	1	-0.0404885096783024	0.19871734839282562
speech	temptamen	1	-0.0404885096783024	0.19871734839282562
speech	complero	1	-0.0404885096783024	0.19871734839282562
speech	mycenes	1	-0.0404885096783024	0.19871734839282562
speech	comparo	1	-0.0404885096783024	0.19871734839282562
speech	narcissus	1	-0.0404885096783024	0.19871734839282562
speech	narycius	1	-0.0404885096783024	0.19871734839282562
speech	cometa	1	-0.0404885096783024	0.19871734839282562
speech	natiuus	1	-0.0404885096783024	0.19871734839282562
speech	naturalis	1	-0.0404885096783024	0.19871734839282562
speech	naxos	1	-0.0404885096783024	0.19871734839282562
speech	nihilum	1	-0.0404885096783024	0.19871734839282562
speech	coluber	1	-0.0404885096783024	0.19871734839282562
speech	telethusa	1	-0.0404885096783024	0.19871734839282562
speech	collabor	1	-0.0404885096783024	0.19871734839282562
speech	subrigo	1	-0.0404885096783024	0.19871734839282562
speech	neleius	1	-0.0404885096783024	0.19871734839282562
speech	colendus	1	-0.0404885096783024	0.19871734839282562
speech	respuo	1	-0.0404885096783024	0.19871734839282562
speech	nereides	1	-0.0404885096783024	0.19871734839282562
speech	resonus	1	-0.0404885096783024	0.19871734839282562
speech	resilio	1	-0.0404885096783024	0.19871734839282562
speech	retusus	1	-0.0404885096783024	0.19871734839282562
speech	incanus	1	-0.0404885096783024	0.19871734839282562
speech	granum	1	-0.0404885096783024	0.19871734839282562
speech	gigas	1	-0.0404885096783024	0.19871734839282562
speech	euryte	1	-0.0404885096783024	0.19871734839282562
speech	ganymedes	1	-0.0404885096783024	0.19871734839282562
speech	ephyraeus	1	-0.0404885096783024	0.19871734839282562
speech	tristus	1	-0.0404885096783024	0.19871734839282562
speech	facesso	1	-0.0404885096783024	0.19871734839282562
speech	erycinus	1	-0.0404885096783024	0.19871734839282562
speech	eurystheus	1	-0.0404885096783024	0.19871734839282562
speech	fanum	1	-0.0404885096783024	0.19871734839282562
speech	extensus	1	-0.0404885096783024	0.19871734839282562
speech	eloquor	1	-0.0404885096783024	0.19871734839282562
speech	fur	1	-0.0404885096783024	0.19871734839282562
speech	herse	1	-0.0404885096783024	0.19871734839282562
speech	hasdrubalus	1	-0.0404885096783024	0.19871734839282562
speech	frugifer	1	-0.0404885096783024	0.19871734839282562
speech	euoe	1	-0.0404885096783024	0.19871734839282562
speech	hyanteus	1	-0.0404885096783024	0.19871734839282562
speech	tribunus	1	-0.0404885096783024	0.19871734839282562
speech	ferculum	1	-0.0404885096783024	0.19871734839282562
speech	forus	1	-0.0404885096783024	0.19871734839282562
speech	flammifeer	1	-0.0404885096783024	0.19871734839282562
speech	troades	1	-0.0404885096783024	0.19871734839282562
speech	hermus	1	-0.0404885096783024	0.19871734839282562
speech	feronia	1	-0.0404885096783024	0.19871734839282562
speech	euersor	1	-0.0404885096783024	0.19871734839282562
speech	exsequia	1	-0.0404885096783024	0.19871734839282562
speech	hippotada	1	-0.0404885096783024	0.19871734839282562
speech	hippomedontes	1	-0.0404885096783024	0.19871734839282562
speech	fultus	1	-0.0404885096783024	0.19871734839282562
speech	flexilis	1	-0.0404885096783024	0.19871734839282562
speech	exubero	1	-0.0404885096783024	0.19871734839282562
speech	ferrugineus	1	-0.0404885096783024	0.19871734839282562
speech	heliconius	1	-0.0404885096783024	0.19871734839282562
speech	exurgo	1	-0.0404885096783024	0.19871734839282562
speech	hydaspes	1	-0.0404885096783024	0.19871734839282562
speech	faunigena	1	-0.0404885096783024	0.19871734839282562
speech	explorator	1	-0.0404885096783024	0.19871734839282562
speech	gusto	1	-0.0404885096783024	0.19871734839282562
speech	fluctiuagus	1	-0.0404885096783024	0.19871734839282562
speech	fagus	1	-0.0404885096783024	0.19871734839282562
speech	triceni	1	-0.0404885096783024	0.19871734839282562
speech	tristitia	1	-0.0404885096783024	0.19871734839282562
speech	furens	1	-0.0404885096783024	0.19871734839282562
speech	gemellus	1	-0.0404885096783024	0.19871734839282562
speech	quater	15	-0.041544753594286	0.1986561829597577
speech	recludo	15	-0.041544753594286	0.1986561829597577
speech	necto	15	-0.041544753594286	0.1986561829597577
speech	exemplum	11	-0.0448110531560529	0.19846703666106494
speech	socio	11	-0.0448110531560529	0.19846703666106494
speech	discordia	11	-0.0448110531560529	0.19846703666106494
speech	resero	11	-0.0448110531560529	0.19846703666106494
speech	ferreus	11	-0.0448110531560529	0.19846703666106494
speech	procer	16	-0.0505726265247235	0.19813339295915622
speech	tyrii	16	-0.0505726265247235	0.19813339295915622
speech	fugo	16	-0.0505726265247235	0.19813339295915622
speech	morsus	16	-0.0505726265247235	0.19813339295915622
speech	lernaeus	7	-0.051387389952526	0.1980862112834511
speech	phaethon	7	-0.051387389952526	0.1980862112834511
speech	infensus	7	-0.051387389952526	0.1980862112834511
speech	nereus	7	-0.051387389952526	0.1980862112834511
speech	frux	7	-0.051387389952526	0.1980862112834511
speech	praedico	7	-0.051387389952526	0.1980862112834511
speech	ulna	7	-0.051387389952526	0.1980862112834511
speech	uipereus	7	-0.051387389952526	0.1980862112834511
speech	lituus	7	-0.051387389952526	0.1980862112834511
speech	circe	7	-0.051387389952526	0.1980862112834511
speech	ample	12	-0.0547992430404113	0.197888636207726
speech	radix	12	-0.0547992430404113	0.197888636207726
speech	tepidus	12	-0.0547992430404113	0.197888636207726
speech	idaeus	12	-0.0547992430404113	0.197888636207726
speech	aeneades	12	-0.0547992430404113	0.197888636207726
speech	uigor	12	-0.0547992430404113	0.197888636207726
speech	merum	12	-0.0547992430404113	0.197888636207726
speech	procumbo	21	-0.0558530151978958	0.1978276139103266
speech	fumidus	2	-0.057259912889938	0.1977461426655565
speech	themis	2	-0.057259912889938	0.1977461426655565
speech	maenalius	2	-0.057259912889938	0.1977461426655565
speech	recolo	2	-0.057259912889938	0.1977461426655565
speech	habendus	2	-0.057259912889938	0.1977461426655565
speech	permaneo	2	-0.057259912889938	0.1977461426655565
speech	aequaeuus	2	-0.057259912889938	0.1977461426655565
speech	lentulus	2	-0.057259912889938	0.1977461426655565
speech	fluentum	2	-0.057259912889938	0.1977461426655565
speech	maurusius	2	-0.057259912889938	0.1977461426655565
speech	momentum	2	-0.057259912889938	0.1977461426655565
speech	pascor	2	-0.057259912889938	0.1977461426655565
speech	maeror	2	-0.057259912889938	0.1977461426655565
speech	inaccessus	2	-0.057259912889938	0.1977461426655565
speech	quidue	2	-0.057259912889938	0.1977461426655565
speech	circumligo	2	-0.057259912889938	0.1977461426655565
speech	canorus	2	-0.057259912889938	0.1977461426655565
speech	antigo	2	-0.057259912889938	0.1977461426655565
speech	inquiro	2	-0.057259912889938	0.1977461426655565
speech	conspicuus	2	-0.057259912889938	0.1977461426655565
speech	deueho	2	-0.057259912889938	0.1977461426655565
speech	subuecto	2	-0.057259912889938	0.1977461426655565
speech	peloros	2	-0.057259912889938	0.1977461426655565
speech	ungo	2	-0.057259912889938	0.1977461426655565
speech	obtineo	2	-0.057259912889938	0.1977461426655565
speech	malea	2	-0.057259912889938	0.1977461426655565
speech	laudandus	2	-0.057259912889938	0.1977461426655565
speech	emoueo	2	-0.057259912889938	0.1977461426655565
speech	angusto	2	-0.057259912889938	0.1977461426655565
speech	formidabilis	2	-0.057259912889938	0.1977461426655565
speech	pagasaeus	2	-0.057259912889938	0.1977461426655565
speech	despectus	2	-0.057259912889938	0.1977461426655565
speech	ladon	2	-0.057259912889938	0.1977461426655565
speech	corneus	2	-0.057259912889938	0.1977461426655565
speech	oriens	2	-0.057259912889938	0.1977461426655565
speech	permuto	2	-0.057259912889938	0.1977461426655565
speech	carbasus	2	-0.057259912889938	0.1977461426655565
speech	lepor	2	-0.057259912889938	0.1977461426655565
speech	galli	2	-0.057259912889938	0.1977461426655565
speech	sera	2	-0.057259912889938	0.1977461426655565
speech	neo	2	-0.057259912889938	0.1977461426655565
speech	trio	2	-0.057259912889938	0.1977461426655565
speech	temperies	2	-0.057259912889938	0.1977461426655565
speech	gortynius	2	-0.057259912889938	0.1977461426655565
speech	induresco	2	-0.057259912889938	0.1977461426655565
speech	ismenus	2	-0.057259912889938	0.1977461426655565
speech	tyndarides	2	-0.057259912889938	0.1977461426655565
speech	saliens	2	-0.057259912889938	0.1977461426655565
speech	acernus	2	-0.057259912889938	0.1977461426655565
speech	praenuntio	2	-0.057259912889938	0.1977461426655565
speech	eiicio	2	-0.057259912889938	0.1977461426655565
speech	siquando	2	-0.057259912889938	0.1977461426655565
speech	adfecto	2	-0.057259912889938	0.1977461426655565
speech	superuenio	2	-0.057259912889938	0.1977461426655565
speech	parilis	2	-0.057259912889938	0.1977461426655565
speech	atropos	2	-0.057259912889938	0.1977461426655565
speech	nereius	2	-0.057259912889938	0.1977461426655565
speech	iocasta	2	-0.057259912889938	0.1977461426655565
speech	giganteus	2	-0.057259912889938	0.1977461426655565
speech	naufrago	2	-0.057259912889938	0.1977461426655565
speech	lynx	2	-0.057259912889938	0.1977461426655565
speech	celtae	2	-0.057259912889938	0.1977461426655565
speech	astringo	2	-0.057259912889938	0.1977461426655565
speech	inuiolatus	2	-0.057259912889938	0.1977461426655565
speech	incingo	2	-0.057259912889938	0.1977461426655565
speech	arator	2	-0.057259912889938	0.1977461426655565
speech	audens	2	-0.057259912889938	0.1977461426655565
speech	danaeius	2	-0.057259912889938	0.1977461426655565
speech	ceo	2	-0.057259912889938	0.1977461426655565
speech	placabilis	2	-0.057259912889938	0.1977461426655565
speech	prendo	2	-0.057259912889938	0.1977461426655565
speech	redoleo	2	-0.057259912889938	0.1977461426655565
speech	ulua	2	-0.057259912889938	0.1977461426655565
speech	respergo	2	-0.057259912889938	0.1977461426655565
speech	incultus	2	-0.057259912889938	0.1977461426655565
speech	oeclides	2	-0.057259912889938	0.1977461426655565
speech	secedo	2	-0.057259912889938	0.1977461426655565
speech	praeuius	2	-0.057259912889938	0.1977461426655565
speech	celaenus	2	-0.057259912889938	0.1977461426655565
speech	achaemenius	2	-0.057259912889938	0.1977461426655565
speech	cretheus	2	-0.057259912889938	0.1977461426655565
speech	remetior	2	-0.057259912889938	0.1977461426655565
speech	maniplus	2	-0.057259912889938	0.1977461426655565
speech	bitumen	2	-0.057259912889938	0.1977461426655565
speech	circus	2	-0.057259912889938	0.1977461426655565
speech	longaeua	2	-0.057259912889938	0.1977461426655565
speech	optatus	2	-0.057259912889938	0.1977461426655565
speech	elis	2	-0.057259912889938	0.1977461426655565
speech	densissimus	2	-0.057259912889938	0.1977461426655565
speech	liuor	2	-0.057259912889938	0.1977461426655565
speech	fictus	2	-0.057259912889938	0.1977461426655565
speech	quacumque	2	-0.057259912889938	0.1977461426655565
speech	scyri	2	-0.057259912889938	0.1977461426655565
speech	longaeuis	2	-0.057259912889938	0.1977461426655565
speech	crepusculum	2	-0.057259912889938	0.1977461426655565
speech	longinquo	2	-0.057259912889938	0.1977461426655565
speech	actaeon	2	-0.057259912889938	0.1977461426655565
speech	transgredior	2	-0.057259912889938	0.1977461426655565
speech	oppugno	2	-0.057259912889938	0.1977461426655565
speech	reticeo	2	-0.057259912889938	0.1977461426655565
speech	persephone	2	-0.057259912889938	0.1977461426655565
speech	insperatus	2	-0.057259912889938	0.1977461426655565
speech	catena	17	-0.0590744170791476	0.19764106756608651
speech	mare	80	-0.0614875914405093	0.19750132441334736
speech	usquam	8	-0.0625307811273034	0.19744091493027324
speech	cithara	8	-0.0625307811273034	0.19744091493027324
speech	insero	8	-0.0625307811273034	0.19744091493027324
speech	sudo	8	-0.0625307811273034	0.19744091493027324
speech	solitus	8	-0.0625307811273034	0.19744091493027324
speech	remoueo	8	-0.0625307811273034	0.19744091493027324
speech	apto	22	-0.0633783184571539	0.1973918353691633
speech	crus	13	-0.06404721762522	0.19735310046458832
speech	exploro	13	-0.06404721762522	0.19735310046458832
speech	paucus	13	-0.06404721762522	0.19735310046458832
speech	irritus	13	-0.06404721762522	0.19735310046458832
speech	deinde	31	-0.0652452646568617	0.19728372343489164
speech	fido	18	-0.0671185271503944	0.19717524573392414
speech	fretum	61	-0.0680372952294566	0.19712204131154176
speech	indigenus	3	-0.0701294134222718	0.19700089001934837
speech	sarranus	3	-0.0701294134222718	0.19700089001934837
speech	extra	3	-0.0701294134222718	0.19700089001934837
speech	salum	3	-0.0701294134222718	0.19700089001934837
speech	haemonii	3	-0.0701294134222718	0.19700089001934837
speech	tritonia	3	-0.0701294134222718	0.19700089001934837
speech	menoeceus	3	-0.0701294134222718	0.19700089001934837
speech	domito	3	-0.0701294134222718	0.19700089001934837
speech	aquosus	3	-0.0701294134222718	0.19700089001934837
speech	salsus	3	-0.0701294134222718	0.19700089001934837
speech	explico	3	-0.0701294134222718	0.19700089001934837
speech	taedium	3	-0.0701294134222718	0.19700089001934837
speech	padus	3	-0.0701294134222718	0.19700089001934837
speech	crinitus	3	-0.0701294134222718	0.19700089001934837
speech	debilis	3	-0.0701294134222718	0.19700089001934837
speech	cancer	3	-0.0701294134222718	0.19700089001934837
speech	parnasus	3	-0.0701294134222718	0.19700089001934837
speech	reluceo	3	-0.0701294134222718	0.19700089001934837
speech	fistula	3	-0.0701294134222718	0.19700089001934837
speech	proteus	3	-0.0701294134222718	0.19700089001934837
speech	chaonius	3	-0.0701294134222718	0.19700089001934837
speech	solitum	3	-0.0701294134222718	0.19700089001934837
speech	adfligo	3	-0.0701294134222718	0.19700089001934837
speech	audacia	3	-0.0701294134222718	0.19700089001934837
speech	dictator	3	-0.0701294134222718	0.19700089001934837
speech	detego	3	-0.0701294134222718	0.19700089001934837
speech	instabilis	3	-0.0701294134222718	0.19700089001934837
speech	supinus	3	-0.0701294134222718	0.19700089001934837
speech	ionius	3	-0.0701294134222718	0.19700089001934837
speech	casa	3	-0.0701294134222718	0.19700089001934837
speech	praerumpo	3	-0.0701294134222718	0.19700089001934837
speech	tumefacio	3	-0.0701294134222718	0.19700089001934837
speech	classicus	3	-0.0701294134222718	0.19700089001934837
speech	romuleus	3	-0.0701294134222718	0.19700089001934837
speech	canto	3	-0.0701294134222718	0.19700089001934837
speech	compendium	3	-0.0701294134222718	0.19700089001934837
speech	pertimeo	3	-0.0701294134222718	0.19700089001934837
speech	sparta	3	-0.0701294134222718	0.19700089001934837
speech	luxurio	3	-0.0701294134222718	0.19700089001934837
speech	iri	3	-0.0701294134222718	0.19700089001934837
speech	limosus	3	-0.0701294134222718	0.19700089001934837
speech	occultus	9	-0.0725585781944698	0.19686022088692884
speech	grai	9	-0.0725585781944698	0.19686022088692884
speech	exta	9	-0.0725585781944698	0.19686022088692884
speech	caespes	9	-0.0725585781944698	0.19686022088692884
speech	cauda	9	-0.0725585781944698	0.19686022088692884
speech	soli	9	-0.0725585781944698	0.19686022088692884
speech	comitor	14	-0.0726771150844116	0.19685335660103984
speech	concurro	28	-0.0741264804688256	0.19676942611862966
speech	mars	75	-0.0751586209720472	0.1967096564764938
speech	doceo	42	-0.0790021414962861	0.19648708421471506
speech	garamas	4	-0.0809791974936085	0.19637259599429
speech	concordia	4	-0.0809791974936085	0.19637259599429
speech	tenax	4	-0.0809791974936085	0.19637259599429
speech	transfigo	4	-0.0809791974936085	0.19637259599429
speech	spina	4	-0.0809791974936085	0.19637259599429
speech	caucasus	4	-0.0809791974936085	0.19637259599429
speech	incuso	4	-0.0809791974936085	0.19637259599429
speech	iunonius	4	-0.0809791974936085	0.19637259599429
speech	languidus	4	-0.0809791974936085	0.19637259599429
speech	suggero	4	-0.0809791974936085	0.19637259599429
speech	equa	4	-0.0809791974936085	0.19637259599429
speech	dryas	4	-0.0809791974936085	0.19637259599429
speech	renuo	4	-0.0809791974936085	0.19637259599429
speech	balteus	4	-0.0809791974936085	0.19637259599429
speech	uter	4	-0.0809791974936085	0.19637259599429
speech	seduco	4	-0.0809791974936085	0.19637259599429
speech	athenae	4	-0.0809791974936085	0.19637259599429
speech	praescius	4	-0.0809791974936085	0.19637259599429
speech	perennis	4	-0.0809791974936085	0.19637259599429
speech	peruigil	4	-0.0809791974936085	0.19637259599429
speech	hannon	4	-0.0809791974936085	0.19637259599429
speech	penetrabilis	4	-0.0809791974936085	0.19637259599429
speech	phoenissa	4	-0.0809791974936085	0.19637259599429
speech	colona	4	-0.0809791974936085	0.19637259599429
speech	fulmineus	10	-0.0817205683547529	0.19632966436732427
speech	mugio	10	-0.0817205683547529	0.19632966436732427
speech	elido	10	-0.0817205683547529	0.19632966436732427
speech	aegis	10	-0.0817205683547529	0.19632966436732427
speech	cautes	10	-0.0817205683547529	0.19632966436732427
speech	miseror	20	-0.0820471645499789	0.19631075169249884
speech	antiquus	34	-0.0835559228529914	0.19622338185907107
speech	quisque	131	-0.0851461161763606	0.1961312962509897
speech	uiscus	30	-0.0866585171767614	0.19604371547465385
speech	firmo	16	-0.0884379910013228	0.19594066892880846
speech	reuello	16	-0.0884379910013228	0.19594066892880846
speech	astus	16	-0.0884379910013228	0.19594066892880846
speech	pecus	44	-0.0896472246357407	0.19587064410044236
speech	cruentus	44	-0.0896472246357407	0.19587064410044236
speech	deprendo	11	-0.0901893183156104	0.1958392523033481
speech	commendo	5	-0.0905383069523931	0.1958190429172569
speech	fumus	5	-0.0905383069523931	0.1958190429172569
speech	paciscor	5	-0.0905383069523931	0.1958190429172569
speech	praemitto	5	-0.0905383069523931	0.1958190429172569
speech	intercipio	5	-0.0905383069523931	0.1958190429172569
speech	uerendus	5	-0.0905383069523931	0.1958190429172569
speech	malignus	5	-0.0905383069523931	0.1958190429172569
speech	animo	5	-0.0905383069523931	0.1958190429172569
speech	titanium	5	-0.0905383069523931	0.1958190429172569
speech	quartus	5	-0.0905383069523931	0.1958190429172569
speech	conatus	5	-0.0905383069523931	0.1958190429172569
speech	sorbeo	5	-0.0905383069523931	0.1958190429172569
speech	bellicus	5	-0.0905383069523931	0.1958190429172569
speech	specus	5	-0.0905383069523931	0.1958190429172569
speech	adsurgens	5	-0.0905383069523931	0.1958190429172569
speech	indicium	5	-0.0905383069523931	0.1958190429172569
speech	pelion	5	-0.0905383069523931	0.1958190429172569
speech	recessus	5	-0.0905383069523931	0.1958190429172569
speech	retego	5	-0.0905383069523931	0.1958190429172569
speech	occasus	5	-0.0905383069523931	0.1958190429172569
speech	quamquam	40	-0.0920515651764316	0.195731412500441
speech	regina	31	-0.0926373078115007	0.19569749306062392
speech	carina	45	-0.094798308308226	0.19557235290195224
speech	prodo	22	-0.0957005767603994	0.19552010394715535
speech	trux	27	-0.0967900971179033	0.1954570115274078
speech	uetus	50	-0.0975324257052306	0.19541402444001682
speech	teneo	192	-0.09758409154325	0.1954110325521494
speech	effigies	12	-0.098089139855139	0.19538178599437098
speech	festino	12	-0.098089139855139	0.19538178599437098
speech	ultimus	32	-0.098442869120768	0.19536130208587826
speech	circumsto	6	-0.0991806353408507	0.19531857919803827
speech	efflo	6	-0.0991806353408507	0.19531857919803827
speech	singulus	6	-0.0991806353408507	0.19531857919803827
speech	hasdrubal	6	-0.0991806353408507	0.19531857919803827
speech	tydea	6	-0.0991806353408507	0.19531857919803827
speech	umbro	6	-0.0991806353408507	0.19531857919803827
speech	exto	6	-0.0991806353408507	0.19531857919803827
speech	funis	6	-0.0991806353408507	0.19531857919803827
speech	amphitryoniades	6	-0.0991806353408507	0.19531857919803827
speech	tritonius	6	-0.0991806353408507	0.19531857919803827
speech	adflo	6	-0.0991806353408507	0.19531857919803827
speech	congredior	6	-0.0991806353408507	0.19531857919803827
speech	fio	18	-0.102621338096723	0.1951193334831648
speech	consumo	18	-0.102621338096723	0.1951193334831648
speech	lacus	28	-0.10279332790085	0.19510937382262283
speech	anxio	13	-0.105512639480538	0.19495190274240995
speech	inuictus	13	-0.105512639480538	0.19495190274240995
speech	hesperius	7	-0.107128290528272	0.1948583429173299
speech	trans	7	-0.107128290528272	0.1948583429173299
speech	formosus	7	-0.107128290528272	0.1948583429173299
speech	fibra	7	-0.107128290528272	0.1948583429173299
speech	animal	7	-0.107128290528272	0.1948583429173299
speech	aduena	7	-0.107128290528272	0.1948583429173299
speech	exerceo	24	-0.108321462915546	0.19478924817066398
speech	armentum	24	-0.108321462915546	0.19478924817066398
speech	ignarus	29	-0.10861169461933	0.19477244130665905
speech	moueo	130	-0.108920418662535	0.1947545635802027
speech	multum	19	-0.1092366869666	0.19473624897740022
speech	fera	53	-0.111723801818518	0.19459222404650575
speech	inrumpo	14	-0.112530728877624	0.19454549616265474
speech	planctus	14	-0.112530728877624	0.19454549616265474
speech	ile	14	-0.112530728877624	0.19454549616265474
speech	nusquam	14	-0.112530728877624	0.19454549616265474
speech	laurus	14	-0.112530728877624	0.19454549616265474
speech	contendo	14	-0.112530728877624	0.19454549616265474
speech	uolucris	25	-0.114302334028962	0.19444290527936803
speech	situs	8	-0.114525986757862	0.1944299538996602
speech	subdo	8	-0.114525986757862	0.1944299538996602
speech	faunus	8	-0.114525986757862	0.1944299538996602
speech	odor	8	-0.114525986757862	0.1944299538996602
speech	intremo	8	-0.114525986757862	0.1944299538996602
speech	adoro	8	-0.114525986757862	0.1944299538996602
speech	inuito	8	-0.114525986757862	0.1944299538996602
speech	seges	8	-0.114525986757862	0.1944299538996602
speech	breuis	20	-0.1155803971354	0.19436889464393578
speech	phoebus	68	-0.118200104457491	0.19421719149048594
speech	uix	86	-0.119380347439003	0.1941488454654844
speech	saltus	26	-0.12008821610874	0.19410785389802115
speech	stipo	9	-0.121474241973539	0.1940275913081204
speech	eruo	9	-0.121474241973539	0.1940275913081204
speech	latex	9	-0.121474241973539	0.1940275913081204
speech	obeo	9	-0.121474241973539	0.1940275913081204
speech	canus	9	-0.121474241973539	0.1940275913081204
speech	ulterior	9	-0.121474241973539	0.1940275913081204
speech	repello	21	-0.121680079087031	0.19401567160283484
speech	nequiquam	37	-0.125249873716108	0.19380895037950102
speech	tempestas	16	-0.125561743050384	0.19379089051415843
speech	figura	16	-0.125561743050384	0.19379089051415843
speech	uis	144	-0.126298445598527	0.19374822922189675
speech	femineus	22	-0.127559204797303	0.19367522062869155
speech	laurens	10	-0.128046242016047	0.1936470170651454
speech	haurio	33	-0.130289603478002	0.19351710751180082
speech	fatalis	17	-0.131655108942655	0.19343803322617587
speech	celebro	17	-0.131655108942655	0.19343803322617587
speech	sub	239	-0.134219479327244	0.1932895345482224
speech	undo	11	-0.134297235784651	0.19328503179339546
speech	uncus	11	-0.134297235784651	0.19328503179339546
speech	principium	11	-0.134297235784651	0.19328503179339546
speech	occulo	11	-0.134297235784651	0.19328503179339546
speech	certamen	63	-0.135180035487454	0.1932339102434229
speech	plus	44	-0.135366696171947	0.19322310101514617
speech	iuno	68	-0.136651358861986	0.1931487082081502
speech	plenus	40	-0.139861742664426	0.19296279990362034
speech	iugalis	12	-0.1402701457913	0.19293914991734015
speech	confero	12	-0.1402701457913	0.19293914991734015
speech	foedo	12	-0.1402701457913	0.19293914991734015
speech	lustro	35	-0.14031380023525	0.19293662195677241
speech	ergo	50	-0.140435679808303	0.19292956410133286
speech	auus	25	-0.144061308435167	0.19271960961851903
speech	ingenium	13	-0.145999105749148	0.19260739480704042
speech	uiolentus	13	-0.145999105749148	0.19260739480704042
speech	septeni	3	-0.149525070847007	0.1924032116833042
speech	tergus	3	-0.149525070847007	0.1924032116833042
speech	catulus	3	-0.149525070847007	0.1924032116833042
speech	discordo	3	-0.149525070847007	0.1924032116833042
speech	temere	3	-0.149525070847007	0.1924032116833042
speech	spira	3	-0.149525070847007	0.1924032116833042
speech	numerosus	3	-0.149525070847007	0.1924032116833042
speech	dilabor	3	-0.149525070847007	0.1924032116833042
speech	apollineus	3	-0.149525070847007	0.1924032116833042
speech	auius	3	-0.149525070847007	0.1924032116833042
speech	lilium	3	-0.149525070847007	0.1924032116833042
speech	uenabulum	3	-0.149525070847007	0.1924032116833042
speech	importunus	3	-0.149525070847007	0.1924032116833042
speech	obsisto	3	-0.149525070847007	0.1924032116833042
speech	appius	3	-0.149525070847007	0.1924032116833042
speech	castigo	3	-0.149525070847007	0.1924032116833042
speech	mendax	3	-0.149525070847007	0.1924032116833042
speech	uiuax	3	-0.149525070847007	0.1924032116833042
speech	maiestas	3	-0.149525070847007	0.1924032116833042
speech	turritus	3	-0.149525070847007	0.1924032116833042
speech	ardea	3	-0.149525070847007	0.1924032116833042
speech	roscidus	3	-0.149525070847007	0.1924032116833042
speech	idalius	3	-0.149525070847007	0.1924032116833042
speech	paeniteo	3	-0.149525070847007	0.1924032116833042
speech	fere	3	-0.149525070847007	0.1924032116833042
speech	refluo	3	-0.149525070847007	0.1924032116833042
speech	promptus	3	-0.149525070847007	0.1924032116833042
speech	patesco	3	-0.149525070847007	0.1924032116833042
speech	latia	3	-0.149525070847007	0.1924032116833042
speech	indocilis	3	-0.149525070847007	0.1924032116833042
speech	digero	3	-0.149525070847007	0.1924032116833042
speech	ouile	3	-0.149525070847007	0.1924032116833042
speech	crater	3	-0.149525070847007	0.1924032116833042
speech	supino	3	-0.149525070847007	0.1924032116833042
speech	detrudo	3	-0.149525070847007	0.1924032116833042
speech	frustro	3	-0.149525070847007	0.1924032116833042
speech	simplex	3	-0.149525070847007	0.1924032116833042
speech	moderamen	3	-0.149525070847007	0.1924032116833042
speech	inuigilo	3	-0.149525070847007	0.1924032116833042
speech	tremebundus	3	-0.149525070847007	0.1924032116833042
speech	siluestris	3	-0.149525070847007	0.1924032116833042
speech	obex	3	-0.149525070847007	0.1924032116833042
speech	lucidus	4	-0.150536555242404	0.19234463820406358
speech	deligo	4	-0.150536555242404	0.19234463820406358
speech	hebrus	4	-0.150536555242404	0.19234463820406358
speech	amans	4	-0.150536555242404	0.19234463820406358
speech	rimor	4	-0.150536555242404	0.19234463820406358
speech	informis	4	-0.150536555242404	0.19234463820406358
speech	inno	4	-0.150536555242404	0.19234463820406358
speech	haemon	4	-0.150536555242404	0.19234463820406358
speech	frondosus	4	-0.150536555242404	0.19234463820406358
speech	terrenus	4	-0.150536555242404	0.19234463820406358
speech	laniger	4	-0.150536555242404	0.19234463820406358
speech	habilis	4	-0.150536555242404	0.19234463820406358
speech	plectrum	4	-0.150536555242404	0.19234463820406358
speech	impingo	4	-0.150536555242404	0.19234463820406358
speech	lycaeus	4	-0.150536555242404	0.19234463820406358
speech	lana	4	-0.150536555242404	0.19234463820406358
speech	impulsus	4	-0.150536555242404	0.19234463820406358
speech	cornum	4	-0.150536555242404	0.19234463820406358
speech	accerso	4	-0.150536555242404	0.19234463820406358
speech	memoro	32	-0.15147000817576	0.19229058340473812
speech	subnixus	2	-0.152353881807337	0.19223939966523002
speech	adiutus	2	-0.152353881807337	0.19223939966523002
speech	adulterium	2	-0.152353881807337	0.19223939966523002
speech	aedes	2	-0.152353881807337	0.19223939966523002
speech	mobilis	2	-0.152353881807337	0.19223939966523002
speech	macetus	2	-0.152353881807337	0.19223939966523002
speech	exitiabilis	2	-0.152353881807337	0.19223939966523002
speech	palatium	2	-0.152353881807337	0.19223939966523002
speech	auentinus	2	-0.152353881807337	0.19223939966523002
speech	clytius	2	-0.152353881807337	0.19223939966523002
speech	halitus	2	-0.152353881807337	0.19223939966523002
speech	promineo	2	-0.152353881807337	0.19223939966523002
speech	talaus	2	-0.152353881807337	0.19223939966523002
speech	linteus	2	-0.152353881807337	0.19223939966523002
speech	hesperides	2	-0.152353881807337	0.19223939966523002
speech	aggredior	2	-0.152353881807337	0.19223939966523002
speech	obseruo	2	-0.152353881807337	0.19223939966523002
speech	sedile	2	-0.152353881807337	0.19223939966523002
speech	eructo	2	-0.152353881807337	0.19223939966523002
speech	abscondo	2	-0.152353881807337	0.19223939966523002
speech	modulor	2	-0.152353881807337	0.19223939966523002
speech	thoas	2	-0.152353881807337	0.19223939966523002
speech	mercurius	2	-0.152353881807337	0.19223939966523002
speech	iaculatus	2	-0.152353881807337	0.19223939966523002
speech	obstruo	2	-0.152353881807337	0.19223939966523002
speech	secretus	2	-0.152353881807337	0.19223939966523002
speech	refugus	2	-0.152353881807337	0.19223939966523002
speech	subueho	2	-0.152353881807337	0.19223939966523002
speech	aethiopus	2	-0.152353881807337	0.19223939966523002
speech	absens	2	-0.152353881807337	0.19223939966523002
speech	uenulus	2	-0.152353881807337	0.19223939966523002
speech	serranus	2	-0.152353881807337	0.19223939966523002
speech	fertilis	2	-0.152353881807337	0.19223939966523002
speech	gaesum	2	-0.152353881807337	0.19223939966523002
speech	assyrius	2	-0.152353881807337	0.19223939966523002
speech	alpheus	2	-0.152353881807337	0.19223939966523002
speech	deturbo	2	-0.152353881807337	0.19223939966523002
speech	clam	2	-0.152353881807337	0.19223939966523002
speech	conticesco	2	-0.152353881807337	0.19223939966523002
speech	alpinus	2	-0.152353881807337	0.19223939966523002
speech	rudens	2	-0.152353881807337	0.19223939966523002
speech	tepesco	2	-0.152353881807337	0.19223939966523002
speech	cerealis	2	-0.152353881807337	0.19223939966523002
speech	corymbus	2	-0.152353881807337	0.19223939966523002
speech	attraho	2	-0.152353881807337	0.19223939966523002
speech	caucaseus	2	-0.152353881807337	0.19223939966523002
speech	construo	2	-0.152353881807337	0.19223939966523002
speech	quieto	2	-0.152353881807337	0.19223939966523002
speech	imperito	2	-0.152353881807337	0.19223939966523002
speech	uocalis	2	-0.152353881807337	0.19223939966523002
speech	metellus	2	-0.152353881807337	0.19223939966523002
speech	exsequor	2	-0.152353881807337	0.19223939966523002
speech	styrus	2	-0.152353881807337	0.19223939966523002
speech	olens	2	-0.152353881807337	0.19223939966523002
speech	gnarus	2	-0.152353881807337	0.19223939966523002
speech	infamis	2	-0.152353881807337	0.19223939966523002
speech	ferrugo	2	-0.152353881807337	0.19223939966523002
speech	circo	2	-0.152353881807337	0.19223939966523002
speech	ogygia	2	-0.152353881807337	0.19223939966523002
speech	nerei	2	-0.152353881807337	0.19223939966523002
speech	subligo	2	-0.152353881807337	0.19223939966523002
speech	mansuesco	2	-0.152353881807337	0.19223939966523002
speech	marus	2	-0.152353881807337	0.19223939966523002
speech	calo	2	-0.152353881807337	0.19223939966523002
speech	adsimulo	2	-0.152353881807337	0.19223939966523002
speech	proueho	2	-0.152353881807337	0.19223939966523002
speech	cadmea	2	-0.152353881807337	0.19223939966523002
speech	neoptolemus	2	-0.152353881807337	0.19223939966523002
speech	cubitum	2	-0.152353881807337	0.19223939966523002
speech	senior	2	-0.152353881807337	0.19223939966523002
speech	bebrycia	2	-0.152353881807337	0.19223939966523002
speech	fortunatus	2	-0.152353881807337	0.19223939966523002
speech	ambitus	2	-0.152353881807337	0.19223939966523002
speech	adfundo	2	-0.152353881807337	0.19223939966523002
speech	umbra	153	-0.152697990958209	0.1922194728425357
speech	inualidus	5	-0.153193383249459	0.19219078544980922
speech	inmotus	5	-0.153193383249459	0.19219078544980922
speech	gramineus	5	-0.153193383249459	0.19219078544980922
speech	oenides	5	-0.153193383249459	0.19219078544980922
speech	incola	5	-0.153193383249459	0.19219078544980922
speech	sal	5	-0.153193383249459	0.19219078544980922
speech	ossa	5	-0.153193383249459	0.19219078544980922
speech	repostus	5	-0.153193383249459	0.19219078544980922
speech	alcyone	5	-0.153193383249459	0.19219078544980922
speech	refundo	5	-0.153193383249459	0.19219078544980922
speech	prouidus	5	-0.153193383249459	0.19219078544980922
speech	exulto	5	-0.153193383249459	0.19219078544980922
speech	sudis	5	-0.153193383249459	0.19219078544980922
speech	repens	21	-0.153861028722397	0.19215212314475813
speech	sulcus	6	-0.156650086553218	0.1919906131682346
speech	uolumen	6	-0.156650086553218	0.1919906131682346
speech	inopinus	6	-0.156650086553218	0.1919906131682346
speech	furtim	6	-0.156650086553218	0.1919906131682346
speech	aspergo	6	-0.156650086553218	0.1919906131682346
speech	aquilo	6	-0.156650086553218	0.1919906131682346
speech	infringo	6	-0.156650086553218	0.1919906131682346
speech	frequens	6	-0.156650086553218	0.1919906131682346
speech	mel	6	-0.156650086553218	0.1919906131682346
speech	cutis	6	-0.156650086553218	0.1919906131682346
speech	conlapsus	6	-0.156650086553218	0.1919906131682346
speech	aeolius	6	-0.156650086553218	0.1919906131682346
speech	canities	6	-0.156650086553218	0.1919906131682346
speech	camilla	6	-0.156650086553218	0.1919906131682346
speech	necdum	15	-0.156831009377894	0.1919801362104451
speech	atrides	15	-0.156831009377894	0.1919801362104451
speech	mos	69	-0.158826597001635	0.1918645748525201
speech	ferrum	142	-0.158848871620945	0.19186328496415633
speech	romanus	22	-0.158968906020412	0.19185633395983304
speech	congero	7	-0.160517895316076	0.19176663441254746
speech	crassus	7	-0.160517895316076	0.19176663441254746
speech	intactus	7	-0.160517895316076	0.19176663441254746
speech	areo	7	-0.160517895316076	0.19176663441254746
speech	gentilis	7	-0.160517895316076	0.19176663441254746
speech	praesagus	7	-0.160517895316076	0.19176663441254746
speech	abigo	7	-0.160517895316076	0.19176663441254746
speech	sicco	7	-0.160517895316076	0.19176663441254746
speech	rex	182	-0.160860973840638	0.19174676727181075
speech	fortis	55	-0.161494380807888	0.1917100876650705
speech	ara	84	-0.161633096823734	0.19170205483756325
speech	dido	16	-0.161975822427112	0.19168220813394027
speech	tirynthius	16	-0.161975822427112	0.19168220813394027
speech	uinculum	16	-0.161975822427112	0.19168220813394027
speech	nexus	8	-0.164597230679723	0.19153040648226452
speech	praetereo	8	-0.164597230679723	0.19153040648226452
speech	numero	8	-0.164597230679723	0.19153040648226452
speech	hio	8	-0.164597230679723	0.19153040648226452
speech	grandis	8	-0.164597230679723	0.19153040648226452
speech	thermodon	1	-0.166957467071747	0.19139372888452766
speech	learchus	1	-0.166957467071747	0.19139372888452766
speech	insumo	1	-0.166957467071747	0.19139372888452766
speech	sabellus	1	-0.166957467071747	0.19139372888452766
speech	eumenis	1	-0.166957467071747	0.19139372888452766
speech	lapidosus	1	-0.166957467071747	0.19139372888452766
speech	conseruo	1	-0.166957467071747	0.19139372888452766
speech	fidelis	1	-0.166957467071747	0.19139372888452766
speech	actorides	1	-0.166957467071747	0.19139372888452766
speech	ministra	1	-0.166957467071747	0.19139372888452766
speech	palladus	1	-0.166957467071747	0.19139372888452766
speech	hernicus	1	-0.166957467071747	0.19139372888452766
speech	uadosus	1	-0.166957467071747	0.19139372888452766
speech	caurus	1	-0.166957467071747	0.19139372888452766
speech	erymanthus	1	-0.166957467071747	0.19139372888452766
speech	eundus	1	-0.166957467071747	0.19139372888452766
speech	interfundo	1	-0.166957467071747	0.19139372888452766
speech	lamus	1	-0.166957467071747	0.19139372888452766
speech	euito	1	-0.166957467071747	0.19139372888452766
speech	sagittifer	1	-0.166957467071747	0.19139372888452766
speech	parthenope	1	-0.166957467071747	0.19139372888452766
speech	intepeo	1	-0.166957467071747	0.19139372888452766
speech	phrygae	1	-0.166957467071747	0.19139372888452766
speech	exequialis	1	-0.166957467071747	0.19139372888452766
speech	adpropero	1	-0.166957467071747	0.19139372888452766
speech	septemplice	1	-0.166957467071747	0.19139372888452766
speech	anienes	1	-0.166957467071747	0.19139372888452766
speech	phlegethontes	1	-0.166957467071747	0.19139372888452766
speech	lemnia	1	-0.166957467071747	0.19139372888452766
speech	rudimentum	1	-0.166957467071747	0.19139372888452766
speech	latagus	1	-0.166957467071747	0.19139372888452766
speech	adsequor	1	-0.166957467071747	0.19139372888452766
speech	tenuissimus	1	-0.166957467071747	0.19139372888452766
speech	misereo	1	-0.166957467071747	0.19139372888452766
speech	thetidus	1	-0.166957467071747	0.19139372888452766
speech	conligo	1	-0.166957467071747	0.19139372888452766
speech	damnosus	1	-0.166957467071747	0.19139372888452766
speech	phocaicus	1	-0.166957467071747	0.19139372888452766
speech	hippotades	1	-0.166957467071747	0.19139372888452766
speech	dareta	1	-0.166957467071747	0.19139372888452766
speech	aesone	1	-0.166957467071747	0.19139372888452766
speech	funalis	1	-0.166957467071747	0.19139372888452766
speech	congelo	1	-0.166957467071747	0.19139372888452766
speech	studiosus	1	-0.166957467071747	0.19139372888452766
speech	sentis	1	-0.166957467071747	0.19139372888452766
speech	plumo	1	-0.166957467071747	0.19139372888452766
speech	uaticinor	1	-0.166957467071747	0.19139372888452766
speech	adprendo	1	-0.166957467071747	0.19139372888452766
speech	plenissimus	1	-0.166957467071747	0.19139372888452766
speech	aesculus	1	-0.166957467071747	0.19139372888452766
speech	pleuron	1	-0.166957467071747	0.19139372888452766
speech	ao	1	-0.166957467071747	0.19139372888452766
speech	pliades	1	-0.166957467071747	0.19139372888452766
speech	gementum	1	-0.166957467071747	0.19139372888452766
speech	uillus	1	-0.166957467071747	0.19139372888452766
speech	phlegyan	1	-0.166957467071747	0.19139372888452766
speech	repagulum	1	-0.166957467071747	0.19139372888452766
speech	adplico	1	-0.166957467071747	0.19139372888452766
speech	tullus	1	-0.166957467071747	0.19139372888452766
speech	antenor	1	-0.166957467071747	0.19139372888452766
speech	uulturnus	1	-0.166957467071747	0.19139372888452766
speech	orio	1	-0.166957467071747	0.19139372888452766
speech	lemnius	1	-0.166957467071747	0.19139372888452766
speech	uector	1	-0.166957467071747	0.19139372888452766
speech	aeripes	1	-0.166957467071747	0.19139372888452766
speech	aerisonus	1	-0.166957467071747	0.19139372888452766
speech	deipyle	1	-0.166957467071747	0.19139372888452766
speech	sura	1	-0.166957467071747	0.19139372888452766
speech	pallesco	1	-0.166957467071747	0.19139372888452766
speech	rubo	1	-0.166957467071747	0.19139372888452766
speech	pandio	1	-0.166957467071747	0.19139372888452766
speech	comperio	1	-0.166957467071747	0.19139372888452766
speech	sybaris	1	-0.166957467071747	0.19139372888452766
speech	umbrus	1	-0.166957467071747	0.19139372888452766
speech	cuna	1	-0.166957467071747	0.19139372888452766
speech	cynosura	1	-0.166957467071747	0.19139372888452766
speech	adclo	1	-0.166957467071747	0.19139372888452766
speech	pharus	1	-0.166957467071747	0.19139372888452766
speech	phoceus	1	-0.166957467071747	0.19139372888452766
speech	tranquillus	1	-0.166957467071747	0.19139372888452766
speech	famaue	1	-0.166957467071747	0.19139372888452766
speech	suffragium	1	-0.166957467071747	0.19139372888452766
speech	conlectus	1	-0.166957467071747	0.19139372888452766
speech	muscus	1	-0.166957467071747	0.19139372888452766
speech	apertum	1	-0.166957467071747	0.19139372888452766
speech	parnasos	1	-0.166957467071747	0.19139372888452766
speech	philippus	1	-0.166957467071747	0.19139372888452766
speech	cunctandus	1	-0.166957467071747	0.19139372888452766
speech	brachium	1	-0.166957467071747	0.19139372888452766
speech	fuco	1	-0.166957467071747	0.19139372888452766
speech	clusinus	1	-0.166957467071747	0.19139372888452766
speech	credulitas	1	-0.166957467071747	0.19139372888452766
speech	gestus	1	-0.166957467071747	0.19139372888452766
speech	meleagre	1	-0.166957467071747	0.19139372888452766
speech	siluanus	1	-0.166957467071747	0.19139372888452766
speech	aegyptius	1	-0.166957467071747	0.19139372888452766
speech	amycla	1	-0.166957467071747	0.19139372888452766
speech	inmixtus	1	-0.166957467071747	0.19139372888452766
speech	melas	1	-0.166957467071747	0.19139372888452766
speech	aegyptus	1	-0.166957467071747	0.19139372888452766
speech	adultus	1	-0.166957467071747	0.19139372888452766
speech	diuiduus	1	-0.166957467071747	0.19139372888452766
speech	uelinus	1	-0.166957467071747	0.19139372888452766
speech	percenseo	1	-0.166957467071747	0.19139372888452766
speech	pasiphae	1	-0.166957467071747	0.19139372888452766
speech	recingo	1	-0.166957467071747	0.19139372888452766
speech	traduco	1	-0.166957467071747	0.19139372888452766
speech	neco	1	-0.166957467071747	0.19139372888452766
speech	signifer	1	-0.166957467071747	0.19139372888452766
speech	drances	1	-0.166957467071747	0.19139372888452766
speech	lycaonia	1	-0.166957467071747	0.19139372888452766
speech	improuidus	1	-0.166957467071747	0.19139372888452766
speech	doryla	1	-0.166957467071747	0.19139372888452766
speech	fugieno	1	-0.166957467071747	0.19139372888452766
speech	imum	1	-0.166957467071747	0.19139372888452766
speech	rhipaea	1	-0.166957467071747	0.19139372888452766
speech	ultricius	1	-0.166957467071747	0.19139372888452766
speech	peneus	1	-0.166957467071747	0.19139372888452766
speech	patroclus	1	-0.166957467071747	0.19139372888452766
speech	cicones	1	-0.166957467071747	0.19139372888452766
speech	fructus	1	-0.166957467071747	0.19139372888452766
speech	hyades	1	-0.166957467071747	0.19139372888452766
speech	correpo	1	-0.166957467071747	0.19139372888452766
speech	accensus	1	-0.166957467071747	0.19139372888452766
speech	nemoralis	1	-0.166957467071747	0.19139372888452766
speech	alcmena	1	-0.166957467071747	0.19139372888452766
speech	praeneste	1	-0.166957467071747	0.19139372888452766
speech	nerea	1	-0.166957467071747	0.19139372888452766
speech	exspatio	1	-0.166957467071747	0.19139372888452766
speech	lusus	1	-0.166957467071747	0.19139372888452766
speech	epirus	1	-0.166957467071747	0.19139372888452766
speech	oeta	1	-0.166957467071747	0.19139372888452766
speech	exsors	1	-0.166957467071747	0.19139372888452766
speech	refluus	1	-0.166957467071747	0.19139372888452766
speech	siquidem	1	-0.166957467071747	0.19139372888452766
speech	eurydice	1	-0.166957467071747	0.19139372888452766
speech	oetaeus	1	-0.166957467071747	0.19139372888452766
speech	lyctius	1	-0.166957467071747	0.19139372888452766
speech	flendus	1	-0.166957467071747	0.19139372888452766
speech	hortamen	1	-0.166957467071747	0.19139372888452766
speech	tarentum	1	-0.166957467071747	0.19139372888452766
speech	heber	1	-0.166957467071747	0.19139372888452766
speech	coruus	1	-0.166957467071747	0.19139372888452766
speech	camillus	1	-0.166957467071747	0.19139372888452766
speech	aduoluo	1	-0.166957467071747	0.19139372888452766
speech	dissensus	1	-0.166957467071747	0.19139372888452766
speech	euboea	1	-0.166957467071747	0.19139372888452766
speech	indefessus	1	-0.166957467071747	0.19139372888452766
speech	chorda	1	-0.166957467071747	0.19139372888452766
speech	incustodio	1	-0.166957467071747	0.19139372888452766
speech	grus	1	-0.166957467071747	0.19139372888452766
speech	tiburtius	1	-0.166957467071747	0.19139372888452766
speech	ticinum	1	-0.166957467071747	0.19139372888452766
speech	melaneus	1	-0.166957467071747	0.19139372888452766
speech	recepto	1	-0.166957467071747	0.19139372888452766
speech	nitesco	1	-0.166957467071747	0.19139372888452766
speech	odrysia	1	-0.166957467071747	0.19139372888452766
speech	opertus	1	-0.166957467071747	0.19139372888452766
speech	arcadus	1	-0.166957467071747	0.19139372888452766
speech	illac	1	-0.166957467071747	0.19139372888452766
speech	immedicabilis	1	-0.166957467071747	0.19139372888452766
speech	uolubilis	1	-0.166957467071747	0.19139372888452766
speech	pernox	1	-0.166957467071747	0.19139372888452766
speech	consonus	1	-0.166957467071747	0.19139372888452766
speech	spercheos	1	-0.166957467071747	0.19139372888452766
speech	posthabeo	1	-0.166957467071747	0.19139372888452766
speech	proluo	1	-0.166957467071747	0.19139372888452766
speech	thybridis	1	-0.166957467071747	0.19139372888452766
speech	arquitenens	1	-0.166957467071747	0.19139372888452766
speech	transitus	1	-0.166957467071747	0.19139372888452766
speech	consolor	1	-0.166957467071747	0.19139372888452766
speech	oberro	1	-0.166957467071747	0.19139372888452766
speech	uenalis	1	-0.166957467071747	0.19139372888452766
speech	egerius	1	-0.166957467071747	0.19139372888452766
speech	effringo	1	-0.166957467071747	0.19139372888452766
speech	facundia	1	-0.166957467071747	0.19139372888452766
speech	effrenus	1	-0.166957467071747	0.19139372888452766
speech	tlepolemus	1	-0.166957467071747	0.19139372888452766
speech	insatiabilis	1	-0.166957467071747	0.19139372888452766
speech	naufragium	1	-0.166957467071747	0.19139372888452766
speech	idcirco	1	-0.166957467071747	0.19139372888452766
speech	effreno	1	-0.166957467071747	0.19139372888452766
speech	eurotas	1	-0.166957467071747	0.19139372888452766
speech	turgeo	1	-0.166957467071747	0.19139372888452766
speech	titanus	1	-0.166957467071747	0.19139372888452766
speech	prothous	1	-0.166957467071747	0.19139372888452766
speech	impense	1	-0.166957467071747	0.19139372888452766
speech	deploro	1	-0.166957467071747	0.19139372888452766
speech	rhea	1	-0.166957467071747	0.19139372888452766
speech	refigo	1	-0.166957467071747	0.19139372888452766
speech	marmaridus	1	-0.166957467071747	0.19139372888452766
speech	pyrrha	1	-0.166957467071747	0.19139372888452766
speech	taygetus	1	-0.166957467071747	0.19139372888452766
speech	abaris	1	-0.166957467071747	0.19139372888452766
speech	trietericus	1	-0.166957467071747	0.19139372888452766
speech	clausus	1	-0.166957467071747	0.19139372888452766
speech	satus	1	-0.166957467071747	0.19139372888452766
speech	nouiens	1	-0.166957467071747	0.19139372888452766
speech	dumetum	1	-0.166957467071747	0.19139372888452766
speech	tureus	1	-0.166957467071747	0.19139372888452766
speech	transformo	1	-0.166957467071747	0.19139372888452766
speech	sumptus	1	-0.166957467071747	0.19139372888452766
speech	impendeo	1	-0.166957467071747	0.19139372888452766
speech	claresco	1	-0.166957467071747	0.19139372888452766
speech	taurinus	1	-0.166957467071747	0.19139372888452766
speech	fallacia	1	-0.166957467071747	0.19139372888452766
speech	iapetus	1	-0.166957467071747	0.19139372888452766
speech	reuomo	1	-0.166957467071747	0.19139372888452766
speech	emereo	1	-0.166957467071747	0.19139372888452766
speech	inuado	30	-0.168595032684422	0.1912989000212692
speech	color	24	-0.168753759555996	0.19128970839640638
speech	pabulum	9	-0.168777841866349	0.1912883138274818
speech	tenus	9	-0.168777841866349	0.1912883138274818
speech	orbis	91	-0.169566279336823	0.19124265664678824
speech	linquo	52	-0.169868656804502	0.19122514644059374
speech	latinus	36	-0.169931053657317	0.19122153313644424
speech	infernus	10	-0.172995708210978	0.19104406378477115
speech	cycnus	10	-0.172995708210978	0.19104406378477115
speech	cano	58	-0.173363110257101	0.1910227881069461
speech	herculeus	25	-0.173452535758521	0.1910176096160323
speech	sacer	74	-0.177186547954268	0.19080137881027084
speech	fauor	11	-0.177212407188905	0.19079988134244033
speech	tingo	11	-0.177212407188905	0.19079988134244033
speech	stagnum	32	-0.177596135234883	0.1907776602514997
speech	nauis	20	-0.181100970584525	0.19057470071843297
speech	imitor	12	-0.181404436313456	0.19055712749273154
speech	autem	33	-0.181951040393615	0.19052547450541138
speech	tyrrhenus	21	-0.185574937041446	0.19031562031879432
speech	soleo	62	-0.188421605732615	0.1901507741874591
speech	proelium	92	-0.188678372061751	0.1901359052509557
speech	inicio	14	-0.189662323047167	0.19007892618842115
speech	inops	14	-0.189662323047167	0.19007892618842115
speech	tigris	14	-0.189662323047167	0.19007892618842115
speech	agito	29	-0.191156668029503	0.1899923910078494
speech	ignotus	29	-0.191156668029503	0.1899923910078494
speech	flatus	15	-0.193714208366274	0.18984428784728197
speech	spolium	23	-0.194214379493202	0.1898153237196561
speech	polus	30	-0.195344104218286	0.18974990312786696
speech	danai	16	-0.197710181475086	0.1896128872947868
speech	ita	31	-0.199447442422424	0.18951228523063485
speech	asper	49	-0.200037522524838	0.18947811461486821
speech	superus	148	-0.201003337568703	0.18942218577634184
speech	populus	96	-0.20143661035248	0.18939709562712986
speech	profundus	17	-0.20164898294732	0.18938479746234183
speech	deduco	17	-0.20164898294732	0.18938479746234183
speech	suspendo	17	-0.20164898294732	0.18938479746234183
speech	caelum	185	-0.202414802582141	0.1893404500451336
speech	flos	25	-0.202486119335815	0.1893363202034773
speech	alter	56	-0.205377004384004	0.18916891357206736
speech	uinum	18	-0.205530385339575	0.18916003152083855
speech	misero	18	-0.205530385339575	0.18916003152083855
speech	tandem	88	-0.207534573401611	0.1890439721249841
speech	rutulus	19	-0.209354845735181	0.18893856300129636
speech	sol	63	-0.210833278035429	0.18885294929925475
speech	repeto	34	-0.211298296506749	0.18882602080693167
speech	iacto	34	-0.211298296506749	0.18882602080693167
speech	hilaris	6	-0.211466624135293	0.1888162732172496
speech	minitor	6	-0.211466624135293	0.1888162732172496
speech	utilis	6	-0.211466624135293	0.1888162732172496
speech	emetior	6	-0.211466624135293	0.1888162732172496
speech	accio	6	-0.211466624135293	0.1888162732172496
speech	uitis	6	-0.211466624135293	0.1888162732172496
speech	strepitus	6	-0.211466624135293	0.1888162732172496
speech	dissimulo	6	-0.211466624135293	0.1888162732172496
speech	argus	6	-0.211466624135293	0.1888162732172496
speech	aduento	6	-0.211466624135293	0.1888162732172496
speech	pyra	6	-0.211466624135293	0.1888162732172496
speech	posterus	7	-0.211770224689934	0.1887986921840022
speech	no	7	-0.211770224689934	0.1887986921840022
speech	marcellus	7	-0.211770224689934	0.1887986921840022
speech	remotus	7	-0.211770224689934	0.1887986921840022
speech	iugulo	7	-0.211770224689934	0.1887986921840022
speech	grandaeuus	5	-0.212433146277358	0.18876030343177244
speech	gestamen	5	-0.212433146277358	0.18876030343177244
speech	consequor	5	-0.212433146277358	0.18876030343177244
speech	constituo	5	-0.212433146277358	0.18876030343177244
speech	latro	5	-0.212433146277358	0.18876030343177244
speech	exter	5	-0.212433146277358	0.18876030343177244
speech	excludo	5	-0.212433146277358	0.18876030343177244
speech	fungor	5	-0.212433146277358	0.18876030343177244
speech	decoro	5	-0.212433146277358	0.18876030343177244
speech	lycus	5	-0.212433146277358	0.18876030343177244
speech	iuratus	5	-0.212433146277358	0.18876030343177244
speech	flaueo	5	-0.212433146277358	0.18876030343177244
speech	succingo	5	-0.212433146277358	0.18876030343177244
speech	recurro	5	-0.212433146277358	0.18876030343177244
speech	tuto	5	-0.212433146277358	0.18876030343177244
speech	pecten	5	-0.212433146277358	0.18876030343177244
speech	pascuum	5	-0.212433146277358	0.18876030343177244
speech	feto	5	-0.212433146277358	0.18876030343177244
speech	opprimo	5	-0.212433146277358	0.18876030343177244
speech	inueho	8	-0.21289903036739	0.18873332481282368
speech	lentus	8	-0.21289903036739	0.18873332481282368
speech	nilus	8	-0.21289903036739	0.18873332481282368
speech	triplex	8	-0.21289903036739	0.18873332481282368
speech	fluuius	28	-0.214296931571899	0.18865237454057493
speech	aper	9	-0.214585217127206	0.18863568037498427
speech	actus	9	-0.214585217127206	0.18863568037498427
speech	haemonius	9	-0.214585217127206	0.18863568037498427
speech	curo	9	-0.214585217127206	0.18863568037498427
speech	transmitto	9	-0.214585217127206	0.18863568037498427
speech	nectar	4	-0.215465352922293	0.1885847130877408
speech	mordeo	4	-0.215465352922293	0.1885847130877408
speech	discerno	4	-0.215465352922293	0.1885847130877408
speech	cultor	4	-0.215465352922293	0.1885847130877408
speech	tabes	4	-0.215465352922293	0.1885847130877408
speech	fulgur	4	-0.215465352922293	0.1885847130877408
speech	effulgeo	4	-0.215465352922293	0.1885847130877408
speech	lycurgus	4	-0.215465352922293	0.1885847130877408
speech	territo	4	-0.215465352922293	0.1885847130877408
speech	semianimis	4	-0.215465352922293	0.1885847130877408
speech	ablatus	4	-0.215465352922293	0.1885847130877408
speech	compages	4	-0.215465352922293	0.1885847130877408
speech	echionius	4	-0.215465352922293	0.1885847130877408
speech	gutta	4	-0.215465352922293	0.1885847130877408
speech	glacies	4	-0.215465352922293	0.1885847130877408
speech	daunius	4	-0.215465352922293	0.1885847130877408
speech	exhortor	4	-0.215465352922293	0.1885847130877408
speech	pratum	4	-0.215465352922293	0.1885847130877408
speech	sidus	76	-0.218581665185469	0.18840425231890928
speech	expello	11	-0.219005635228813	0.18837970087684505
speech	latebra	11	-0.219005635228813	0.18837970087684505
speech	diuido	11	-0.219005635228813	0.18837970087684505
speech	excelsus	11	-0.219005635228813	0.18837970087684505
speech	exigo	22	-0.220496997257683	0.18829333843444276
speech	senatus	12	-0.221549175287745	0.18823240845046899
speech	uirga	12	-0.221549175287745	0.18823240845046899
speech	tono	30	-0.221822376532154	0.18821658779372852
speech	malus	30	-0.221822376532154	0.18821658779372852
speech	circaeus	3	-0.222140678989607	0.188198155396285
speech	pylius	3	-0.222140678989607	0.188198155396285
speech	expugno	3	-0.222140678989607	0.188198155396285
speech	arcadia	3	-0.222140678989607	0.188198155396285
speech	uixdum	3	-0.222140678989607	0.188198155396285
speech	maeonius	3	-0.222140678989607	0.188198155396285
speech	forum	3	-0.222140678989607	0.188198155396285
speech	curuamen	3	-0.222140678989607	0.188198155396285
speech	indus	3	-0.222140678989607	0.188198155396285
speech	ganges	3	-0.222140678989607	0.188198155396285
speech	uesanus	3	-0.222140678989607	0.188198155396285
speech	polleo	3	-0.222140678989607	0.188198155396285
speech	inspiro	3	-0.222140678989607	0.188198155396285
speech	pineus	3	-0.222140678989607	0.188198155396285
speech	scitor	3	-0.222140678989607	0.188198155396285
speech	acumen	3	-0.222140678989607	0.188198155396285
speech	aeaeus	3	-0.222140678989607	0.188198155396285
speech	uecto	3	-0.222140678989607	0.188198155396285
speech	iuturna	3	-0.222140678989607	0.188198155396285
speech	squalidus	3	-0.222140678989607	0.188198155396285
speech	leaena	3	-0.222140678989607	0.188198155396285
speech	exordium	3	-0.222140678989607	0.188198155396285
speech	supernus	3	-0.222140678989607	0.188198155396285
speech	feretrum	3	-0.222140678989607	0.188198155396285
speech	uiolentia	3	-0.222140678989607	0.188198155396285
speech	hirsutus	3	-0.222140678989607	0.188198155396285
speech	conitor	3	-0.222140678989607	0.188198155396285
speech	propere	13	-0.224234282802381	0.18807691807416352
speech	educo	13	-0.224234282802381	0.18807691807416352
speech	condo	56	-0.225144481150164	0.1880242099115153
speech	formido	31	-0.225491132742298	0.18800413586002426
speech	lento	14	-0.227021427295824	0.18791551889601482
speech	digitus	14	-0.227021427295824	0.18791551889601482
speech	murmuro	15	-0.229881546814379	0.1877498938483046
speech	summa	15	-0.229881546814379	0.1877498938483046
speech	latius	16	-0.232792943510979	0.18758129941941815
speech	laudo	16	-0.232792943510979	0.18758129941941815
speech	cor	64	-0.23279501240111	0.18758117961322668
speech	tristis	86	-0.233384241755657	0.18754705826293833
speech	stringo	26	-0.234633291092636	0.18747472776951402
speech	uastus	47	-0.235314488141957	0.18743528071387108
speech	hister	2	-0.236116248118365	0.1873888520476971
speech	boii	2	-0.236116248118365	0.1873888520476971
speech	palaemon	2	-0.236116248118365	0.1873888520476971
speech	spatior	2	-0.236116248118365	0.1873888520476971
speech	concauus	2	-0.236116248118365	0.1873888520476971
speech	manifesto	2	-0.236116248118365	0.1873888520476971
speech	inroro	2	-0.236116248118365	0.1873888520476971
speech	euanesco	2	-0.236116248118365	0.1873888520476971
speech	deiphobus	2	-0.236116248118365	0.1873888520476971
speech	rhoetus	2	-0.236116248118365	0.1873888520476971
speech	tremeo	2	-0.236116248118365	0.1873888520476971
speech	exupero	2	-0.236116248118365	0.1873888520476971
speech	sequax	2	-0.236116248118365	0.1873888520476971
speech	uestio	2	-0.236116248118365	0.1873888520476971
speech	configo	2	-0.236116248118365	0.1873888520476971
speech	ruber	2	-0.236116248118365	0.1873888520476971
speech	opperior	2	-0.236116248118365	0.1873888520476971
speech	phrixeus	2	-0.236116248118365	0.1873888520476971
speech	immobilis	2	-0.236116248118365	0.1873888520476971
speech	caminus	2	-0.236116248118365	0.1873888520476971
speech	censeo	2	-0.236116248118365	0.1873888520476971
speech	singulto	2	-0.236116248118365	0.1873888520476971
speech	perspicuus	2	-0.236116248118365	0.1873888520476971
speech	resonantia	2	-0.236116248118365	0.1873888520476971
speech	uestibulum	2	-0.236116248118365	0.1873888520476971
speech	renideo	2	-0.236116248118365	0.1873888520476971
speech	massyla	2	-0.236116248118365	0.1873888520476971
speech	fusco	2	-0.236116248118365	0.1873888520476971
speech	colchi	2	-0.236116248118365	0.1873888520476971
speech	inhio	2	-0.236116248118365	0.1873888520476971
speech	caphereus	2	-0.236116248118365	0.1873888520476971
speech	calpe	2	-0.236116248118365	0.1873888520476971
speech	coniunctum	2	-0.236116248118365	0.1873888520476971
speech	auarus	2	-0.236116248118365	0.1873888520476971
speech	incuruo	2	-0.236116248118365	0.1873888520476971
speech	campanus	2	-0.236116248118365	0.1873888520476971
speech	hinnitus	2	-0.236116248118365	0.1873888520476971
speech	prospectus	2	-0.236116248118365	0.1873888520476971
speech	palmes	2	-0.236116248118365	0.1873888520476971
speech	rigesco	2	-0.236116248118365	0.1873888520476971
speech	incalesco	2	-0.236116248118365	0.1873888520476971
speech	quadripes	2	-0.236116248118365	0.1873888520476971
speech	amoenus	2	-0.236116248118365	0.1873888520476971
speech	brutus	2	-0.236116248118365	0.1873888520476971
speech	recenseo	2	-0.236116248118365	0.1873888520476971
speech	ruricola	2	-0.236116248118365	0.1873888520476971
speech	primoris	2	-0.236116248118365	0.1873888520476971
speech	agna	2	-0.236116248118365	0.1873888520476971
speech	nemeaeus	2	-0.236116248118365	0.1873888520476971
speech	acastus	2	-0.236116248118365	0.1873888520476971
speech	amphiara	2	-0.236116248118365	0.1873888520476971
speech	diffido	2	-0.236116248118365	0.1873888520476971
speech	cautus	2	-0.236116248118365	0.1873888520476971
speech	multiplico	2	-0.236116248118365	0.1873888520476971
speech	sarpedon	2	-0.236116248118365	0.1873888520476971
speech	epulor	2	-0.236116248118365	0.1873888520476971
speech	menelaus	2	-0.236116248118365	0.1873888520476971
speech	argenteus	2	-0.236116248118365	0.1873888520476971
speech	actaea	2	-0.236116248118365	0.1873888520476971
speech	matrona	2	-0.236116248118365	0.1873888520476971
speech	prae	2	-0.236116248118365	0.1873888520476971
speech	contego	2	-0.236116248118365	0.1873888520476971
speech	afer	2	-0.236116248118365	0.1873888520476971
speech	adfigo	2	-0.236116248118365	0.1873888520476971
speech	praeuenio	2	-0.236116248118365	0.1873888520476971
speech	procris	2	-0.236116248118365	0.1873888520476971
speech	dira	2	-0.236116248118365	0.1873888520476971
speech	syphax	2	-0.236116248118365	0.1873888520476971
speech	nonus	2	-0.236116248118365	0.1873888520476971
speech	intumesco	2	-0.236116248118365	0.1873888520476971
speech	adsilo	2	-0.236116248118365	0.1873888520476971
speech	silentum	2	-0.236116248118365	0.1873888520476971
speech	bis	41	-0.236724856506725	0.18735360848787205
speech	taurus	48	-0.238704605599113	0.1872389643145241
speech	aula	18	-0.238707800852301	0.18723877928240978
speech	raptum	18	-0.238707800852301	0.18723877928240978
speech	anchises	19	-0.241689051751292	0.18706613970592417
speech	tener	20	-0.244675455931544	0.18689320171098117
speech	anguis	30	-0.24803597702213	0.18669859919092957
speech	ocior	22	-0.25064156701499	0.1865477135499341
speech	amnis	76	-0.252649059191016	0.1864314628180066
speech	imus	39	-0.252936837864588	0.18641479800514435
speech	caput	125	-0.255809154873556	0.1862484666198428
speech	dea	83	-0.256775540926958	0.18619250471504728
speech	pelagus	54	-0.258167162038748	0.18611191811314498
speech	ante	166	-0.258951386356502	0.18606650490953552
speech	capaneus	9	-0.259000307499321	0.18606367196267407
speech	desuper	9	-0.259000307499321	0.18606367196267407
speech	uito	9	-0.259000307499321	0.18606367196267407
speech	nobilis	9	-0.259000307499321	0.18606367196267407
speech	guttur	10	-0.259115569573682	0.18605699731623312
speech	adloquor	10	-0.259115569573682	0.18605699731623312
speech	comprimo	8	-0.25956822844375	0.18603078454908648
speech	tenebrae	8	-0.25956822844375	0.18603078454908648
speech	aerius	8	-0.25956822844375	0.18603078454908648
speech	percello	8	-0.25956822844375	0.18603078454908648
speech	induco	11	-0.259741681315597	0.18602074016458128
speech	floreo	11	-0.259741681315597	0.18602074016458128
speech	gesto	12	-0.260757029829523	0.18596194292028065
speech	uetustus	7	-0.261071682016712	0.1859437219042786
speech	puter	7	-0.261071682016712	0.1859437219042786
speech	stella	7	-0.261071682016712	0.1859437219042786
speech	parcus	7	-0.261071682016712	0.1859437219042786
speech	crepito	7	-0.261071682016712	0.1859437219042786
speech	adytum	7	-0.261071682016712	0.1859437219042786
speech	rideo	13	-0.262073445631084	0.18588571134026255
speech	struo	13	-0.262073445631084	0.18588571134026255
speech	altar	13	-0.262073445631084	0.18588571134026255
speech	tueor	26	-0.262448987795309	0.18586396428093044
speech	immensus	14	-0.263625545075284	0.18579583168913993
speech	insigne	14	-0.263625545075284	0.18579583168913993
speech	celo	14	-0.263625545075284	0.18579583168913993
speech	expono	6	-0.263895508110535	0.18578019855202685
speech	perfectus	6	-0.263895508110535	0.18578019855202685
speech	perfringo	6	-0.263895508110535	0.18578019855202685
speech	circumfundo	6	-0.263895508110535	0.18578019855202685
speech	praecipuus	6	-0.263895508110535	0.18578019855202685
speech	offero	15	-0.265363904370452	0.1856951660213831
speech	praebeo	16	-0.267250545996077	0.18558591355580287
speech	maternus	16	-0.267250545996077	0.18558591355580287
speech	alternus	16	-0.267250545996077	0.18558591355580287
speech	licentia	1	-0.268489404117319	0.18551417321974148
speech	pedester	1	-0.268489404117319	0.18551417321974148
speech	marinus	1	-0.268489404117319	0.18551417321974148
speech	amazon	1	-0.268489404117319	0.18551417321974148
speech	samnis	1	-0.268489404117319	0.18551417321974148
speech	exiguum	1	-0.268489404117319	0.18551417321974148
speech	exululo	1	-0.268489404117319	0.18551417321974148
speech	gades	1	-0.268489404117319	0.18551417321974148
speech	perflo	1	-0.268489404117319	0.18551417321974148
speech	uiduus	1	-0.268489404117319	0.18551417321974148
speech	maculosus	1	-0.268489404117319	0.18551417321974148
speech	luctificus	1	-0.268489404117319	0.18551417321974148
speech	manipulus	1	-0.268489404117319	0.18551417321974148
speech	uidua	1	-0.268489404117319	0.18551417321974148
speech	forceps	1	-0.268489404117319	0.18551417321974148
speech	mantua	1	-0.268489404117319	0.18551417321974148
speech	falernus	1	-0.268489404117319	0.18551417321974148
speech	adsumptus	1	-0.268489404117319	0.18551417321974148
speech	caieta	1	-0.268489404117319	0.18551417321974148
speech	aegaeon	1	-0.268489404117319	0.18551417321974148
speech	longinquus	1	-0.268489404117319	0.18551417321974148
speech	hauo	1	-0.268489404117319	0.18551417321974148
speech	sagulum	1	-0.268489404117319	0.18551417321974148
speech	minoia	1	-0.268489404117319	0.18551417321974148
speech	philemon	1	-0.268489404117319	0.18551417321974148
speech	scyrius	1	-0.268489404117319	0.18551417321974148
speech	memnon	1	-0.268489404117319	0.18551417321974148
speech	amycles	1	-0.268489404117319	0.18551417321974148
speech	adsto	1	-0.268489404117319	0.18551417321974148
speech	consono	1	-0.268489404117319	0.18551417321974148
speech	caetra	1	-0.268489404117319	0.18551417321974148
speech	parus	1	-0.268489404117319	0.18551417321974148
speech	consedo	1	-0.268489404117319	0.18551417321974148
speech	conuallis	1	-0.268489404117319	0.18551417321974148
speech	parthenius	1	-0.268489404117319	0.18551417321974148
speech	regendus	1	-0.268489404117319	0.18551417321974148
speech	terrigenus	1	-0.268489404117319	0.18551417321974148
speech	marcidus	1	-0.268489404117319	0.18551417321974148
speech	sacrificus	1	-0.268489404117319	0.18551417321974148
speech	murranus	1	-0.268489404117319	0.18551417321974148
speech	comprehendo	1	-0.268489404117319	0.18551417321974148
speech	pisae	1	-0.268489404117319	0.18551417321974148
speech	aestiuo	1	-0.268489404117319	0.18551417321974148
speech	eurota	1	-0.268489404117319	0.18551417321974148
speech	doris	1	-0.268489404117319	0.18551417321974148
speech	excubo	1	-0.268489404117319	0.18551417321974148
speech	inexhaustus	1	-0.268489404117319	0.18551417321974148
speech	inserto	1	-0.268489404117319	0.18551417321974148
speech	ismenius	1	-0.268489404117319	0.18551417321974148
speech	cleonaeus	1	-0.268489404117319	0.18551417321974148
speech	conbibo	1	-0.268489404117319	0.18551417321974148
speech	inexorabilis	1	-0.268489404117319	0.18551417321974148
speech	inexpertus	1	-0.268489404117319	0.18551417321974148
speech	inexpleo	1	-0.268489404117319	0.18551417321974148
speech	othryn	1	-0.268489404117319	0.18551417321974148
speech	decerto	1	-0.268489404117319	0.18551417321974148
speech	tremibundus	1	-0.268489404117319	0.18551417321974148
speech	ausonides	1	-0.268489404117319	0.18551417321974148
speech	offensus	1	-0.268489404117319	0.18551417321974148
speech	iucundus	1	-0.268489404117319	0.18551417321974148
speech	aso	1	-0.268489404117319	0.18551417321974148
speech	inrito	1	-0.268489404117319	0.18551417321974148
speech	iudicium	1	-0.268489404117319	0.18551417321974148
speech	erectheus	1	-0.268489404117319	0.18551417321974148
speech	inrigo	1	-0.268489404117319	0.18551417321974148
speech	agamemnonius	1	-0.268489404117319	0.18551417321974148
speech	uirbius	1	-0.268489404117319	0.18551417321974148
speech	applico	1	-0.268489404117319	0.18551417321974148
speech	cimmerius	1	-0.268489404117319	0.18551417321974148
speech	flauesco	1	-0.268489404117319	0.18551417321974148
speech	fauentus	1	-0.268489404117319	0.18551417321974148
speech	tempestiuus	1	-0.268489404117319	0.18551417321974148
speech	chelydrus	1	-0.268489404117319	0.18551417321974148
speech	inachidus	1	-0.268489404117319	0.18551417321974148
speech	ualens	1	-0.268489404117319	0.18551417321974148
speech	praeuideo	1	-0.268489404117319	0.18551417321974148
speech	athamas	1	-0.268489404117319	0.18551417321974148
speech	exsatio	1	-0.268489404117319	0.18551417321974148
speech	enipeus	1	-0.268489404117319	0.18551417321974148
speech	interuenio	1	-0.268489404117319	0.18551417321974148
speech	intempestus	1	-0.268489404117319	0.18551417321974148
speech	pugnantus	1	-0.268489404117319	0.18551417321974148
speech	stello	1	-0.268489404117319	0.18551417321974148
speech	guberno	1	-0.268489404117319	0.18551417321974148
speech	ephebus	1	-0.268489404117319	0.18551417321974148
speech	indiges	1	-0.268489404117319	0.18551417321974148
speech	introitus	1	-0.268489404117319	0.18551417321974148
speech	alga	1	-0.268489404117319	0.18551417321974148
speech	quadrupedans	1	-0.268489404117319	0.18551417321974148
speech	iris	1	-0.268489404117319	0.18551417321974148
speech	inuerto	1	-0.268489404117319	0.18551417321974148
speech	sodalis	1	-0.268489404117319	0.18551417321974148
speech	deformo	1	-0.268489404117319	0.18551417321974148
speech	africus	1	-0.268489404117319	0.18551417321974148
speech	caprea	1	-0.268489404117319	0.18551417321974148
speech	humo	1	-0.268489404117319	0.18551417321974148
speech	acarnan	1	-0.268489404117319	0.18551417321974148
speech	accubo	1	-0.268489404117319	0.18551417321974148
speech	pluuialis	1	-0.268489404117319	0.18551417321974148
speech	insolitus	1	-0.268489404117319	0.18551417321974148
speech	renarro	1	-0.268489404117319	0.18551417321974148
speech	ploro	1	-0.268489404117319	0.18551417321974148
speech	rhesus	1	-0.268489404117319	0.18551417321974148
speech	obstrepo	1	-0.268489404117319	0.18551417321974148
speech	dissulto	1	-0.268489404117319	0.18551417321974148
speech	potis	1	-0.268489404117319	0.18551417321974148
speech	biremis	1	-0.268489404117319	0.18551417321974148
speech	rogito	1	-0.268489404117319	0.18551417321974148
speech	excusdo	1	-0.268489404117319	0.18551417321974148
speech	antigon	1	-0.268489404117319	0.18551417321974148
speech	languor	1	-0.268489404117319	0.18551417321974148
speech	obmutesco	1	-0.268489404117319	0.18551417321974148
speech	proripio	1	-0.268489404117319	0.18551417321974148
speech	monendus	1	-0.268489404117319	0.18551417321974148
speech	prouoco	1	-0.268489404117319	0.18551417321974148
speech	operor	1	-0.268489404117319	0.18551417321974148
speech	transilio	1	-0.268489404117319	0.18551417321974148
speech	nysaeus	1	-0.268489404117319	0.18551417321974148
speech	argumentum	1	-0.268489404117319	0.18551417321974148
speech	praecingo	1	-0.268489404117319	0.18551417321974148
speech	frigeo	1	-0.268489404117319	0.18551417321974148
speech	lacto	1	-0.268489404117319	0.18551417321974148
speech	praepes	1	-0.268489404117319	0.18551417321974148
speech	facundus	1	-0.268489404117319	0.18551417321974148
speech	adloquius	1	-0.268489404117319	0.18551417321974148
speech	iasides	1	-0.268489404117319	0.18551417321974148
speech	confligo	1	-0.268489404117319	0.18551417321974148
speech	abruptus	1	-0.268489404117319	0.18551417321974148
speech	bicolor	1	-0.268489404117319	0.18551417321974148
speech	area	1	-0.268489404117319	0.18551417321974148
speech	aetola	1	-0.268489404117319	0.18551417321974148
speech	larisaeus	1	-0.268489404117319	0.18551417321974148
speech	tithonia	1	-0.268489404117319	0.18551417321974148
speech	eleusin	1	-0.268489404117319	0.18551417321974148
speech	oleum	1	-0.268489404117319	0.18551417321974148
speech	squameus	1	-0.268489404117319	0.18551417321974148
speech	stillo	1	-0.268489404117319	0.18551417321974148
speech	quiris	1	-0.268489404117319	0.18551417321974148
speech	paeanus	1	-0.268489404117319	0.18551417321974148
speech	auena	1	-0.268489404117319	0.18551417321974148
speech	inous	1	-0.268489404117319	0.18551417321974148
speech	pholoe	1	-0.268489404117319	0.18551417321974148
speech	idan	1	-0.268489404117319	0.18551417321974148
speech	nomas	5	-0.2686576819806	0.18550442851188795
speech	minos	5	-0.2686576819806	0.18550442851188795
speech	pollux	5	-0.2686576819806	0.18550442851188795
speech	uolatus	5	-0.2686576819806	0.18550442851188795
speech	triuia	5	-0.2686576819806	0.18550442851188795
speech	aegaeus	5	-0.2686576819806	0.18550442851188795
speech	mentum	5	-0.2686576819806	0.18550442851188795
speech	salio	5	-0.2686576819806	0.18550442851188795
speech	glaeba	5	-0.2686576819806	0.18550442851188795
speech	uario	5	-0.2686576819806	0.18550442851188795
speech	ilicet	5	-0.2686576819806	0.18550442851188795
speech	contraho	5	-0.2686576819806	0.18550442851188795
speech	aetna	5	-0.2686576819806	0.18550442851188795
speech	saeta	5	-0.2686576819806	0.18550442851188795
speech	recondo	5	-0.2686576819806	0.18550442851188795
speech	infidus	5	-0.2686576819806	0.18550442851188795
speech	praecipue	5	-0.2686576819806	0.18550442851188795
speech	sidon	5	-0.2686576819806	0.18550442851188795
speech	procella	17	-0.269255871226512	0.18546978830830513
speech	pasta	0	-0.270211384712945	0.18541445601685663
speech	substruo	0	-0.270211384712945	0.18541445601685663
speech	substrigo	0	-0.270211384712945	0.18541445601685663
speech	refrigesco	0	-0.270211384712945	0.18541445601685663
speech	carteius	0	-0.270211384712945	0.18541445601685663
speech	carystus	0	-0.270211384712945	0.18541445601685663
speech	charopi	0	-0.270211384712945	0.18541445601685663
speech	alcinous	0	-0.270211384712945	0.18541445601685663
speech	oliuus	0	-0.270211384712945	0.18541445601685663
speech	choatras	0	-0.270211384712945	0.18541445601685663
speech	carpentum	0	-0.270211384712945	0.18541445601685663
speech	talos	0	-0.270211384712945	0.18541445601685663
speech	resemineo	0	-0.270211384712945	0.18541445601685663
speech	carmental	0	-0.270211384712945	0.18541445601685663
speech	flustrum	0	-0.270211384712945	0.18541445601685663
speech	chariculus	0	-0.270211384712945	0.18541445601685663
speech	oedipoda	0	-0.270211384712945	0.18541445601685663
speech	refotio	0	-0.270211384712945	0.18541445601685663
speech	fabris	0	-0.270211384712945	0.18541445601685663
speech	alcimedus	0	-0.270211384712945	0.18541445601685663
speech	albuneus	0	-0.270211384712945	0.18541445601685663
speech	offundo	0	-0.270211384712945	0.18541445601685663
speech	tarius	0	-0.270211384712945	0.18541445601685663
speech	resonabilis	0	-0.270211384712945	0.18541445601685663
speech	oliuifera	0	-0.270211384712945	0.18541445601685663
speech	subuoluo	0	-0.270211384712945	0.18541445601685663
speech	tarentus	0	-0.270211384712945	0.18541445601685663
speech	olearus	0	-0.270211384712945	0.18541445601685663
speech	talo	0	-0.270211384712945	0.18541445601685663
speech	alces	0	-0.270211384712945	0.18541445601685663
speech	pastoria	0	-0.270211384712945	0.18541445601685663
speech	trasimennis	0	-0.270211384712945	0.18541445601685663
speech	chersidamans	0	-0.270211384712945	0.18541445601685663
speech	suburgeo	0	-0.270211384712945	0.18541445601685663
speech	resimus	0	-0.270211384712945	0.18541445601685663
speech	oenoter	0	-0.270211384712945	0.18541445601685663
speech	refrigero	0	-0.270211384712945	0.18541445601685663
speech	gelon	0	-0.270211384712945	0.18541445601685663
speech	officio	0	-0.270211384712945	0.18541445601685663
speech	requio	0	-0.270211384712945	0.18541445601685663
speech	excellentus	0	-0.270211384712945	0.18541445601685663
speech	substringo	0	-0.270211384712945	0.18541445601685663
speech	charopis	0	-0.270211384712945	0.18541445601685663
speech	oliuifer	0	-0.270211384712945	0.18541445601685663
speech	offa	0	-0.270211384712945	0.18541445601685663
speech	chimaerifera	0	-0.270211384712945	0.18541445601685663
speech	chele	0	-0.270211384712945	0.18541445601685663
speech	tantalides	0	-0.270211384712945	0.18541445601685663
speech	oebalis	0	-0.270211384712945	0.18541445601685663
speech	ambracium	0	-0.270211384712945	0.18541445601685663
speech	cinypsus	0	-0.270211384712945	0.18541445601685663
speech	pauio	0	-0.270211384712945	0.18541445601685663
speech	cinyps	0	-0.270211384712945	0.18541445601685663
speech	subremigo	0	-0.270211384712945	0.18541445601685663
speech	fluctisonus	0	-0.270211384712945	0.18541445601685663
speech	ambracia	0	-0.270211384712945	0.18541445601685663
speech	obsido	0	-0.270211384712945	0.18541445601685663
speech	retendo	0	-0.270211384712945	0.18541445601685663
speech	transluceo	0	-0.270211384712945	0.18541445601685663
speech	trous	0	-0.270211384712945	0.18541445601685663
speech	obstrudo	0	-0.270211384712945	0.18541445601685663
speech	referendus	0	-0.270211384712945	0.18541445601685663
speech	obstupesco	0	-0.270211384712945	0.18541445601685663
speech	reteho	0	-0.270211384712945	0.18541445601685663
speech	cimolus	0	-0.270211384712945	0.18541445601685663
speech	obtentus	0	-0.270211384712945	0.18541445601685663
speech	uoconti	0	-0.270211384712945	0.18541445601685663
speech	ciminus	0	-0.270211384712945	0.18541445601685663
speech	ciminius	0	-0.270211384712945	0.18541445601685663
speech	agrippa	0	-0.270211384712945	0.18541445601685663
speech	obscurum	0	-0.270211384712945	0.18541445601685663
speech	substraminum	0	-0.270211384712945	0.18541445601685663
speech	retrorsus	0	-0.270211384712945	0.18541445601685663
speech	obliquum	0	-0.270211384712945	0.18541445601685663
speech	reuersus	0	-0.270211384712945	0.18541445601685663
speech	pausa	0	-0.270211384712945	0.18541445601685663
speech	oblitas	0	-0.270211384712945	0.18541445601685663
speech	gauranus	0	-0.270211384712945	0.18541445601685663
speech	florens	0	-0.270211384712945	0.18541445601685663
speech	pauperies	0	-0.270211384712945	0.18541445601685663
speech	gaurus	0	-0.270211384712945	0.18541445601685663
speech	reuerdeo	0	-0.270211384712945	0.18541445601685663
speech	circino	0	-0.270211384712945	0.18541445601685663
speech	obloquor	0	-0.270211384712945	0.18541445601685663
speech	rediuiuus	0	-0.270211384712945	0.18541445601685663
speech	circensis	0	-0.270211384712945	0.18541445601685663
speech	reuellio	0	-0.270211384712945	0.18541445601685663
speech	capuaene	0	-0.270211384712945	0.18541445601685663
speech	redunco	0	-0.270211384712945	0.18541445601685663
speech	tartessiacus	0	-0.270211384712945	0.18541445601685663
speech	obprobrium	0	-0.270211384712945	0.18541445601685663
speech	tartessiacos	0	-0.270211384712945	0.18541445601685663
speech	cimber	0	-0.270211384712945	0.18541445601685663
speech	exardo	0	-0.270211384712945	0.18541445601685663
speech	obtudo	0	-0.270211384712945	0.18541445601685663
speech	cilnius	0	-0.270211384712945	0.18541445601685663
speech	tarquinius	0	-0.270211384712945	0.18541445601685663
speech	ochus	0	-0.270211384712945	0.18541445601685663
speech	restruo	0	-0.270211384712945	0.18541445601685663
speech	gigus	0	-0.270211384712945	0.18541445601685663
speech	uolitans	0	-0.270211384712945	0.18541445601685663
speech	uico	0	-0.270211384712945	0.18541445601685663
speech	chryseides	0	-0.270211384712945	0.18541445601685663
speech	subscribo	0	-0.270211384712945	0.18541445601685663
speech	chrysa	0	-0.270211384712945	0.18541445601685663
speech	chromius	0	-0.270211384712945	0.18541445601685663
speech	albidus	0	-0.270211384712945	0.18541445601685663
speech	chromin	0	-0.270211384712945	0.18541445601685663
speech	substerno	0	-0.270211384712945	0.18541445601685663
speech	chromim	0	-0.270211384712945	0.18541445601685663
speech	chremetaona	0	-0.270211384712945	0.18541445601685663
speech	tarpeias	0	-0.270211384712945	0.18541445601685663
speech	oea	0	-0.270211384712945	0.18541445601685663
speech	oeagris	0	-0.270211384712945	0.18541445601685663
speech	oebalia	0	-0.270211384712945	0.18541445601685663
speech	alcmenus	0	-0.270211384712945	0.18541445601685663
speech	chrysolithus	0	-0.270211384712945	0.18541445601685663
speech	occurso	0	-0.270211384712945	0.18541445601685663
speech	carambis	0	-0.270211384712945	0.18541445601685663
speech	exarmao	0	-0.270211384712945	0.18541445601685663
speech	obuersor	0	-0.270211384712945	0.18541445601685663
speech	retectum	0	-0.270211384712945	0.18541445601685663
speech	cilix	0	-0.270211384712945	0.18541445601685663
speech	retcio	0	-0.270211384712945	0.18541445601685663
speech	uolnus	0	-0.270211384712945	0.18541445601685663
speech	cicuta	0	-0.270211384712945	0.18541445601685663
speech	caralis	0	-0.270211384712945	0.18541445601685663
speech	trigonoum	0	-0.270211384712945	0.18541445601685663
speech	ambigo	0	-0.270211384712945	0.18541445601685663
speech	ciconia	0	-0.270211384712945	0.18541445601685663
speech	reflo	0	-0.270211384712945	0.18541445601685663
speech	uolnero	0	-0.270211384712945	0.18541445601685663
speech	exarsio	0	-0.270211384712945	0.18541445601685663
speech	patron	0	-0.270211384712945	0.18541445601685663
speech	resupina	0	-0.270211384712945	0.18541445601685663
speech	alazon	0	-0.270211384712945	0.18541445601685663
speech	tarquitus	0	-0.270211384712945	0.18541445601685663
speech	uolgatus	0	-0.270211384712945	0.18541445601685663
speech	ceus	0	-0.270211384712945	0.18541445601685663
speech	charaxum	0	-0.270211384712945	0.18541445601685663
speech	charadrus	0	-0.270211384712945	0.18541445601685663
speech	caucasius	0	-0.270211384712945	0.18541445601685663
speech	trapezaus	0	-0.270211384712945	0.18541445601685663
speech	celtus	0	-0.270211384712945	0.18541445601685663
speech	celtis	0	-0.270211384712945	0.18541445601685663
speech	excursus	0	-0.270211384712945	0.18541445601685663
speech	pachynum	0	-0.270211384712945	0.18541445601685663
speech	celti	0	-0.270211384712945	0.18541445601685663
speech	caudo	0	-0.270211384712945	0.18541445601685663
speech	alsus	0	-0.270211384712945	0.18541445601685663
speech	transuolo	0	-0.270211384712945	0.18541445601685663
speech	relanguesco	0	-0.270211384712945	0.18541445601685663
speech	cauis	0	-0.270211384712945	0.18541445601685663
speech	pacifico	0	-0.270211384712945	0.18541445601685663
speech	pacificus	0	-0.270211384712945	0.18541445601685663
speech	caulae	0	-0.270211384712945	0.18541445601685663
speech	alitus	0	-0.270211384712945	0.18541445601685663
speech	panhormus	0	-0.270211384712945	0.18541445601685663
speech	aliudue	0	-0.270211384712945	0.18541445601685663
speech	caulis	0	-0.270211384712945	0.18541445601685663
speech	pactolus	0	-0.270211384712945	0.18541445601685663
speech	pactor	0	-0.270211384712945	0.18541445601685663
speech	paphlagones	0	-0.270211384712945	0.18541445601685663
speech	regundus	0	-0.270211384712945	0.18541445601685663
speech	cenaeus	0	-0.270211384712945	0.18541445601685663
speech	geraestus	0	-0.270211384712945	0.18541445601685663
speech	centenius	0	-0.270211384712945	0.18541445601685663
speech	centaurum	0	-0.270211384712945	0.18541445601685663
speech	uolcae	0	-0.270211384712945	0.18541445601685663
speech	alis	0	-0.270211384712945	0.18541445601685663
speech	parentalis	0	-0.270211384712945	0.18541445601685663
speech	region	0	-0.270211384712945	0.18541445601685663
speech	altiuolantus	0	-0.270211384712945	0.18541445601685663
speech	ostensus	0	-0.270211384712945	0.18541445601685663
speech	ufentemus	0	-0.270211384712945	0.18541445601685663
speech	parcior	0	-0.270211384712945	0.18541445601685663
speech	cenchrea	0	-0.270211384712945	0.18541445601685663
speech	althaea	0	-0.270211384712945	0.18541445601685663
speech	ostrifer	0	-0.270211384712945	0.18541445601685663
speech	parandus	0	-0.270211384712945	0.18541445601685663
speech	tantoue	0	-0.270211384712945	0.18541445601685663
speech	uoleo	0	-0.270211384712945	0.18541445601685663
speech	trasimenni	0	-0.270211384712945	0.18541445601685663
speech	caua	0	-0.270211384712945	0.18541445601685663
speech	cenchreus	0	-0.270211384712945	0.18541445601685663
speech	papilio	0	-0.270211384712945	0.18541445601685663
speech	caulo	0	-0.270211384712945	0.18541445601685663
speech	pangaea	0	-0.270211384712945	0.18541445601685663
speech	uetulonia	0	-0.270211384712945	0.18541445601685663
speech	cedendus	0	-0.270211384712945	0.18541445601685663
speech	cauponor	0	-0.270211384712945	0.18541445601685663
speech	troilus	0	-0.270211384712945	0.18541445601685663
speech	uolcanum	0	-0.270211384712945	0.18541445601685663
speech	palear	0	-0.270211384712945	0.18541445601685663
speech	tantaene	0	-0.270211384712945	0.18541445601685663
speech	allifais	0	-0.270211384712945	0.18541445601685663
speech	relo	0	-0.270211384712945	0.18541445601685663
speech	allifanus	0	-0.270211384712945	0.18541445601685663
speech	genetiuus	0	-0.270211384712945	0.18541445601685663
speech	subuerto	0	-0.270211384712945	0.18541445601685663
speech	exercitum	0	-0.270211384712945	0.18541445601685663
speech	cecropias	0	-0.270211384712945	0.18541445601685663
speech	cecropae	0	-0.270211384712945	0.18541445601685663
speech	cea	0	-0.270211384712945	0.18541445601685663
speech	causor	0	-0.270211384712945	0.18541445601685663
speech	pallantia	0	-0.270211384712945	0.18541445601685663
speech	caystrus	0	-0.270211384712945	0.18541445601685663
speech	caystrum	0	-0.270211384712945	0.18541445601685663
speech	tantalis	0	-0.270211384712945	0.18541445601685663
speech	tantalidus	0	-0.270211384712945	0.18541445601685663
speech	celaena	0	-0.270211384712945	0.18541445601685663
speech	allius	0	-0.270211384712945	0.18541445601685663
speech	remoramnis	0	-0.270211384712945	0.18541445601685663
speech	fomes	0	-0.270211384712945	0.18541445601685663
speech	padusa	0	-0.270211384712945	0.18541445601685663
speech	remoramen	0	-0.270211384712945	0.18541445601685663
speech	celeus	0	-0.270211384712945	0.18541445601685663
speech	celerrimus	0	-0.270211384712945	0.18541445601685663
speech	religaro	0	-0.270211384712945	0.18541445601685663
speech	aliumue	0	-0.270211384712945	0.18541445601685663
speech	remolo	0	-0.270211384712945	0.18541445601685663
speech	celeriter	0	-0.270211384712945	0.18541445601685663
speech	aliunde	0	-0.270211384712945	0.18541445601685663
speech	tangendus	0	-0.270211384712945	0.18541445601685663
speech	genialiter	0	-0.270211384712945	0.18541445601685663
speech	faba	0	-0.270211384712945	0.18541445601685663
speech	paestum	0	-0.270211384712945	0.18541445601685663
speech	alleuo	0	-0.270211384712945	0.18541445601685663
speech	celebris	0	-0.270211384712945	0.18541445601685663
speech	celebratus	0	-0.270211384712945	0.18541445601685663
speech	religiosus	0	-0.270211384712945	0.18541445601685663
speech	panchaeus	0	-0.270211384712945	0.18541445601685663
speech	celaenum	0	-0.270211384712945	0.18541445601685663
speech	follis	0	-0.270211384712945	0.18541445601685663
speech	casurus	0	-0.270211384712945	0.18541445601685663
speech	centimanus	0	-0.270211384712945	0.18541445601685663
speech	gemellipara	0	-0.270211384712945	0.18541445601685663
speech	amastris	0	-0.270211384712945	0.18541445601685663
speech	opiter	0	-0.270211384712945	0.18541445601685663
speech	oporteo	0	-0.270211384712945	0.18541445601685663
speech	reposo	0	-0.270211384712945	0.18541445601685663
speech	regaliter	0	-0.270211384712945	0.18541445601685663
speech	uestistis	0	-0.270211384712945	0.18541445601685663
speech	parturio	0	-0.270211384712945	0.18541445601685663
speech	oppleo	0	-0.270211384712945	0.18541445601685663
speech	parto	0	-0.270211384712945	0.18541445601685663
speech	cessaea	0	-0.270211384712945	0.18541445601685663
speech	uestum	0	-0.270211384712945	0.18541445601685663
speech	uolcentem	0	-0.270211384712945	0.18541445601685663
speech	geryones	0	-0.270211384712945	0.18541445601685663
speech	ceruina	0	-0.270211384712945	0.18541445601685663
speech	aleus	0	-0.270211384712945	0.18541445601685663
speech	partis	0	-0.270211384712945	0.18541445601685663
speech	ceruchus	0	-0.270211384712945	0.18541445601685663
speech	partir	0	-0.270211384712945	0.18541445601685663
speech	gerundum	0	-0.270211384712945	0.18541445601685663
speech	certumust	0	-0.270211384712945	0.18541445601685663
speech	certum	0	-0.270211384712945	0.18541445601685663
speech	casperius	0	-0.270211384712945	0.18541445601685663
speech	reposta	0	-0.270211384712945	0.18541445601685663
speech	fabrateria	0	-0.270211384712945	0.18541445601685663
speech	repulsa	0	-0.270211384712945	0.18541445601685663
speech	tarentini	0	-0.270211384712945	0.18541445601685663
speech	omnigenus	0	-0.270211384712945	0.18541445601685663
speech	talus	0	-0.270211384712945	0.18541445601685663
speech	charadron	0	-0.270211384712945	0.18541445601685663
speech	chaonis	0	-0.270211384712945	0.18541445601685663
speech	uestinus	0	-0.270211384712945	0.18541445601685663
speech	chalcis	0	-0.270211384712945	0.18541445601685663
speech	onerarius	0	-0.270211384712945	0.18541445601685663
speech	alcyon	0	-0.270211384712945	0.18541445601685663
speech	chalciopes	0	-0.270211384712945	0.18541445601685663
speech	chalcidica	0	-0.270211384712945	0.18541445601685663
speech	chalciope	0	-0.270211384712945	0.18541445601685663
speech	cascus	0	-0.270211384712945	0.18541445601685663
speech	reprensus	0	-0.270211384712945	0.18541445601685663
speech	exceo	0	-0.270211384712945	0.18541445601685663
speech	chalcidicus	0	-0.270211384712945	0.18541445601685663
speech	casia	0	-0.270211384712945	0.18541445601685663
speech	ophiusa	0	-0.270211384712945	0.18541445601685663
speech	casilina	0	-0.270211384712945	0.18541445601685663
speech	chalcidicae	0	-0.270211384712945	0.18541445601685663
speech	regentum	0	-0.270211384712945	0.18541445601685663
speech	replero	0	-0.270211384712945	0.18541445601685663
speech	aliquot	0	-0.270211384712945	0.18541445601685663
speech	parrhasis	0	-0.270211384712945	0.18541445601685663
speech	cerealia	0	-0.270211384712945	0.18541445601685663
speech	rependeo	0	-0.270211384712945	0.18541445601685663
speech	tarchonus	0	-0.270211384712945	0.18541445601685663
speech	tarcho	0	-0.270211384712945	0.18541445601685663
speech	cercopus	0	-0.270211384712945	0.18541445601685663
speech	cerberon	0	-0.270211384712945	0.18541445601685663
speech	tarae	0	-0.270211384712945	0.18541445601685663
speech	ueterrimus	0	-0.270211384712945	0.18541445601685663
speech	uetetuo	0	-0.270211384712945	0.18541445601685663
speech	algidus	0	-0.270211384712945	0.18541445601685663
speech	orichalcum	0	-0.270211384712945	0.18541445601685663
speech	cephisus	0	-0.270211384712945	0.18541445601685663
speech	excolo	0	-0.270211384712945	0.18541445601685663
speech	alibi	0	-0.270211384712945	0.18541445601685663
speech	uetitus	0	-0.270211384712945	0.18541445601685663
speech	orsum	0	-0.270211384712945	0.18541445601685663
speech	regifix	0	-0.270211384712945	0.18541445601685663
speech	castulus	0	-0.270211384712945	0.18541445601685663
speech	renuentus	0	-0.270211384712945	0.18541445601685663
speech	renouamen	0	-0.270211384712945	0.18541445601685663
speech	oricius	0	-0.270211384712945	0.18541445601685663
speech	eliso	0	-0.270211384712945	0.18541445601685663
speech	faber	0	-0.270211384712945	0.18541445601685663
speech	repertor	0	-0.270211384712945	0.18541445601685663
speech	cerretanus	0	-0.270211384712945	0.18541445601685663
speech	tamasenus	0	-0.270211384712945	0.18541445601685663
speech	repetatne	0	-0.270211384712945	0.18541445601685663
speech	cassiope	0	-0.270211384712945	0.18541445601685663
speech	germen	0	-0.270211384712945	0.18541445601685663
speech	cernendus	0	-0.270211384712945	0.18541445601685663
speech	cerilla	0	-0.270211384712945	0.18541445601685663
speech	cereus	0	-0.270211384712945	0.18541445601685663
speech	uicissatim	0	-0.270211384712945	0.18541445601685663
speech	orchus	0	-0.270211384712945	0.18541445601685663
speech	ueternus	0	-0.270211384712945	0.18541445601685663
speech	reperto	0	-0.270211384712945	0.18541445601685663
speech	amaracus	0	-0.270211384712945	0.18541445601685663
speech	uesuuina	0	-0.270211384712945	0.18541445601685663
speech	parthaonius	0	-0.270211384712945	0.18541445601685663
speech	foedissimus	0	-0.270211384712945	0.18541445601685663
speech	tardandus	0	-0.270211384712945	0.18541445601685663
speech	orestea	0	-0.270211384712945	0.18541445601685663
speech	repentinus	0	-0.270211384712945	0.18541445601685663
speech	tarchus	0	-0.270211384712945	0.18541445601685663
speech	caprus	0	-0.270211384712945	0.18541445601685663
speech	fautrix	0	-0.270211384712945	0.18541445601685663
speech	gaulus	0	-0.270211384712945	0.18541445601685663
speech	supparus	0	-0.270211384712945	0.18541445601685663
speech	pyrgius	0	-0.270211384712945	0.18541445601685663
speech	praeconsumo	0	-0.270211384712945	0.18541445601685663
speech	praecontrecto	0	-0.270211384712945	0.18541445601685663
speech	augusto	0	-0.270211384712945	0.18541445601685663
speech	augustissimus	0	-0.270211384712945	0.18541445601685663
speech	fucus	0	-0.270211384712945	0.18541445601685663
speech	praecultus	0	-0.270211384712945	0.18541445601685663
speech	pyrenus	0	-0.270211384712945	0.18541445601685663
speech	praecutio	0	-0.270211384712945	0.18541445601685663
speech	auernalis	0	-0.270211384712945	0.18541445601685663
speech	praefix	0	-0.270211384712945	0.18541445601685663
speech	praedelasso	0	-0.270211384712945	0.18541445601685663
speech	praediues	0	-0.270211384712945	0.18541445601685663
speech	praediuitum	0	-0.270211384712945	0.18541445601685663
speech	pyrenaeus	0	-0.270211384712945	0.18541445601685663
speech	pyramis	0	-0.270211384712945	0.18541445601685663
speech	pyragmon	0	-0.270211384712945	0.18541445601685663
speech	praedur	0	-0.270211384712945	0.18541445601685663
speech	praeduro	0	-0.270211384712945	0.18541445601685663
speech	apula	0	-0.270211384712945	0.18541445601685663
speech	praeco	0	-0.270211384712945	0.18541445601685663
speech	pyrgus	0	-0.270211384712945	0.18541445601685663
speech	pyrnus	0	-0.270211384712945	0.18541445601685663
speech	auidissimus	0	-0.270211384712945	0.18541445601685663
speech	pythius	0	-0.270211384712945	0.18541445601685663
speech	pythie	0	-0.270211384712945	0.18541445601685663
speech	pythia	0	-0.270211384712945	0.18541445601685663
speech	exsicco	0	-0.270211384712945	0.18541445601685663
speech	uirgeas	0	-0.270211384712945	0.18541445601685663
speech	auolo	0	-0.270211384712945	0.18541445601685663
speech	suio	0	-0.270211384712945	0.18541445601685663
speech	aulon	0	-0.270211384712945	0.18541445601685663
speech	potuitne	0	-0.270211384712945	0.18541445601685663
speech	apr	0	-0.270211384712945	0.18541445601685663
speech	praeacutus	0	-0.270211384712945	0.18541445601685663
speech	pyropus	0	-0.270211384712945	0.18541445601685663
speech	uirgeus	0	-0.270211384712945	0.18541445601685663
speech	pyroi	0	-0.270211384712945	0.18541445601685663
speech	praecelsus	0	-0.270211384712945	0.18541445601685663
speech	supplexuo	0	-0.270211384712945	0.18541445601685663
speech	fugientes	0	-0.270211384712945	0.18541445601685663
speech	praecerpo	0	-0.270211384712945	0.18541445601685663
speech	pyroentus	0	-0.270211384712945	0.18541445601685663
speech	audacter	0	-0.270211384712945	0.18541445601685663
speech	pyraechmes	0	-0.270211384712945	0.18541445601685663
speech	uirectum	0	-0.270211384712945	0.18541445601685663
speech	pygmalioneus	0	-0.270211384712945	0.18541445601685663
speech	attalicus	0	-0.270211384712945	0.18541445601685663
speech	attactus	0	-0.270211384712945	0.18541445601685663
speech	pylaeus	0	-0.270211384712945	0.18541445601685663
speech	atta	0	-0.270211384712945	0.18541445601685663
speech	uistutas	0	-0.270211384712945	0.18541445601685663
speech	praeruptum	0	-0.270211384712945	0.18541445601685663
speech	pygmalionus	0	-0.270211384712945	0.18541445601685663
speech	praesaepio	0	-0.270211384712945	0.18541445601685663
speech	atreus	0	-0.270211384712945	0.18541445601685663
speech	exteo	0	-0.270211384712945	0.18541445601685663
speech	pyracmo	0	-0.270211384712945	0.18541445601685663
speech	ululantes	0	-0.270211384712945	0.18541445601685663
speech	pygmaeus	0	-0.270211384712945	0.18541445601685663
speech	tridentifers	0	-0.270211384712945	0.18541445601685663
speech	fruticosus	0	-0.270211384712945	0.18541445601685663
speech	atlantidus	0	-0.270211384712945	0.18541445601685663
speech	atlantiacus	0	-0.270211384712945	0.18541445601685663
speech	praesigna	0	-0.270211384712945	0.18541445601685663
speech	atlanteus	0	-0.270211384712945	0.18541445601685663
speech	praesolido	0	-0.270211384712945	0.18541445601685663
speech	pylas	0	-0.270211384712945	0.18541445601685663
speech	praepinguis	0	-0.270211384712945	0.18541445601685663
speech	pylene	0	-0.270211384712945	0.18541445601685663
speech	pylenes	0	-0.270211384712945	0.18541445601685663
speech	praeformo	0	-0.270211384712945	0.18541445601685663
speech	praefractus	0	-0.270211384712945	0.18541445601685663
speech	praefrahor	0	-0.270211384712945	0.18541445601685663
speech	auceps	0	-0.270211384712945	0.18541445601685663
speech	praegaudeo	0	-0.270211384712945	0.18541445601685663
speech	praegelidus	0	-0.270211384712945	0.18541445601685663
speech	praelabo	0	-0.270211384712945	0.18541445601685663
speech	atus	0	-0.270211384712945	0.18541445601685663
speech	attrio	0	-0.270211384712945	0.18541445601685663
speech	praelibo	0	-0.270211384712945	0.18541445601685663
speech	praeludo	0	-0.270211384712945	0.18541445601685663
speech	praemeditor	0	-0.270211384712945	0.18541445601685663
speech	praemetuo	0	-0.270211384712945	0.18541445601685663
speech	uirtuteum	0	-0.270211384712945	0.18541445601685663
speech	praenato	0	-0.270211384712945	0.18541445601685663
speech	praenestinus	0	-0.270211384712945	0.18541445601685663
speech	atthides	0	-0.270211384712945	0.18541445601685663
speech	praenuntius	0	-0.270211384712945	0.18541445601685663
speech	pylia	0	-0.270211384712945	0.18541445601685663
speech	potator	0	-0.270211384712945	0.18541445601685663
speech	postumius	0	-0.270211384712945	0.18541445601685663
speech	uocemue	0	-0.270211384712945	0.18541445601685663
speech	polyphema	0	-0.270211384712945	0.18541445601685663
speech	polydecta	0	-0.270211384712945	0.18541445601685663
speech	polydegmona	0	-0.270211384712945	0.18541445601685663
speech	polydoe	0	-0.270211384712945	0.18541445601685663
speech	polydoreus	0	-0.270211384712945	0.18541445601685663
speech	polyidon	0	-0.270211384712945	0.18541445601685663
speech	polymestor	0	-0.270211384712945	0.18541445601685663
speech	polymestora	0	-0.270211384712945	0.18541445601685663
speech	polynici	0	-0.270211384712945	0.18541445601685663
speech	polypemon	0	-0.270211384712945	0.18541445601685663
speech	qualesue	0	-0.270211384712945	0.18541445601685663
speech	pomona	0	-0.270211384712945	0.18541445601685663
speech	qualescum	0	-0.270211384712945	0.18541445601685663
speech	qualemue	0	-0.270211384712945	0.18541445601685663
speech	polypus	0	-0.270211384712945	0.18541445601685663
speech	baius	0	-0.270211384712945	0.18541445601685663
speech	umbrifera	0	-0.270211384712945	0.18541445601685663
speech	aphareus	0	-0.270211384712945	0.18541445601685663
speech	aphidnus	0	-0.270211384712945	0.18541445601685663
speech	quaesitor	0	-0.270211384712945	0.18541445601685663
speech	apidanus	0	-0.270211384712945	0.18541445601685663
speech	polydamus	0	-0.270211384712945	0.18541445601685663
speech	polydamanteus	0	-0.270211384712945	0.18541445601685663
speech	balatius	0	-0.270211384712945	0.18541445601685663
speech	polyboetes	0	-0.270211384712945	0.18541445601685663
speech	baniura	0	-0.270211384712945	0.18541445601685663
speech	poemeni	0	-0.270211384712945	0.18541445601685663
speech	sursum	0	-0.270211384712945	0.18541445601685663
speech	poenicea	0	-0.270211384712945	0.18541445601685663
speech	poeniceus	0	-0.270211384712945	0.18541445601685663
speech	fumosus	0	-0.270211384712945	0.18541445601685663
speech	balista	0	-0.270211384712945	0.18541445601685663
speech	umbris	0	-0.270211384712945	0.18541445601685663
speech	baliar	0	-0.270211384712945	0.18541445601685663
speech	poesis	0	-0.270211384712945	0.18541445601685663
speech	suffodio	0	-0.270211384712945	0.18541445601685663
speech	polibo	0	-0.270211384712945	0.18541445601685663
speech	qualisue	0	-0.270211384712945	0.18541445601685663
speech	pollentus	0	-0.270211384712945	0.18541445601685663
speech	umbriferus	0	-0.270211384712945	0.18541445601685663
speech	fumificus	0	-0.270211384712945	0.18541445601685663
speech	pollicitum	0	-0.270211384712945	0.18541445601685663
speech	balear	0	-0.270211384712945	0.18541445601685663
speech	pollutus	0	-0.270211384712945	0.18541445601685663
speech	pomifer	0	-0.270211384712945	0.18541445601685663
speech	baeticus	0	-0.270211384712945	0.18541445601685663
speech	fulgentus	0	-0.270211384712945	0.18541445601685663
speech	autumno	0	-0.270211384712945	0.18541445601685663
speech	babylonius	0	-0.270211384712945	0.18541445601685663
speech	quadripedans	0	-0.270211384712945	0.18541445601685663
speech	portentifix	0	-0.270211384712945	0.18541445601685663
speech	babylon	0	-0.270211384712945	0.18541445601685663
speech	auxilio	0	-0.270211384712945	0.18541445601685663
speech	tridentiger	0	-0.270211384712945	0.18541445601685663
speech	portunus	0	-0.270211384712945	0.18541445601685663
speech	portusuus	0	-0.270211384712945	0.18541445601685663
speech	auulsus	0	-0.270211384712945	0.18541445601685663
speech	positor	0	-0.270211384712945	0.18541445601685663
speech	pomponia	0	-0.270211384712945	0.18541445601685663
speech	quadra	0	-0.270211384712945	0.18541445601685663
speech	possido	0	-0.270211384712945	0.18541445601685663
speech	automedon	0	-0.270211384712945	0.18541445601685663
speech	fragrans	0	-0.270211384712945	0.18541445601685663
speech	auspico	0	-0.270211384712945	0.18541445601685663
speech	postfero	0	-0.270211384712945	0.18541445601685663
speech	uipereum	0	-0.270211384712945	0.18541445601685663
speech	supplico	0	-0.270211384712945	0.18541445601685663
speech	postmodo	0	-0.270211384712945	0.18541445601685663
speech	suppressus	0	-0.270211384712945	0.18541445601685663
speech	porsenus	0	-0.270211384712945	0.18541445601685663
speech	porsenna	0	-0.270211384712945	0.18541445601685663
speech	bacca	0	-0.270211384712945	0.18541445601685663
speech	pomptinus	0	-0.270211384712945	0.18541445601685663
speech	quaerituo	0	-0.270211384712945	0.18541445601685663
speech	uiolauis	0	-0.270211384712945	0.18541445601685663
speech	apium	0	-0.270211384712945	0.18541445601685663
speech	bactres	0	-0.270211384712945	0.18541445601685663
speech	pontumue	0	-0.270211384712945	0.18541445601685663
speech	exseco	0	-0.270211384712945	0.18541445601685663
speech	populabilis	0	-0.270211384712945	0.18541445601685663
speech	populates	0	-0.270211384712945	0.18541445601685663
speech	umbraene	0	-0.270211384712945	0.18541445601685663
speech	populifer	0	-0.270211384712945	0.18541445601685663
speech	exterior	0	-0.270211384712945	0.18541445601685663
speech	populonia	0	-0.270211384712945	0.18541445601685663
speech	populumne	0	-0.270211384712945	0.18541445601685663
speech	porca	0	-0.270211384712945	0.18541445601685663
speech	suffugium	0	-0.270211384712945	0.18541445601685663
speech	porreco	0	-0.270211384712945	0.18541445601685663
speech	quadripedo	0	-0.270211384712945	0.18541445601685663
speech	exsectus	0	-0.270211384712945	0.18541445601685663
speech	puteus	0	-0.270211384712945	0.18541445601685663
speech	praestantia	0	-0.270211384712945	0.18541445601685663
speech	aquileia	0	-0.270211384712945	0.18541445601685663
speech	arsinoe	0	-0.270211384712945	0.18541445601685663
speech	pruniceus	0	-0.270211384712945	0.18541445601685663
speech	arctoa	0	-0.270211384712945	0.18541445601685663
speech	aruina	0	-0.270211384712945	0.18541445601685663
speech	artorius	0	-0.270211384712945	0.18541445601685663
speech	tricuspides	0	-0.270211384712945	0.18541445601685663
speech	ultio	0	-0.270211384712945	0.18541445601685663
speech	prognariter	0	-0.270211384712945	0.18541445601685663
speech	articulus	0	-0.270211384712945	0.18541445601685663
speech	artas	0	-0.270211384712945	0.18541445601685663
speech	frondea	0	-0.270211384712945	0.18541445601685663
speech	proludo	0	-0.270211384712945	0.18541445601685663
speech	proiecio	0	-0.270211384712945	0.18541445601685663
speech	arses	0	-0.270211384712945	0.18541445601685663
speech	frondator	0	-0.270211384712945	0.18541445601685663
speech	arruntes	0	-0.270211384712945	0.18541445601685663
speech	proiegor	0	-0.270211384712945	0.18541445601685663
speech	arrideo	0	-0.270211384712945	0.18541445601685663
speech	arretius	0	-0.270211384712945	0.18541445601685663
speech	arreguo	0	-0.270211384712945	0.18541445601685663
speech	prudenter	0	-0.270211384712945	0.18541445601685663
speech	prytanim	0	-0.270211384712945	0.18541445601685663
speech	profunda	0	-0.270211384712945	0.18541445601685663
speech	aruus	0	-0.270211384712945	0.18541445601685663
speech	profugio	0	-0.270211384712945	0.18541445601685663
speech	arcesius	0	-0.270211384712945	0.18541445601685663
speech	profano	0	-0.270211384712945	0.18541445601685663
speech	asculum	0	-0.270211384712945	0.18541445601685663
speech	superescio	0	-0.270211384712945	0.18541445601685663
speech	profecio	0	-0.270211384712945	0.18541445601685663
speech	profectura	0	-0.270211384712945	0.18541445601685663
speech	asciuo	0	-0.270211384712945	0.18541445601685663
speech	pteleon	0	-0.270211384712945	0.18541445601685663
speech	ascitus	0	-0.270211384712945	0.18541445601685663
speech	psecae	0	-0.270211384712945	0.18541445601685663
speech	prŏfiteor	0	-0.270211384712945	0.18541445601685663
speech	profiteor	0	-0.270211384712945	0.18541445601685663
speech	proflatus	0	-0.270211384712945	0.18541445601685663
speech	prŏfessus	0	-0.270211384712945	0.18541445601685663
speech	supercilium	0	-0.270211384712945	0.18541445601685663
speech	profluo	0	-0.270211384712945	0.18541445601685663
speech	archippus	0	-0.270211384712945	0.18541445601685663
speech	superbiter	0	-0.270211384712945	0.18541445601685663
speech	profringo	0	-0.270211384712945	0.18541445601685663
speech	prolico	0	-0.270211384712945	0.18541445601685663
speech	promachus	0	-0.270211384712945	0.18541445601685663
speech	atilius	0	-0.270211384712945	0.18541445601685663
speech	sunion	0	-0.270211384712945	0.18541445601685663
speech	ardentus	0	-0.270211384712945	0.18541445601685663
speech	protono	0	-0.270211384712945	0.18541445601685663
speech	tricastinus	0	-0.270211384712945	0.18541445601685663
speech	proticio	0	-0.270211384712945	0.18541445601685663
speech	argius	0	-0.270211384712945	0.18541445601685663
speech	argileti	0	-0.270211384712945	0.18541445601685663
speech	proti	0	-0.270211384712945	0.18541445601685663
speech	argeus	0	-0.270211384712945	0.18541445601685663
speech	arethusius	0	-0.270211384712945	0.18541445601685663
speech	uligo	0	-0.270211384712945	0.18541445601685663
speech	promethides	0	-0.270211384712945	0.18541445601685663
speech	prothoenorus	0	-0.270211384712945	0.18541445601685663
speech	prosero	0	-0.270211384712945	0.18541445601685663
speech	prothoenora	0	-0.270211384712945	0.18541445601685663
speech	prosper	0	-0.270211384712945	0.18541445601685663
speech	prothoenor	0	-0.270211384712945	0.18541445601685663
speech	protesila	0	-0.270211384712945	0.18541445601685663
speech	prosubigo	0	-0.270211384712945	0.18541445601685663
speech	prosymna	0	-0.270211384712945	0.18541445601685663
speech	proteruis	0	-0.270211384712945	0.18541445601685663
speech	protrudo	0	-0.270211384712945	0.18541445601685663
speech	argous	0	-0.270211384712945	0.18541445601685663
speech	propoetidus	0	-0.270211384712945	0.18541445601685663
speech	propiusuo	0	-0.270211384712945	0.18541445601685663
speech	arpinas	0	-0.270211384712945	0.18541445601685663
speech	tributum	0	-0.270211384712945	0.18541445601685663
speech	promolus	0	-0.270211384712945	0.18541445601685663
speech	summidio	0	-0.270211384712945	0.18541445601685663
speech	armigeer	0	-0.270211384712945	0.18541445601685663
speech	superatus	0	-0.270211384712945	0.18541445601685663
speech	armentarius	0	-0.270211384712945	0.18541445601685663
speech	propecto	0	-0.270211384712945	0.18541445601685663
speech	frigesco	0	-0.270211384712945	0.18541445601685663
speech	propen	0	-0.270211384712945	0.18541445601685663
speech	propendeo	0	-0.270211384712945	0.18541445601685663
speech	ariusius	0	-0.270211384712945	0.18541445601685663
speech	propexa	0	-0.270211384712945	0.18541445601685663
speech	propexus	0	-0.270211384712945	0.18541445601685663
speech	propincum	0	-0.270211384712945	0.18541445601685663
speech	arine	0	-0.270211384712945	0.18541445601685663
speech	frendeo	0	-0.270211384712945	0.18541445601685663
speech	aricinus	0	-0.270211384712945	0.18541445601685663
speech	troezenius	0	-0.270211384712945	0.18541445601685663
speech	pterelas	0	-0.270211384712945	0.18541445601685663
speech	proetidus	0	-0.270211384712945	0.18541445601685663
speech	proetia	0	-0.270211384712945	0.18541445601685663
speech	atella	0	-0.270211384712945	0.18541445601685663
speech	pulydamas	0	-0.270211384712945	0.18541445601685663
speech	precarius	0	-0.270211384712945	0.18541445601685663
speech	precibusne	0	-0.270211384712945	0.18541445601685663
speech	athamanteus	0	-0.270211384712945	0.18541445601685663
speech	athamans	0	-0.270211384712945	0.18541445601685663
speech	prelum	0	-0.270211384712945	0.18541445601685663
speech	superor	0	-0.270211384712945	0.18541445601685663
speech	sulmus	0	-0.270211384712945	0.18541445601685663
speech	uitanus	0	-0.270211384712945	0.18541445601685663
speech	aracyntho	0	-0.270211384712945	0.18541445601685663
speech	pthia	0	-0.270211384712945	0.18541445601685663
speech	pressus	0	-0.270211384712945	0.18541445601685663
speech	aradus	0	-0.270211384712945	0.18541445601685663
speech	uitifer	0	-0.270211384712945	0.18541445601685663
speech	pullulo	0	-0.270211384712945	0.18541445601685663
speech	astyanax	0	-0.270211384712945	0.18541445601685663
speech	pulchrior	0	-0.270211384712945	0.18541445601685663
speech	priamidae	0	-0.270211384712945	0.18541445601685663
speech	astyanacta	0	-0.270211384712945	0.18541445601685663
speech	uitiferi	0	-0.270211384712945	0.18541445601685663
speech	sulmon	0	-0.270211384712945	0.18541445601685663
speech	athamanus	0	-0.270211384712945	0.18541445601685663
speech	praeuro	0	-0.270211384712945	0.18541445601685663
speech	praeuitio	0	-0.270211384712945	0.18541445601685663
speech	praestruxero	0	-0.270211384712945	0.18541445601685663
speech	praesudo	0	-0.270211384712945	0.18541445601685663
speech	aquinas	0	-0.270211384712945	0.18541445601685663
speech	praesuo	0	-0.270211384712945	0.18541445601685663
speech	praetardo	0	-0.270211384712945	0.18541445601685663
speech	extentus	0	-0.270211384712945	0.18541445601685663
speech	praetenio	0	-0.270211384712945	0.18541445601685663
speech	sulmo	0	-0.270211384712945	0.18541445601685663
speech	athon	0	-0.270211384712945	0.18541445601685663
speech	praeteritus	0	-0.270211384712945	0.18541445601685663
speech	punic	0	-0.270211384712945	0.18541445601685663
speech	athesis	0	-0.270211384712945	0.18541445601685663
speech	pumiceus	0	-0.270211384712945	0.18541445601685663
speech	praetinctus	0	-0.270211384712945	0.18541445601685663
speech	praetor	0	-0.270211384712945	0.18541445601685663
speech	praetutius	0	-0.270211384712945	0.18541445601685663
speech	athenaeus	0	-0.270211384712945	0.18541445601685663
speech	pumicea	0	-0.270211384712945	0.18541445601685663
speech	praeuetitus	0	-0.270211384712945	0.18541445601685663
speech	superisne	0	-0.270211384712945	0.18541445601685663
speech	exspectandus	0	-0.270211384712945	0.18541445601685663
speech	araxes	0	-0.270211384712945	0.18541445601685663
speech	arbela	0	-0.270211384712945	0.18541445601685663
speech	prochytes	0	-0.270211384712945	0.18541445601685663
speech	prochytus	0	-0.270211384712945	0.18541445601685663
speech	arbos	0	-0.270211384712945	0.18541445601685663
speech	prociduus	0	-0.270211384712945	0.18541445601685663
speech	assentio	0	-0.270211384712945	0.18541445601685663
speech	arbutus	0	-0.270211384712945	0.18541445601685663
speech	procneson	0	-0.270211384712945	0.18541445601685663
speech	procreo	0	-0.270211384712945	0.18541445601685663
speech	fregena	0	-0.270211384712945	0.18541445601685663
speech	superfungo	0	-0.270211384712945	0.18541445601685663
speech	procursus	0	-0.270211384712945	0.18541445601685663
speech	uitrus	0	-0.270211384712945	0.18541445601685663
speech	procuruus	0	-0.270211384712945	0.18541445601685663
speech	asopus	0	-0.270211384712945	0.18541445601685663
speech	publicola	0	-0.270211384712945	0.18541445601685663
speech	publicitus	0	-0.270211384712945	0.18541445601685663
speech	frondeus	0	-0.270211384712945	0.18541445601685663
speech	prodigo	0	-0.270211384712945	0.18541445601685663
speech	ptolomaeus	0	-0.270211384712945	0.18541445601685663
speech	prochyta	0	-0.270211384712945	0.18541445601685663
speech	assero	0	-0.270211384712945	0.18541445601685663
speech	superinstrepio	0	-0.270211384712945	0.18541445601685663
speech	superimmino	0	-0.270211384712945	0.18541445601685663
speech	pugnaeue	0	-0.270211384712945	0.18541445601685663
speech	prion	0	-0.270211384712945	0.18541445601685663
speech	sulpureus	0	-0.270211384712945	0.18541445601685663
speech	priscian	0	-0.270211384712945	0.18541445601685663
speech	superinpono	0	-0.270211384712945	0.18541445601685663
speech	pugmans	0	-0.270211384712945	0.18541445601685663
speech	uitiferum	0	-0.270211384712945	0.18541445601685663
speech	uitiferus	0	-0.270211384712945	0.18541445601685663
speech	frumentum	0	-0.270211384712945	0.18541445601685663
speech	priuernatus	0	-0.270211384712945	0.18541445601685663
speech	trogilus	0	-0.270211384712945	0.18541445601685663
speech	assumo	0	-0.270211384712945	0.18541445601685663
speech	superingestus	0	-0.270211384712945	0.18541445601685663
speech	uitisator	0	-0.270211384712945	0.18541445601685663
speech	assilio	0	-0.270211384712945	0.18541445601685663
speech	probetne	0	-0.270211384712945	0.18541445601685663
speech	probrosus	0	-0.270211384712945	0.18541445601685663
speech	assigno	0	-0.270211384712945	0.18541445601685663
speech	puerperia	0	-0.270211384712945	0.18541445601685663
speech	podarces	0	-0.270211384712945	0.18541445601685663
speech	podaetes	0	-0.270211384712945	0.18541445601685663
speech	expuo	0	-0.270211384712945	0.18541445601685663
speech	tabidus	0	-0.270211384712945	0.18541445601685663
speech	persocia	0	-0.270211384712945	0.18541445601685663
speech	sudibusue	0	-0.270211384712945	0.18541445601685663
speech	tabularium	0	-0.270211384712945	0.18541445601685663
speech	tremefaco	0	-0.270211384712945	0.18541445601685663
speech	rambelus	0	-0.270211384712945	0.18541445601685663
speech	uiii	0	-0.270211384712945	0.18541445601685663
speech	expatio	0	-0.270211384712945	0.18541445601685663
speech	expaueo	0	-0.270211384712945	0.18541445601685663
speech	caeliferus	0	-0.270211384712945	0.18541445601685663
speech	gaetula	0	-0.270211384712945	0.18541445601685663
speech	pessum	0	-0.270211384712945	0.18541445601685663
speech	peruego	0	-0.270211384712945	0.18541445601685663
speech	uilissimus	0	-0.270211384712945	0.18541445601685663
speech	suebus	0	-0.270211384712945	0.18541445601685663
speech	cadus	0	-0.270211384712945	0.18541445601685663
speech	caduco	0	-0.270211384712945	0.18541445601685663
speech	radalus	0	-0.270211384712945	0.18541445601685663
speech	peruolo	0	-0.270211384712945	0.18541445601685663
speech	peruorto	0	-0.270211384712945	0.18541445601685663
speech	perusina	0	-0.270211384712945	0.18541445601685663
speech	persis	0	-0.270211384712945	0.18541445601685663
speech	caeritus	0	-0.270211384712945	0.18541445601685663
speech	gala	0	-0.270211384712945	0.18541445601685663
speech	amythaonius	0	-0.270211384712945	0.18541445601685663
speech	permixo	0	-0.270211384712945	0.18541445601685663
speech	exorsus	0	-0.270211384712945	0.18541445601685663
speech	pernego	0	-0.270211384712945	0.18541445601685663
speech	calabri	0	-0.270211384712945	0.18541445601685663
speech	pernocte	0	-0.270211384712945	0.18541445601685663
speech	pernocto	0	-0.270211384712945	0.18541445601685663
speech	pero	0	-0.270211384712945	0.18541445601685663
speech	sucro	0	-0.270211384712945	0.18541445601685663
speech	uigo	0	-0.270211384712945	0.18541445601685663
speech	caetro	0	-0.270211384712945	0.18541445601685663
speech	sucrum	0	-0.270211384712945	0.18541445601685663
speech	extudero	0	-0.270211384712945	0.18541445601685663
speech	caesareus	0	-0.270211384712945	0.18541445601685663
speech	persaeus	0	-0.270211384712945	0.18541445601685663
speech	perseas	0	-0.270211384712945	0.18541445601685663
speech	persees	0	-0.270211384712945	0.18541445601685663
speech	caesarea	0	-0.270211384712945	0.18541445601685663
speech	persentio	0	-0.270211384712945	0.18541445601685663
speech	persento	0	-0.270211384712945	0.18541445601685663
speech	ancile	0	-0.270211384712945	0.18541445601685663
speech	expectandus	0	-0.270211384712945	0.18541445601685663
speech	undiso	0	-0.270211384712945	0.18541445601685663
speech	expeditio	0	-0.270211384712945	0.18541445601685663
speech	taba	0	-0.270211384712945	0.18541445601685663
speech	buco	0	-0.270211384712945	0.18541445601685663
speech	bucer	0	-0.270211384712945	0.18541445601685663
speech	bt	0	-0.270211384712945	0.18541445601685663
speech	phaethusa	0	-0.270211384712945	0.18541445601685663
speech	undiuagus	0	-0.270211384712945	0.18541445601685663
speech	phalanteo	0	-0.270211384712945	0.18541445601685663
speech	phalantes	0	-0.270211384712945	0.18541445601685663
speech	undisona	0	-0.270211384712945	0.18541445601685663
speech	phalaricus	0	-0.270211384712945	0.18541445601685663
speech	expectaturus	0	-0.270211384712945	0.18541445601685663
speech	phalas	0	-0.270211384712945	0.18541445601685663
speech	syrticus	0	-0.270211384712945	0.18541445601685663
speech	phaler	0	-0.270211384712945	0.18541445601685663
speech	quomodo	0	-0.270211384712945	0.18541445601685663
speech	phaleres	0	-0.270211384712945	0.18541445601685663
speech	phaleris	0	-0.270211384712945	0.18541445601685663
speech	phalio	0	-0.270211384712945	0.18541445601685663
speech	phantasus	0	-0.270211384712945	0.18541445601685663
speech	brutum	0	-0.270211384712945	0.18541445601685663
speech	phaestus	0	-0.270211384712945	0.18541445601685663
speech	buo	0	-0.270211384712945	0.18541445601685663
speech	quosnam	0	-0.270211384712945	0.18541445601685663
speech	burrus	0	-0.270211384712945	0.18541445601685663
speech	uillum	0	-0.270211384712945	0.18541445601685663
speech	peter	0	-0.270211384712945	0.18541445601685663
speech	petilua	0	-0.270211384712945	0.18541445601685663
speech	fusilis	0	-0.270211384712945	0.18541445601685663
speech	petituo	0	-0.270211384712945	0.18541445601685663
speech	buthrotum	0	-0.270211384712945	0.18541445601685663
speech	ancilis	0	-0.270211384712945	0.18541445601685663
speech	petulo	0	-0.270211384712945	0.18541445601685663
speech	quosue	0	-0.270211384712945	0.18541445601685663
speech	peuces	0	-0.270211384712945	0.18541445601685663
speech	peucetius	0	-0.270211384712945	0.18541445601685663
speech	peucon	0	-0.270211384712945	0.18541445601685663
speech	peux	0	-0.270211384712945	0.18541445601685663
speech	phacelina	0	-0.270211384712945	0.18541445601685663
speech	buta	0	-0.270211384712945	0.18541445601685663
speech	phaedima	0	-0.270211384712945	0.18541445601685663
speech	phaedimon	0	-0.270211384712945	0.18541445601685663
speech	trementum	0	-0.270211384712945	0.18541445601685663
speech	phaedra	0	-0.270211384712945	0.18541445601685663
speech	rapum	0	-0.270211384712945	0.18541445601685663
speech	rarescor	0	-0.270211384712945	0.18541445601685663
speech	exorno	0	-0.270211384712945	0.18541445601685663
speech	taenaros	0	-0.270211384712945	0.18541445601685663
speech	pelopus	0	-0.270211384712945	0.18541445601685663
speech	taenia	0	-0.270211384712945	0.18541445601685663
speech	recultus	0	-0.270211384712945	0.18541445601685663
speech	rectorumue	0	-0.270211384712945	0.18541445601685663
speech	uictricius	0	-0.270211384712945	0.18541445601685663
speech	cantharus	0	-0.270211384712945	0.18541445601685663
speech	taenarus	0	-0.270211384712945	0.18541445601685663
speech	pendulus	0	-0.270211384712945	0.18541445601685663
speech	reconcilio	0	-0.270211384712945	0.18541445601685663
speech	recolleco	0	-0.270211384712945	0.18541445601685663
speech	rarior	0	-0.270211384712945	0.18541445601685663
speech	amoenum	0	-0.270211384712945	0.18541445601685663
speech	taenaron	0	-0.270211384712945	0.18541445601685663
speech	succinctus	0	-0.270211384712945	0.18541445601685663
speech	garrulitas	0	-0.270211384712945	0.18541445601685663
speech	recisus	0	-0.270211384712945	0.18541445601685663
speech	reciproco	0	-0.270211384712945	0.18541445601685663
speech	penuria	0	-0.270211384712945	0.18541445601685663
speech	recio	0	-0.270211384712945	0.18541445601685663
speech	taena	0	-0.270211384712945	0.18541445601685663
speech	capacus	0	-0.270211384712945	0.18541445601685663
speech	recuro	0	-0.270211384712945	0.18541445601685663
speech	tages	0	-0.270211384712945	0.18541445601685663
speech	capena	0	-0.270211384712945	0.18541445601685663
speech	amenanus	0	-0.270211384712945	0.18541445601685663
speech	pedasus	0	-0.270211384712945	0.18541445601685663
speech	redimeo	0	-0.270211384712945	0.18541445601685663
speech	redeuno	0	-0.270211384712945	0.18541445601685663
speech	capitolum	0	-0.270211384712945	0.18541445601685663
speech	pegason	0	-0.270211384712945	0.18541445601685663
speech	capital	0	-0.270211384712945	0.18541445601685663
speech	peior	0	-0.270211384712945	0.18541445601685663
speech	capistrum	0	-0.270211384712945	0.18541445601685663
speech	pelagon	0	-0.270211384712945	0.18541445601685663
speech	pelasga	0	-0.270211384712945	0.18541445601685663
speech	uictoribuss	0	-0.270211384712945	0.18541445601685663
speech	gauito	0	-0.270211384712945	0.18541445601685663
speech	amerinus	0	-0.270211384712945	0.18541445601685663
speech	pelethronia	0	-0.270211384712945	0.18541445601685663
speech	exurgeo	0	-0.270211384712945	0.18541445601685663
speech	recusantus	0	-0.270211384712945	0.18541445601685663
speech	capenus	0	-0.270211384712945	0.18541445601685663
speech	pelius	0	-0.270211384712945	0.18541445601685663
speech	uicus	0	-0.270211384712945	0.18541445601685663
speech	perbio	0	-0.270211384712945	0.18541445601685663
speech	percalesco	0	-0.270211384712945	0.18541445601685663
speech	perfusus	0	-0.270211384712945	0.18541445601685663
speech	pergus	0	-0.270211384712945	0.18541445601685663
speech	gangaridus	0	-0.270211384712945	0.18541445601685663
speech	ratum	0	-0.270211384712945	0.18541445601685663
speech	calliditas	0	-0.270211384712945	0.18541445601685663
speech	periclymenes	0	-0.270211384712945	0.18541445601685663
speech	periclymenus	0	-0.270211384712945	0.18541445601685663
speech	uiduum	0	-0.270211384712945	0.18541445601685663
speech	peridia	0	-0.270211384712945	0.18541445601685663
speech	exoptabilis	0	-0.270211384712945	0.18541445601685663
speech	trietericum	0	-0.270211384712945	0.18541445601685663
speech	periphus	0	-0.270211384712945	0.18541445601685663
speech	calenus	0	-0.270211384712945	0.18541445601685663
speech	taco	0	-0.270211384712945	0.18541445601685663
speech	amyclaei	0	-0.270211384712945	0.18541445601685663
speech	succuto	0	-0.270211384712945	0.18541445601685663
speech	tacetuus	0	-0.270211384712945	0.18541445601685663
speech	tacereue	0	-0.270211384712945	0.18541445601685663
speech	permaturuo	0	-0.270211384712945	0.18541445601685663
speech	trecenti	0	-0.270211384712945	0.18541445601685663
speech	callipolis	0	-0.270211384712945	0.18541445601685663
speech	perfurio	0	-0.270211384712945	0.18541445601685663
speech	candidior	0	-0.270211384712945	0.18541445601685663
speech	callum	0	-0.270211384712945	0.18541445601685663
speech	recessur	0	-0.270211384712945	0.18541445601685663
speech	recentum	0	-0.270211384712945	0.18541445601685663
speech	perconto	0	-0.270211384712945	0.18541445601685663
speech	canachus	0	-0.270211384712945	0.18541445601685663
speech	perdix	0	-0.270211384712945	0.18541445601685663
speech	succipio	0	-0.270211384712945	0.18541445601685663
speech	succresco	0	-0.270211384712945	0.18541445601685663
speech	recalfacio	0	-0.270211384712945	0.18541445601685663
speech	uidsco	0	-0.270211384712945	0.18541445601685663
speech	camenus	0	-0.270211384712945	0.18541445601685663
speech	peresius	0	-0.270211384712945	0.18541445601685663
speech	calymne	0	-0.270211384712945	0.18541445601685663
speech	garamans	0	-0.270211384712945	0.18541445601685663
speech	rebellis	0	-0.270211384712945	0.18541445601685663
speech	reas	0	-0.270211384712945	0.18541445601685663
speech	rauenna	0	-0.270211384712945	0.18541445601685663
speech	perfudo	0	-0.270211384712945	0.18541445601685663
speech	tadius	0	-0.270211384712945	0.18541445601685663
speech	perfungor	0	-0.270211384712945	0.18541445601685663
speech	syron	0	-0.270211384712945	0.18541445601685663
speech	pharetriger	0	-0.270211384712945	0.18541445601685663
speech	aonides	0	-0.270211384712945	0.18541445601685663
speech	sustollo	0	-0.270211384712945	0.18541445601685663
speech	antiqui	0	-0.270211384712945	0.18541445601685663
speech	piraeea	0	-0.270211384712945	0.18541445601685663
speech	antiquissimus	0	-0.270211384712945	0.18541445601685663
speech	pirenidus	0	-0.270211384712945	0.18541445601685663
speech	pirenis	0	-0.270211384712945	0.18541445601685663
speech	quercens	0	-0.270211384712945	0.18541445601685663
speech	bes	0	-0.270211384712945	0.18541445601685663
speech	quemue	0	-0.270211384712945	0.18541445601685663
speech	pisandrus	0	-0.270211384712945	0.18541445601685663
speech	funestis	0	-0.270211384712945	0.18541445601685663
speech	pityam	0	-0.270211384712945	0.18541445601685663
speech	piscosoues	0	-0.270211384712945	0.18541445601685663
speech	extero	0	-0.270211384712945	0.18541445601685663
speech	quattor	0	-0.270211384712945	0.18541445601685663
speech	pistra	0	-0.270211384712945	0.18541445601685663
speech	benigne	0	-0.270211384712945	0.18541445601685663
speech	pitane	0	-0.270211384712945	0.18541445601685663
speech	pithecusa	0	-0.270211384712945	0.18541445601685663
speech	beneuentum	0	-0.270211384712945	0.18541445601685663
speech	pittheius	0	-0.270211384712945	0.18541445601685663
speech	bicorpor	0	-0.270211384712945	0.18541445601685663
speech	susurres	0	-0.270211384712945	0.18541445601685663
speech	antimachus	0	-0.270211384712945	0.18541445601685663
speech	pinigeo	0	-0.270211384712945	0.18541445601685663
speech	pictai	0	-0.270211384712945	0.18541445601685663
speech	bisalta	0	-0.270211384712945	0.18541445601685663
speech	syenites	0	-0.270211384712945	0.18541445601685663
speech	antehac	0	-0.270211384712945	0.18541445601685663
speech	pieria	0	-0.270211384712945	0.18541445601685663
speech	pierides	0	-0.270211384712945	0.18541445601685663
speech	sydon	0	-0.270211384712945	0.18541445601685663
speech	bipes	0	-0.270211384712945	0.18541445601685663
speech	pignero	0	-0.270211384712945	0.18541445601685663
speech	pigrus	0	-0.270211384712945	0.18541445601685663
speech	pilatus	0	-0.270211384712945	0.18541445601685663
speech	pilens	0	-0.270211384712945	0.18541445601685663
speech	fungus	0	-0.270211384712945	0.18541445601685663
speech	pilus	0	-0.270211384712945	0.18541445601685663
speech	biiuga	0	-0.270211384712945	0.18541445601685663
speech	pindumue	0	-0.270211384712945	0.18541445601685663
speech	sutrius	0	-0.270211384712945	0.18541445601685663
speech	suetes	0	-0.270211384712945	0.18541445601685663
speech	fotus	0	-0.270211384712945	0.18541445601685663
speech	benacus	0	-0.270211384712945	0.18541445601685663
speech	funero	0	-0.270211384712945	0.18541445601685663
speech	quodcun	0	-0.270211384712945	0.18541445601685663
speech	plico	0	-0.270211384712945	0.18541445601685663
speech	anxuris	0	-0.270211384712945	0.18541445601685663
speech	plerumque	0	-0.270211384712945	0.18541445601685663
speech	plerusque	0	-0.270211384712945	0.18541445601685663
speech	pleurones	0	-0.270211384712945	0.18541445601685663
speech	expugnator	0	-0.270211384712945	0.18541445601685663
speech	plexippus	0	-0.270211384712945	0.18541445601685663
speech	pliada	0	-0.270211384712945	0.18541445601685663
speech	quantine	0	-0.270211384712945	0.18541445601685663
speech	plias	0	-0.270211384712945	0.18541445601685663
speech	plisthenides	0	-0.270211384712945	0.18541445601685663
speech	suffego	0	-0.270211384712945	0.18541445601685663
speech	quantasue	0	-0.270211384712945	0.18541445601685663
speech	pluit	0	-0.270211384712945	0.18541445601685663
speech	anxurus	0	-0.270211384712945	0.18541445601685663
speech	baton	0	-0.270211384712945	0.18541445601685663
speech	fundator	0	-0.270211384712945	0.18541445601685663
speech	pluo	0	-0.270211384712945	0.18541445601685663
speech	pluteus	0	-0.270211384712945	0.18541445601685663
speech	pluton	0	-0.270211384712945	0.18541445601685663
speech	barbaria	0	-0.270211384712945	0.18541445601685663
speech	plemyrius	0	-0.270211384712945	0.18541445601685663
speech	pleiones	0	-0.270211384712945	0.18541445601685663
speech	pleione	0	-0.270211384712945	0.18541445601685663
speech	pleio	0	-0.270211384712945	0.18541445601685663
speech	quaterni	0	-0.270211384712945	0.18541445601685663
speech	placentia	0	-0.270211384712945	0.18541445601685663
speech	belligerus	0	-0.270211384712945	0.18541445601685663
speech	uinea	0	-0.270211384712945	0.18541445601685663
speech	quaterdeni	0	-0.270211384712945	0.18541445601685663
speech	uinitor	0	-0.270211384712945	0.18541445601685663
speech	sufficientia	0	-0.270211384712945	0.18541445601685663
speech	antistes	0	-0.270211384712945	0.18541445601685663
speech	suspiratus	0	-0.270211384712945	0.18541445601685663
speech	bellantum	0	-0.270211384712945	0.18541445601685663
speech	antistita	0	-0.270211384712945	0.18541445601685663
speech	antonius	0	-0.270211384712945	0.18541445601685663
speech	plantar	0	-0.270211384712945	0.18541445601685663
speech	plantaria	0	-0.270211384712945	0.18541445601685663
speech	anulus	0	-0.270211384712945	0.18541445601685663
speech	plebes	0	-0.270211384712945	0.18541445601685663
speech	bauli	0	-0.270211384712945	0.18541445601685663
speech	pleiades	0	-0.270211384712945	0.18541445601685663
speech	batus	0	-0.270211384712945	0.18541445601685663
speech	picentia	0	-0.270211384712945	0.18541445601685663
speech	troiad	0	-0.270211384712945	0.18541445601685663
speech	picens	0	-0.270211384712945	0.18541445601685663
speech	philyra	0	-0.270211384712945	0.18541445601685663
speech	pheretiadus	0	-0.270211384712945	0.18541445601685663
speech	pheretias	0	-0.270211384712945	0.18541445601685663
speech	pheretis	0	-0.270211384712945	0.18541445601685663
speech	phiale	0	-0.270211384712945	0.18541445601685663
speech	phidippus	0	-0.270211384712945	0.18541445601685663
speech	philaemon	0	-0.270211384712945	0.18541445601685663
speech	philaenes	0	-0.270211384712945	0.18541445601685663
speech	brattea	0	-0.270211384712945	0.18541445601685663
speech	syracosius	0	-0.270211384712945	0.18541445601685663
speech	extruo	0	-0.270211384712945	0.18541445601685663
speech	symaethus	0	-0.270211384712945	0.18541445601685663
speech	phinea	0	-0.270211384712945	0.18541445601685663
speech	phinei	0	-0.270211384712945	0.18541445601685663
speech	phineia	0	-0.270211384712945	0.18541445601685663
speech	phineius	0	-0.270211384712945	0.18541445601685663
speech	syracosias	0	-0.270211384712945	0.18541445601685663
speech	uincina	0	-0.270211384712945	0.18541445601685663
speech	phlegethons	0	-0.270211384712945	0.18541445601685663
speech	phlegethonta	0	-0.270211384712945	0.18541445601685663
speech	phlegos	0	-0.270211384712945	0.18541445601685663
speech	phereta	0	-0.270211384712945	0.18541445601685663
speech	phereclus	0	-0.270211384712945	0.18541445601685663
speech	pherecles	0	-0.270211384712945	0.18541445601685663
speech	pheraeus	0	-0.270211384712945	0.18541445601685663
speech	brundisium	0	-0.270211384712945	0.18541445601685663
speech	pharis	0	-0.270211384712945	0.18541445601685663
speech	pharon	0	-0.270211384712945	0.18541445601685663
speech	anguifer	0	-0.270211384712945	0.18541445601685663
speech	pharsalia	0	-0.270211384712945	0.18541445601685663
speech	anguineus	0	-0.270211384712945	0.18541445601685663
speech	pharsalis	0	-0.270211384712945	0.18541445601685663
speech	phasiades	0	-0.270211384712945	0.18541445601685663
speech	phasias	0	-0.270211384712945	0.18541445601685663
speech	bromos	0	-0.270211384712945	0.18541445601685663
speech	oblique	0	-0.270211384712945	0.18541445601685663
speech	experio	0	-0.270211384712945	0.18541445601685663
speech	briseus	0	-0.270211384712945	0.18541445601685663
speech	briseis	0	-0.270211384712945	0.18541445601685663
speech	syracusae	0	-0.270211384712945	0.18541445601685663
speech	phegiacus	0	-0.270211384712945	0.18541445601685663
speech	pheneon	0	-0.270211384712945	0.18541445601685663
speech	phenes	0	-0.270211384712945	0.18541445601685663
speech	breuius	0	-0.270211384712945	0.18541445601685663
speech	trieter	0	-0.270211384712945	0.18541445601685663
speech	phlegraeos	0	-0.270211384712945	0.18541445601685663
speech	bospori	0	-0.270211384712945	0.18541445601685663
speech	symplegadus	0	-0.270211384712945	0.18541445601685663
speech	phoronidos	0	-0.270211384712945	0.18541445601685663
speech	boebeis	0	-0.270211384712945	0.18541445601685663
speech	bocchus	0	-0.270211384712945	0.18541445601685663
speech	quinquennis	0	-0.270211384712945	0.18541445601685663
speech	blandimentum	0	-0.270211384712945	0.18541445601685663
speech	phrontis	0	-0.270211384712945	0.18541445601685663
speech	bithynus	0	-0.270211384712945	0.18541445601685663
speech	phrygioues	0	-0.270211384712945	0.18541445601685663
speech	bistonides	0	-0.270211384712945	0.18541445601685663
speech	phrygium	0	-0.270211384712945	0.18541445601685663
speech	quingenti	0	-0.270211384712945	0.18541445601685663
speech	extimus	0	-0.270211384712945	0.18541445601685663
speech	phylax	0	-0.270211384712945	0.18541445601685663
speech	phylea	0	-0.270211384712945	0.18541445601685663
speech	phylius	0	-0.270211384712945	0.18541445601685663
speech	phyllei	0	-0.270211384712945	0.18541445601685663
speech	phylleus	0	-0.270211384712945	0.18541445601685663
speech	unca	0	-0.270211384712945	0.18541445601685663
speech	picanus	0	-0.270211384712945	0.18541445601685663
speech	symplegadae	0	-0.270211384712945	0.18541445601685663
speech	phorcidas	0	-0.270211384712945	0.18541445601685663
speech	furnius	0	-0.270211384712945	0.18541445601685663
speech	phorbas	0	-0.270211384712945	0.18541445601685663
speech	phlogium	0	-0.270211384712945	0.18541445601685663
speech	phobetor	0	-0.270211384712945	0.18541445601685663
speech	undenus	0	-0.270211384712945	0.18541445601685663
speech	anien	0	-0.270211384712945	0.18541445601685663
speech	phocen	0	-0.270211384712945	0.18541445601685663
speech	phocidus	0	-0.270211384712945	0.18541445601685663
speech	boo	0	-0.270211384712945	0.18541445601685663
speech	anigrus	0	-0.270211384712945	0.18541445601685663
speech	bononia	0	-0.270211384712945	0.18541445601685663
speech	synhalis	0	-0.270211384712945	0.18541445601685663
speech	phoebeia	0	-0.270211384712945	0.18541445601685663
speech	phoeben	0	-0.270211384712945	0.18541445601685663
speech	phoebeo	0	-0.270211384712945	0.18541445601685663
speech	quirinius	0	-0.270211384712945	0.18541445601685663
speech	phoebigena	0	-0.270211384712945	0.18541445601685663
speech	phoenicus	0	-0.270211384712945	0.18541445601685663
speech	undecimus	0	-0.270211384712945	0.18541445601685663
speech	phorbae	0	-0.270211384712945	0.18541445601685663
speech	fortuito	0	-0.270211384712945	0.18541445601685663
speech	circumcingo	0	-0.270211384712945	0.18541445601685663
speech	compitum	0	-0.270211384712945	0.18541445601685663
speech	gorgones	0	-0.270211384712945	0.18541445601685663
speech	ualidisne	0	-0.270211384712945	0.18541445601685663
speech	ion	0	-0.270211384712945	0.18541445601685663
speech	ionas	0	-0.270211384712945	0.18541445601685663
speech	ionia	0	-0.270211384712945	0.18541445601685663
speech	ioniae	0	-0.270211384712945	0.18541445601685663
speech	dedignao	0	-0.270211384712945	0.18541445601685663
speech	sepulcralis	0	-0.270211384712945	0.18541445601685663
speech	iphigenia	0	-0.270211384712945	0.18541445601685663
speech	septingenti	0	-0.270211384712945	0.18541445601685663
speech	adfectans	0	-0.270211384712945	0.18541445601685663
speech	dedecoro	0	-0.270211384712945	0.18541445601685663
speech	ualerius	0	-0.270211384712945	0.18541445601685663
speech	thoactes	0	-0.270211384712945	0.18541445601685663
speech	decursus	0	-0.270211384712945	0.18541445601685663
speech	irritamentum	0	-0.270211384712945	0.18541445601685663
speech	ualerus	0	-0.270211384712945	0.18541445601685663
speech	strico	0	-0.270211384712945	0.18541445601685663
speech	hiempsal	0	-0.270211384712945	0.18541445601685663
speech	irus	0	-0.270211384712945	0.18541445601685663
speech	hiemalis	0	-0.270211384712945	0.18541445601685663
speech	fiber	0	-0.270211384712945	0.18541445601685663
speech	strictura	0	-0.270211384712945	0.18541445601685663
speech	ioles	0	-0.270211384712945	0.18541445601685663
speech	iolciacus	0	-0.270211384712945	0.18541445601685663
speech	himer	0	-0.270211384712945	0.18541445601685663
speech	ualenter	0	-0.270211384712945	0.18541445601685663
speech	tostus	0	-0.270211384712945	0.18541445601685663
speech	inuestigo	0	-0.270211384712945	0.18541445601685663
speech	triquetrus	0	-0.270211384712945	0.18541445601685663
speech	inuido	0	-0.270211384712945	0.18541445601685663
speech	defringo	0	-0.270211384712945	0.18541445601685663
speech	deformus	0	-0.270211384712945	0.18541445601685663
speech	defluus	0	-0.270211384712945	0.18541445601685663
speech	sergia	0	-0.270211384712945	0.18541445601685663
speech	addubito	0	-0.270211384712945	0.18541445601685663
speech	inumbro	0	-0.270211384712945	0.18541445601685663
speech	sequentum	0	-0.270211384712945	0.18541445601685663
speech	serenatus	0	-0.270211384712945	0.18541445601685663
speech	ualentus	0	-0.270211384712945	0.18541445601685663
speech	uulgatus	0	-0.270211384712945	0.18541445601685663
speech	inus	0	-0.270211384712945	0.18541445601685663
speech	adeonus	0	-0.270211384712945	0.18541445601685663
speech	defendendus	0	-0.270211384712945	0.18541445601685663
speech	aderro	0	-0.270211384712945	0.18541445601685663
speech	deeo	0	-0.270211384712945	0.18541445601685663
speech	iocosus	0	-0.270211384712945	0.18541445601685663
speech	ismarii	0	-0.270211384712945	0.18541445601685663
speech	sepio	0	-0.270211384712945	0.18541445601685663
speech	stratia	0	-0.270211384712945	0.18541445601685663
speech	adfinis	0	-0.270211384712945	0.18541445601685663
speech	adhibendus	0	-0.270211384712945	0.18541445601685663
speech	iugulus	0	-0.270211384712945	0.18541445601685663
speech	thiasis	0	-0.270211384712945	0.18541445601685663
speech	iugurtha	0	-0.270211384712945	0.18541445601685663
speech	adhortor	0	-0.270211384712945	0.18541445601685663
speech	iunctim	0	-0.270211384712945	0.18541445601685663
speech	adieco	0	-0.270211384712945	0.18541445601685663
speech	uapidus	0	-0.270211384712945	0.18541445601685663
speech	daphnes	0	-0.270211384712945	0.18541445601685663
speech	daphne	0	-0.270211384712945	0.18541445601685663
speech	iura	0	-0.270211384712945	0.18541445601685663
speech	semiramius	0	-0.270211384712945	0.18541445601685663
speech	dano	0	-0.270211384712945	0.18541445601685663
speech	erraticus	0	-0.270211384712945	0.18541445601685663
speech	hesperon	0	-0.270211384712945	0.18541445601685663
speech	adito	0	-0.270211384712945	0.18541445601685663
speech	semino	0	-0.270211384712945	0.18541445601685663
speech	dana	0	-0.270211384712945	0.18541445601685663
speech	seminequus	0	-0.270211384712945	0.18541445601685663
speech	seminecus	0	-0.270211384712945	0.18541445601685663
speech	adiuero	0	-0.270211384712945	0.18541445601685663
speech	eripiendus	0	-0.270211384712945	0.18541445601685663
speech	iuger	0	-0.270211384712945	0.18541445601685663
speech	iubilo	0	-0.270211384712945	0.18541445601685663
speech	sensur	0	-0.270211384712945	0.18541445601685663
speech	ismenia	0	-0.270211384712945	0.18541445601685663
speech	hiberum	0	-0.270211384712945	0.18541445601685663
speech	adfirmans	0	-0.270211384712945	0.18541445601685663
speech	ismenos	0	-0.270211384712945	0.18541445601685663
speech	isses	0	-0.270211384712945	0.18541445601685663
speech	sentus	0	-0.270211384712945	0.18541445601685663
speech	declaro	0	-0.270211384712945	0.18541445601685663
speech	isthmos	0	-0.270211384712945	0.18541445601685663
speech	tritonidus	0	-0.270211384712945	0.18541445601685663
speech	erigone	0	-0.270211384712945	0.18541445601685663
speech	fartus	0	-0.270211384712945	0.18541445601685663
speech	deceo	0	-0.270211384712945	0.18541445601685663
speech	decentus	0	-0.270211384712945	0.18541445601685663
speech	thisbaees	0	-0.270211384712945	0.18541445601685663
speech	erilo	0	-0.270211384712945	0.18541445601685663
speech	fico	0	-0.270211384712945	0.18541445601685663
speech	ithoma	0	-0.270211384712945	0.18541445601685663
speech	adgnoscens	0	-0.270211384712945	0.18541445601685663
speech	thiodamus	0	-0.270211384712945	0.18541445601685663
speech	iu	0	-0.270211384712945	0.18541445601685663
speech	eretus	0	-0.270211384712945	0.18541445601685663
speech	inuecio	0	-0.270211384712945	0.18541445601685663
speech	semilacer	0	-0.270211384712945	0.18541445601685663
speech	intelligo	0	-0.270211384712945	0.18541445601685663
speech	deporto	0	-0.270211384712945	0.18541445601685663
speech	instantia	0	-0.270211384712945	0.18541445601685663
speech	thulis	0	-0.270211384712945	0.18541445601685663
speech	thryon	0	-0.270211384712945	0.18541445601685663
speech	actiacus	0	-0.270211384712945	0.18541445601685663
speech	actiter	0	-0.270211384712945	0.18541445601685663
speech	instinguo	0	-0.270211384712945	0.18541445601685663
speech	instita	0	-0.270211384712945	0.18541445601685663
speech	depleo	0	-0.270211384712945	0.18541445601685663
speech	thronius	0	-0.270211384712945	0.18541445601685663
speech	sicani	0	-0.270211384712945	0.18541445601685663
speech	uus	0	-0.270211384712945	0.18541445601685663
speech	depingo	0	-0.270211384712945	0.18541445601685663
speech	deperdo	0	-0.270211384712945	0.18541445601685663
speech	sibotes	0	-0.270211384712945	0.18541445601685663
speech	denupdo	0	-0.270211384712945	0.18541445601685663
speech	stiuaue	0	-0.270211384712945	0.18541445601685663
speech	ferula	0	-0.270211384712945	0.18541445601685663
speech	sexumue	0	-0.270211384712945	0.18541445601685663
speech	fescenninus	0	-0.270211384712945	0.18541445601685663
speech	seuoco	0	-0.270211384712945	0.18541445601685663
speech	deposio	0	-0.270211384712945	0.18541445601685663
speech	thuris	0	-0.270211384712945	0.18541445601685663
speech	depropero	0	-0.270211384712945	0.18541445601685663
speech	insego	0	-0.270211384712945	0.18541445601685663
speech	sidonicus	0	-0.270211384712945	0.18541445601685663
speech	inrumpens	0	-0.270211384712945	0.18541445601685663
speech	deses	0	-0.270211384712945	0.18541445601685663
speech	feruentis	0	-0.270211384712945	0.18541445601685663
speech	thydrus	0	-0.270211384712945	0.18541445601685663
speech	hirundo	0	-0.270211384712945	0.18541445601685663
speech	acrocorinthos	0	-0.270211384712945	0.18541445601685663
speech	insece	0	-0.270211384712945	0.18541445601685663
speech	desceo	0	-0.270211384712945	0.18541445601685663
speech	derpio	0	-0.270211384712945	0.18541445601685663
speech	sicelidae	0	-0.270211384712945	0.18541445601685663
speech	stips	0	-0.270211384712945	0.18541445601685663
speech	hirpinus	0	-0.270211384712945	0.18541445601685663
speech	siculisnus	0	-0.270211384712945	0.18541445601685663
speech	insidio	0	-0.270211384712945	0.18541445601685663
speech	uxama	0	-0.270211384712945	0.18541445601685663
speech	sicilienses	0	-0.270211384712945	0.18541445601685663
speech	derego	0	-0.270211384712945	0.18541445601685663
speech	sicelides	0	-0.270211384712945	0.18541445601685663
speech	hirpina	0	-0.270211384712945	0.18541445601685663
speech	tristior	0	-0.270211384712945	0.18541445601685663
speech	setus	0	-0.270211384712945	0.18541445601685663
speech	adcommodo	0	-0.270211384712945	0.18541445601685663
speech	hippolytes	0	-0.270211384712945	0.18541445601685663
speech	delia	0	-0.270211384712945	0.18541445601685663
speech	delero	0	-0.270211384712945	0.18541445601685663
speech	delenio	0	-0.270211384712945	0.18541445601685663
speech	acuus	0	-0.270211384712945	0.18541445601685663
speech	uulturna	0	-0.270211384712945	0.18541445601685663
speech	intersum	0	-0.270211384712945	0.18541445601685663
speech	adaequo	0	-0.270211384712945	0.18541445601685663
speech	interuio	0	-0.270211384712945	0.18541445601685663
speech	adamanteus	0	-0.270211384712945	0.18541445601685663
speech	thoi	0	-0.270211384712945	0.18541445601685663
speech	intextus	0	-0.270211384712945	0.18541445601685663
speech	uulsus	0	-0.270211384712945	0.18541445601685663
speech	thoantis	0	-0.270211384712945	0.18541445601685663
speech	intors	0	-0.270211384712945	0.18541445601685663
speech	adaugeo	0	-0.270211384712945	0.18541445601685663
speech	intortus	0	-0.270211384712945	0.18541445601685663
speech	seruantus	0	-0.270211384712945	0.18541445601685663
speech	serra	0	-0.270211384712945	0.18541445601685663
speech	introrsum	0	-0.270211384712945	0.18541445601685663
speech	hinous	0	-0.270211384712945	0.18541445601685663
speech	serpentinus	0	-0.270211384712945	0.18541445601685663
speech	interpono	0	-0.270211384712945	0.18541445601685663
speech	internus	0	-0.270211384712945	0.18541445601685663
speech	sescenti	0	-0.270211384712945	0.18541445601685663
speech	uagennus	0	-0.270211384712945	0.18541445601685663
speech	hippolochus	0	-0.270211384712945	0.18541445601685663
speech	setius	0	-0.270211384712945	0.18541445601685663
speech	setia	0	-0.270211384712945	0.18541445601685663
speech	demophoon	0	-0.270211384712945	0.18541445601685663
speech	thrasymennes	0	-0.270211384712945	0.18541445601685663
speech	sestus	0	-0.270211384712945	0.18541445601685663
speech	demodocus	0	-0.270211384712945	0.18541445601685663
speech	erecueo	0	-0.270211384712945	0.18541445601685663
speech	erepio	0	-0.270211384712945	0.18541445601685663
speech	demesdo	0	-0.270211384712945	0.18541445601685663
speech	hippo	0	-0.270211384712945	0.18541445601685663
speech	demento	0	-0.270211384712945	0.18541445601685663
speech	sesti	0	-0.270211384712945	0.18541445601685663
speech	sessilis	0	-0.270211384712945	0.18541445601685663
speech	delphina	0	-0.270211384712945	0.18541445601685663
speech	delphin	0	-0.270211384712945	0.18541445601685663
speech	interluceo	0	-0.270211384712945	0.18541445601685663
speech	hippocoontes	0	-0.270211384712945	0.18541445601685663
speech	sesostri	0	-0.270211384712945	0.18541445601685663
speech	intermisceo	0	-0.270211384712945	0.18541445601685663
speech	iuuenesco	0	-0.270211384712945	0.18541445601685663
speech	daha	0	-0.270211384712945	0.18541445601685663
speech	erecthis	0	-0.270211384712945	0.18541445601685663
speech	lebinthos	0	-0.270211384712945	0.18541445601685663
speech	latous	0	-0.270211384712945	0.18541445601685663
speech	latr	0	-0.270211384712945	0.18541445601685663
speech	adposio	0	-0.270211384712945	0.18541445601685663
speech	thermodonti	0	-0.270211384712945	0.18541445601685663
speech	curius	0	-0.270211384712945	0.18541445601685663
speech	curium	0	-0.270211384712945	0.18541445601685663
speech	curetus	0	-0.270211384712945	0.18541445601685663
speech	curetum	0	-0.270211384712945	0.18541445601685663
speech	lauor	0	-0.270211384712945	0.18541445601685663
speech	laura	0	-0.270211384712945	0.18541445601685663
speech	essedum	0	-0.270211384712945	0.18541445601685663
speech	therma	0	-0.270211384712945	0.18541445601685663
speech	curetidus	0	-0.270211384712945	0.18541445601685663
speech	theridamas	0	-0.270211384712945	0.18541445601685663
speech	cureticus	0	-0.270211384712945	0.18541445601685663
speech	scytha	0	-0.270211384712945	0.18541445601685663
speech	laurum	0	-0.270211384712945	0.18541445601685663
speech	scyrumue	0	-0.270211384712945	0.18541445601685663
speech	thereus	0	-0.270211384712945	0.18541445601685663
speech	therapnus	0	-0.270211384712945	0.18541445601685663
speech	helicus	0	-0.270211384712945	0.18541445601685663
speech	currusuo	0	-0.270211384712945	0.18541445601685663
speech	adplaudo	0	-0.270211384712945	0.18541445601685663
speech	uaticinus	0	-0.270211384712945	0.18541445601685663
speech	henna	0	-0.270211384712945	0.18541445601685663
speech	securiferus	0	-0.270211384712945	0.18541445601685663
speech	cyanus	0	-0.270211384712945	0.18541445601685663
speech	lares	0	-0.270211384712945	0.18541445601685663
speech	cyanes	0	-0.270211384712945	0.18541445601685663
speech	securauis	0	-0.270211384712945	0.18541445601685663
speech	adonis	0	-0.270211384712945	0.18541445601685663
speech	strymo	0	-0.270211384712945	0.18541445601685663
speech	secubitus	0	-0.270211384712945	0.18541445601685663
speech	larinatus	0	-0.270211384712945	0.18541445601685663
speech	heniochi	0	-0.270211384712945	0.18541445601685663
speech	scythidus	0	-0.270211384712945	0.18541445601685663
speech	lassoueo	0	-0.270211384712945	0.18541445601685663
speech	famularis	0	-0.270211384712945	0.18541445601685663
speech	theroni	0	-0.270211384712945	0.18541445601685663
speech	famul	0	-0.270211384712945	0.18541445601685663
speech	strymonia	0	-0.270211384712945	0.18541445601685663
speech	latialis	0	-0.270211384712945	0.18541445601685663
speech	sebethidus	0	-0.270211384712945	0.18541445601685663
speech	latio	0	-0.270211384712945	0.18541445601685663
speech	latmius	0	-0.270211384712945	0.18541445601685663
speech	curamuis	0	-0.270211384712945	0.18541445601685663
speech	curalius	0	-0.270211384712945	0.18541445601685663
speech	strues	0	-0.270211384712945	0.18541445601685663
speech	scyriadus	0	-0.270211384712945	0.18541445601685663
speech	themilla	0	-0.270211384712945	0.18541445601685663
speech	cumcupio	0	-0.270211384712945	0.18541445601685663
speech	thelgon	0	-0.270211384712945	0.18541445601685663
speech	oblino	0	-0.270211384712945	0.18541445601685663
speech	leontini	0	-0.270211384712945	0.18541445601685663
speech	leptis	0	-0.270211384712945	0.18541445601685663
speech	scutea	0	-0.270211384712945	0.18541445601685663
speech	cumaio	0	-0.270211384712945	0.18541445601685663
speech	sculpo	0	-0.270211384712945	0.18541445601685663
speech	lesbos	0	-0.270211384712945	0.18541445601685663
speech	thebs	0	-0.270211384712945	0.18541445601685663
speech	ucalegon	0	-0.270211384712945	0.18541445601685663
speech	culpetne	0	-0.270211384712945	0.18541445601685663
speech	adsigno	0	-0.270211384712945	0.18541445601685663
speech	scrupeus	0	-0.270211384712945	0.18541445601685663
speech	leto	0	-0.270211384712945	0.18541445601685663
speech	letoia	0	-0.270211384712945	0.18541445601685663
speech	scrupea	0	-0.270211384712945	0.18541445601685663
speech	famis	0	-0.270211384712945	0.18541445601685663
speech	studeo	0	-0.270211384712945	0.18541445601685663
speech	cubo	0	-0.270211384712945	0.18541445601685663
speech	lens	0	-0.270211384712945	0.18541445601685663
speech	scylaceon	0	-0.270211384712945	0.18541445601685663
speech	esurio	0	-0.270211384712945	0.18541445601685663
speech	leitus	0	-0.270211384712945	0.18541445601685663
speech	cupra	0	-0.270211384712945	0.18541445601685663
speech	cupencus	0	-0.270211384712945	0.18541445601685663
speech	ledus	0	-0.270211384712945	0.18541445601685663
speech	scyreides	0	-0.270211384712945	0.18541445601685663
speech	legendus	0	-0.270211384712945	0.18541445601685663
speech	adrego	0	-0.270211384712945	0.18541445601685663
speech	cupencum	0	-0.270211384712945	0.18541445601685663
speech	legitimus	0	-0.270211384712945	0.18541445601685663
speech	adrempo	0	-0.270211384712945	0.18541445601685663
speech	cupauus	0	-0.270211384712945	0.18541445601685663
speech	scylaceus	0	-0.270211384712945	0.18541445601685663
speech	cuno	0	-0.270211384712945	0.18541445601685663
speech	ubertas	0	-0.270211384712945	0.18541445601685663
speech	uberus	0	-0.270211384712945	0.18541445601685663
speech	lemnias	0	-0.270211384712945	0.18541445601685663
speech	lemnis	0	-0.270211384712945	0.18541445601685663
speech	heliconis	0	-0.270211384712945	0.18541445601685663
speech	cunctatio	0	-0.270211384712945	0.18541445601685663
speech	aba	0	-0.270211384712945	0.18541445601685663
speech	therapnae	0	-0.270211384712945	0.18541445601685663
speech	cybele	0	-0.270211384712945	0.18541445601685663
speech	cybelus	0	-0.270211384712945	0.18541445601685663
speech	daedalon	0	-0.270211384712945	0.18541445601685663
speech	lacuno	0	-0.270211384712945	0.18541445601685663
speech	laceratus	0	-0.270211384712945	0.18541445601685663
speech	herus	0	-0.270211384712945	0.18541445601685663
speech	lacerta	0	-0.270211384712945	0.18541445601685663
speech	lacertosus	0	-0.270211384712945	0.18541445601685663
speech	strophadae	0	-0.270211384712945	0.18541445601685663
speech	cynoscephalas	0	-0.270211384712945	0.18541445601685663
speech	cymothoes	0	-0.270211384712945	0.18541445601685663
speech	adlao	0	-0.270211384712945	0.18541445601685663
speech	semese	0	-0.270211384712945	0.18541445601685663
speech	laco	0	-0.270211384712945	0.18541445601685663
speech	thestiada	0	-0.270211384712945	0.18541445601685663
speech	cymodoceus	0	-0.270211384712945	0.18541445601685663
speech	semesa	0	-0.270211384712945	0.18541445601685663
speech	laconis	0	-0.270211384712945	0.18541445601685663
speech	cymodoce	0	-0.270211384712945	0.18541445601685663
speech	semermis	0	-0.270211384712945	0.18541445601685663
speech	cymodoca	0	-0.270211384712945	0.18541445601685663
speech	adlatro	0	-0.270211384712945	0.18541445601685663
speech	thessalis	0	-0.270211384712945	0.18541445601685663
speech	lacteo	0	-0.270211384712945	0.18541445601685663
speech	thessalidus	0	-0.270211384712945	0.18541445601685663
speech	thestiadas	0	-0.270211384712945	0.18541445601685663
speech	hesio	0	-0.270211384712945	0.18541445601685663
speech	adlacrimo	0	-0.270211384712945	0.18541445601685663
speech	labefaco	0	-0.270211384712945	0.18541445601685663
speech	semiferus	0	-0.270211384712945	0.18541445601685663
speech	daedalea	0	-0.270211384712945	0.18541445601685663
speech	hesperidae	0	-0.270211384712945	0.18541445601685663
speech	ixionides	0	-0.270211384712945	0.18541445601685663
speech	semidea	0	-0.270211384712945	0.18541445601685663
speech	semicremus	0	-0.270211384712945	0.18541445601685663
speech	cytoron	0	-0.270211384712945	0.18541445601685663
speech	labdacus	0	-0.270211384712945	0.18541445601685663
speech	cytisorus	0	-0.270211384712945	0.18541445601685663
speech	cythnos	0	-0.270211384712945	0.18541445601685663
speech	lacedaemonia	0	-0.270211384712945	0.18541445601685663
speech	semicaper	0	-0.270211384712945	0.18541445601685663
speech	thestias	0	-0.270211384712945	0.18541445601685663
speech	thestiae	0	-0.270211384712945	0.18541445601685663
speech	semianumus	0	-0.270211384712945	0.18541445601685663
speech	semianimus	0	-0.270211384712945	0.18541445601685663
speech	labyrinthus	0	-0.270211384712945	0.18541445601685663
speech	cyrenes	0	-0.270211384712945	0.18541445601685663
speech	semianimum	0	-0.270211384712945	0.18541445601685663
speech	lacaenus	0	-0.270211384712945	0.18541445601685663
speech	lacuna	0	-0.270211384712945	0.18541445601685663
speech	lades	0	-0.270211384712945	0.18541445601685663
speech	cycla	0	-0.270211384712945	0.18541445601685663
speech	eryce	0	-0.270211384712945	0.18541445601685663
speech	lampia	0	-0.270211384712945	0.18541445601685663
speech	lampsacus	0	-0.270211384712945	0.18541445601685663
speech	lampus	0	-0.270211384712945	0.18541445601685663
speech	strophium	0	-0.270211384712945	0.18541445601685663
speech	erymanthius	0	-0.270211384712945	0.18541445601685663
speech	lanificus	0	-0.270211384712945	0.18541445601685663
speech	thescelus	0	-0.270211384712945	0.18541445601685663
speech	erythraeus	0	-0.270211384712945	0.18541445601685663
speech	lanuuium	0	-0.270211384712945	0.18541445601685663
speech	sedetanus	0	-0.270211384712945	0.18541445601685663
speech	admordeo	0	-0.270211384712945	0.18541445601685663
speech	fidelior	0	-0.270211384712945	0.18541445601685663
speech	laodamia	0	-0.270211384712945	0.18541445601685663
speech	cycneius	0	-0.270211384712945	0.18541445601685663
speech	herculees	0	-0.270211384712945	0.18541445601685663
speech	uastior	0	-0.270211384712945	0.18541445601685663
speech	sedentum	0	-0.270211384712945	0.18541445601685663
speech	laomedontus	0	-0.270211384712945	0.18541445601685663
speech	lapidosa	0	-0.270211384712945	0.18541445601685663
speech	therus	0	-0.270211384712945	0.18541445601685663
speech	adnuntio	0	-0.270211384712945	0.18541445601685663
speech	lampetia	0	-0.270211384712945	0.18541445601685663
speech	cydoneae	0	-0.270211384712945	0.18541445601685663
speech	lamna	0	-0.270211384712945	0.18541445601685663
speech	thesprotia	0	-0.270211384712945	0.18541445601685663
speech	adlatus	0	-0.270211384712945	0.18541445601685663
speech	toxea	0	-0.270211384712945	0.18541445601685663
speech	strophades	0	-0.270211384712945	0.18541445601685663
speech	laertiades	0	-0.270211384712945	0.18541445601685663
speech	adlocutus	0	-0.270211384712945	0.18541445601685663
speech	laestrygonius	0	-0.270211384712945	0.18541445601685663
speech	cyllenis	0	-0.270211384712945	0.18541445601685663
speech	cyllenidus	0	-0.270211384712945	0.18541445601685663
speech	laetificus	0	-0.270211384712945	0.18541445601685663
speech	thespius	0	-0.270211384712945	0.18541445601685663
speech	thespiadas	0	-0.270211384712945	0.18541445601685663
speech	semanimis	0	-0.270211384712945	0.18541445601685663
speech	segrego	0	-0.270211384712945	0.18541445601685663
speech	sego	0	-0.270211384712945	0.18541445601685663
speech	cyllarus	0	-0.270211384712945	0.18541445601685663
speech	segnitieo	0	-0.270211384712945	0.18541445601685663
speech	cygneidos	0	-0.270211384712945	0.18541445601685663
speech	utica	0	-0.270211384712945	0.18541445601685663
speech	cydrus	0	-0.270211384712945	0.18541445601685663
speech	lamina	0	-0.270211384712945	0.18541445601685663
speech	uxor	0	-0.270211384712945	0.18541445601685663
speech	desolao	0	-0.270211384712945	0.18541445601685663
speech	leuator	0	-0.270211384712945	0.18541445601685663
speech	emunio	0	-0.270211384712945	0.18541445601685663
speech	abundanter	0	-0.270211384712945	0.18541445601685663
speech	tinus	0	-0.270211384712945	0.18541445601685663
speech	abydenes	0	-0.270211384712945	0.18541445601685663
speech	druentia	0	-0.270211384712945	0.18541445601685663
speech	drepanus	0	-0.270211384712945	0.18541445601685663
speech	implicio	0	-0.270211384712945	0.18541445601685663
speech	sorigo	0	-0.270211384712945	0.18541445601685663
speech	tinnulus	0	-0.270211384712945	0.18541445601685663
speech	implio	0	-0.270211384712945	0.18541445601685663
speech	drepani	0	-0.270211384712945	0.18541445601685663
speech	drepane	0	-0.270211384712945	0.18541445601685663
speech	soractum	0	-0.270211384712945	0.18541445601685663
speech	tinia	0	-0.270211384712945	0.18541445601685663
speech	sora	0	-0.270211384712945	0.18541445601685663
speech	improbo	0	-0.270211384712945	0.18541445601685663
speech	soporus	0	-0.270211384712945	0.18541445601685663
speech	impropero	0	-0.270211384712945	0.18541445601685663
speech	abydenus	0	-0.270211384712945	0.18541445601685663
speech	tineus	0	-0.270211384712945	0.18541445601685663
speech	impugnans	0	-0.270211384712945	0.18541445601685663
speech	impugno	0	-0.270211384712945	0.18541445601685663
speech	emporium	0	-0.270211384712945	0.18541445601685663
speech	zanclaei	0	-0.270211384712945	0.18541445601685663
speech	tiresiae	0	-0.270211384712945	0.18541445601685663
speech	impedeo	0	-0.270211384712945	0.18541445601685663
speech	stabilio	0	-0.270211384712945	0.18541445601685663
speech	tisaea	0	-0.270211384712945	0.18541445601685663
speech	turrigeer	0	-0.270211384712945	0.18541445601685663
speech	triticeus	0	-0.270211384712945	0.18541445601685663
speech	impactum	0	-0.270211384712945	0.18541445601685663
speech	impartio	0	-0.270211384712945	0.18541445601685663
speech	zancleius	0	-0.270211384712945	0.18541445601685663
speech	tirynthua	0	-0.270211384712945	0.18541445601685663
speech	duratus	0	-0.270211384712945	0.18541445601685663
speech	abstemius	0	-0.270211384712945	0.18541445601685663
speech	tusculum	0	-0.270211384712945	0.18541445601685663
speech	tiryns	0	-0.270211384712945	0.18541445601685663
speech	spartanae	0	-0.270211384712945	0.18541445601685663
speech	duodenus	0	-0.270211384712945	0.18541445601685663
speech	stabulor	0	-0.270211384712945	0.18541445601685663
speech	absterreo	0	-0.270211384712945	0.18541445601685663
speech	dubium	0	-0.270211384712945	0.18541445601685663
speech	abstito	0	-0.270211384712945	0.18541445601685663
speech	dsum	0	-0.270211384712945	0.18541445601685663
speech	impetro	0	-0.270211384712945	0.18541445601685663
speech	impuleritne	0	-0.270211384712945	0.18541445601685663
speech	soporifera	0	-0.270211384712945	0.18541445601685663
speech	immoro	0	-0.270211384712945	0.18541445601685663
speech	abydus	0	-0.270211384712945	0.18541445601685663
speech	acarnanus	0	-0.270211384712945	0.18541445601685663
speech	sonabilis	0	-0.270211384712945	0.18541445601685663
speech	somnusuus	0	-0.270211384712945	0.18541445601685663
speech	sputo	0	-0.270211384712945	0.18541445601685663
speech	somnius	0	-0.270211384712945	0.18541445601685663
speech	somniferus	0	-0.270211384712945	0.18541445601685663
speech	dodona	0	-0.270211384712945	0.18541445601685663
speech	acarnas	0	-0.270211384712945	0.18541445601685663
speech	somnia	0	-0.270211384712945	0.18541445601685663
speech	tunger	0	-0.270211384712945	0.18541445601685663
speech	doctissimus	0	-0.270211384712945	0.18541445601685663
speech	docendus	0	-0.270211384712945	0.18541445601685663
speech	solymus	0	-0.270211384712945	0.18541445601685663
speech	diuum	0	-0.270211384712945	0.18541445601685663
speech	diuulgo	0	-0.270211384712945	0.18541445601685663
speech	tutissimus	0	-0.270211384712945	0.18541445601685663
speech	incidens	0	-0.270211384712945	0.18541445601685663
speech	diuitus	0	-0.270211384712945	0.18541445601685663
speech	enispes	0	-0.270211384712945	0.18541445601685663
speech	diuinitas	0	-0.270211384712945	0.18541445601685663
speech	eniteo	0	-0.270211384712945	0.18541445601685663
speech	incaeduus	0	-0.270211384712945	0.18541445601685663
speech	enato	0	-0.270211384712945	0.18541445601685663
speech	inauro	0	-0.270211384712945	0.18541445601685663
speech	enarrabilis	0	-0.270211384712945	0.18541445601685663
speech	dorion	0	-0.270211384712945	0.18541445601685663
speech	soporifeer	0	-0.270211384712945	0.18541445601685663
speech	stagnosus	0	-0.270211384712945	0.18541445601685663
speech	donusa	0	-0.270211384712945	0.18541445601685663
speech	donus	0	-0.270211384712945	0.18541445601685663
speech	hyblaeus	0	-0.270211384712945	0.18541445601685663
speech	tussis	0	-0.270211384712945	0.18541445601685663
speech	tutamen	0	-0.270211384712945	0.18541445601685663
speech	inachium	0	-0.270211384712945	0.18541445601685663
speech	inadsuetus	0	-0.270211384712945	0.18541445601685663
speech	tute	0	-0.270211384712945	0.18541445601685663
speech	dominatus	0	-0.270211384712945	0.18541445601685663
speech	zama	0	-0.270211384712945	0.18541445601685663
speech	dominator	0	-0.270211384712945	0.18541445601685663
speech	inaniter	0	-0.270211384712945	0.18541445601685663
speech	inapertus	0	-0.270211384712945	0.18541445601685663
speech	inardesco	0	-0.270211384712945	0.18541445601685663
speech	inaresco	0	-0.270211384712945	0.18541445601685663
speech	sonore	0	-0.270211384712945	0.18541445601685663
speech	zacynthus	0	-0.270211384712945	0.18541445601685663
speech	spectantus	0	-0.270211384712945	0.18541445601685663
speech	spectatrix	0	-0.270211384712945	0.18541445601685663
speech	accenseo	0	-0.270211384712945	0.18541445601685663
speech	emathium	0	-0.270211384712945	0.18541445601685663
speech	zeuses	0	-0.270211384712945	0.18541445601685663
speech	egelidus	0	-0.270211384712945	0.18541445601685663
speech	turbaueo	0	-0.270211384712945	0.18541445601685663
speech	icaria	0	-0.270211384712945	0.18541445601685663
speech	elorus	0	-0.270211384712945	0.18541445601685663
speech	squamosus	0	-0.270211384712945	0.18541445601685663
speech	ichnusus	0	-0.270211384712945	0.18541445601685663
speech	tofus	0	-0.270211384712945	0.18541445601685663
speech	tmarus	0	-0.270211384712945	0.18541445601685663
speech	abiectum	0	-0.270211384712945	0.18541445601685663
speech	idales	0	-0.270211384712945	0.18541445601685663
speech	zetis	0	-0.270211384712945	0.18541445601685663
speech	effraco	0	-0.270211384712945	0.18541445601685663
speech	eluuies	0	-0.270211384712945	0.18541445601685663
speech	spissatus	0	-0.270211384712945	0.18541445601685663
speech	effosdo	0	-0.270211384712945	0.18541445601685663
speech	idymaeus	0	-0.270211384712945	0.18541445601685663
speech	emaneo	0	-0.270211384712945	0.18541445601685663
speech	hypsipyla	0	-0.270211384712945	0.18541445601685663
speech	abiicio	0	-0.270211384712945	0.18541445601685663
speech	ssum	0	-0.270211384712945	0.18541445601685663
speech	iazyges	0	-0.270211384712945	0.18541445601685663
speech	tolerabilis	0	-0.270211384712945	0.18541445601685663
speech	squamiger	0	-0.270211384712945	0.18541445601685663
speech	elatus	0	-0.270211384712945	0.18541445601685663
speech	spretor	0	-0.270211384712945	0.18541445601685663
speech	elimo	0	-0.270211384712945	0.18541445601685663
speech	tophus	0	-0.270211384712945	0.18541445601685663
speech	elogium	0	-0.270211384712945	0.18541445601685663
speech	tollendus	0	-0.270211384712945	0.18541445601685663
speech	faux	0	-0.270211384712945	0.18541445601685663
speech	topper	0	-0.270211384712945	0.18541445601685663
speech	turbao	0	-0.270211384712945	0.18541445601685663
speech	eleae	0	-0.270211384712945	0.18541445601685663
speech	zmaragdus	0	-0.270211384712945	0.18541445601685663
speech	egono	0	-0.270211384712945	0.18541445601685663
speech	turbaro	0	-0.270211384712945	0.18541445601685663
speech	spondo	0	-0.270211384712945	0.18541445601685663
speech	eiuro	0	-0.270211384712945	0.18541445601685663
speech	eiegor	0	-0.270211384712945	0.18541445601685663
speech	fautor	0	-0.270211384712945	0.18541445601685663
speech	egressus	0	-0.270211384712945	0.18541445601685663
speech	egregie	0	-0.270211384712945	0.18541445601685663
speech	turbatrix	0	-0.270211384712945	0.18541445601685663
speech	iasion	0	-0.270211384712945	0.18541445601685663
speech	tmarius	0	-0.270211384712945	0.18541445601685663
speech	torosus	0	-0.270211384712945	0.18541445601685663
speech	abscitio	0	-0.270211384712945	0.18541445601685663
speech	spio	0	-0.270211384712945	0.18541445601685663
speech	speramusno	0	-0.270211384712945	0.18541445601685663
speech	torpesco	0	-0.270211384712945	0.18541445601685663
speech	turifo	0	-0.270211384712945	0.18541445601685663
speech	imbrasus	0	-0.270211384712945	0.18541445601685663
speech	imbricitor	0	-0.270211384712945	0.18541445601685663
speech	titanius	0	-0.270211384712945	0.18541445601685663
speech	turmalis	0	-0.270211384712945	0.18541445601685663
speech	hypaepi	0	-0.270211384712945	0.18541445601685663
speech	ementior	0	-0.270211384712945	0.18541445601685663
speech	imitator	0	-0.270211384712945	0.18541445601685663
speech	ebusus	0	-0.270211384712945	0.18541445601685663
speech	speculatrix	0	-0.270211384712945	0.18541445601685663
speech	speculans	0	-0.270211384712945	0.18541445601685663
speech	ebrius	0	-0.270211384712945	0.18541445601685663
speech	titanidus	0	-0.270211384712945	0.18541445601685663
speech	immerito	0	-0.270211384712945	0.18541445601685663
speech	speculabilis	0	-0.270211384712945	0.18541445601685663
speech	titaniacus	0	-0.270211384712945	0.18541445601685663
speech	titani	0	-0.270211384712945	0.18541445601685663
speech	titanes	0	-0.270211384712945	0.18541445601685663
speech	zely	0	-0.270211384712945	0.18541445601685663
speech	illyres	0	-0.270211384712945	0.18541445601685663
speech	illustris	0	-0.270211384712945	0.18541445601685663
speech	illunis	0	-0.270211384712945	0.18541445601685663
speech	ilio	0	-0.270211384712945	0.18541445601685663
speech	turgidus	0	-0.270211384712945	0.18541445601685663
speech	spinosus	0	-0.270211384712945	0.18541445601685663
speech	spineus	0	-0.270211384712945	0.18541445601685663
speech	ignotissimus	0	-0.270211384712945	0.18541445601685663
speech	iguuium	0	-0.270211384712945	0.18541445601685663
speech	stabia	0	-0.270211384712945	0.18541445601685663
speech	spicifera	0	-0.270211384712945	0.18541445601685663
speech	edomitus	0	-0.270211384712945	0.18541445601685663
speech	abominor	0	-0.270211384712945	0.18541445601685663
speech	editus	0	-0.270211384712945	0.18541445601685663
speech	turifer	0	-0.270211384712945	0.18541445601685663
speech	abrupo	0	-0.270211384712945	0.18541445601685663
speech	turicremus	0	-0.270211384712945	0.18541445601685663
speech	hypanus	0	-0.270211384712945	0.18541445601685663
speech	ilius	0	-0.270211384712945	0.18541445601685663
speech	felicissimus	0	-0.270211384712945	0.18541445601685663
speech	spernax	0	-0.270211384712945	0.18541445601685663
speech	sperchionides	0	-0.270211384712945	0.18541445601685663
speech	illico	0	-0.270211384712945	0.18541445601685663
speech	tithonius	0	-0.270211384712945	0.18541445601685663
speech	fato	0	-0.270211384712945	0.18541445601685663
speech	zacyntho	0	-0.270211384712945	0.18541445601685663
speech	eratus	0	-0.270211384712945	0.18541445601685663
speech	deuello	0	-0.270211384712945	0.18541445601685663
speech	dictust	0	-0.270211384712945	0.18541445601685663
speech	inlao	0	-0.270211384712945	0.18541445601685663
speech	inlapdo	0	-0.270211384712945	0.18541445601685663
speech	dictamnum	0	-0.270211384712945	0.18541445601685663
speech	simulator	0	-0.270211384712945	0.18541445601685663
speech	simulacraue	0	-0.270211384712945	0.18541445601685663
speech	inlicio	0	-0.270211384712945	0.18541445601685663
speech	simplicitas	0	-0.270211384712945	0.18541445601685663
speech	inligo	0	-0.270211384712945	0.18541445601685663
speech	achiuos	0	-0.270211384712945	0.18541445601685663
speech	dexterior	0	-0.270211384712945	0.18541445601685663
speech	inlusus	0	-0.270211384712945	0.18541445601685663
speech	homerus	0	-0.270211384712945	0.18541445601685663
speech	simbruuio	0	-0.270211384712945	0.18541445601685663
speech	inmadsco	0	-0.270211384712945	0.18541445601685663
speech	acidalius	0	-0.270211384712945	0.18541445601685663
speech	siluicola	0	-0.270211384712945	0.18541445601685663
speech	equitatus	0	-0.270211384712945	0.18541445601685663
speech	deuoleo	0	-0.270211384712945	0.18541445601685663
speech	deuictus	0	-0.270211384712945	0.18541445601685663
speech	inmisceo	0	-0.270211384712945	0.18541445601685663
speech	thymbris	0	-0.270211384712945	0.18541445601685663
speech	simulatque	0	-0.270211384712945	0.18541445601685663
speech	didyme	0	-0.270211384712945	0.18541445601685663
speech	digressus	0	-0.270211384712945	0.18541445601685663
speech	thyneus	0	-0.270211384712945	0.18541445601685663
speech	dinosco	0	-0.270211384712945	0.18541445601685663
speech	thyneius	0	-0.270211384712945	0.18541445601685663
speech	tyrannis	0	-0.270211384712945	0.18541445601685663
speech	siphnon	0	-0.270211384712945	0.18541445601685663
speech	sinuessus	0	-0.270211384712945	0.18541445601685663
speech	acheloides	0	-0.270211384712945	0.18541445601685663
speech	epulo	0	-0.270211384712945	0.18541445601685663
speech	acheloon	0	-0.270211384712945	0.18541445601685663
speech	honora	0	-0.270211384712945	0.18541445601685663
speech	simulatrix	0	-0.270211384712945	0.18541445601685663
speech	thymbrus	0	-0.270211384712945	0.18541445601685663
speech	inhorresco	0	-0.270211384712945	0.18541445601685663
speech	diffusus	0	-0.270211384712945	0.18541445601685663
speech	tyre	0	-0.270211384712945	0.18541445601685663
speech	sindus	0	-0.270211384712945	0.18541445601685663
speech	iniectus	0	-0.270211384712945	0.18541445601685663
speech	inimicitia	0	-0.270211384712945	0.18541445601685663
speech	acheronta	0	-0.270211384712945	0.18541445601685663
speech	stictus	0	-0.270211384712945	0.18541445601685663
speech	siluai	0	-0.270211384712945	0.18541445601685663
speech	tyro	0	-0.270211384712945	0.18541445601685663
speech	tyra	0	-0.270211384712945	0.18541445601685663
speech	acinax	0	-0.270211384712945	0.18541445601685663
speech	desuetudo	0	-0.270211384712945	0.18541445601685663
speech	desueo	0	-0.270211384712945	0.18541445601685663
speech	inpensus	0	-0.270211384712945	0.18541445601685663
speech	sigeum	0	-0.270211384712945	0.18541445601685663
speech	inpius	0	-0.270211384712945	0.18541445601685663
speech	inplacabilis	0	-0.270211384712945	0.18541445601685663
speech	inpleo	0	-0.270211384712945	0.18541445601685663
speech	thyias	0	-0.270211384712945	0.18541445601685663
speech	inpluo	0	-0.270211384712945	0.18541445601685663
speech	inpulsus	0	-0.270211384712945	0.18541445601685663
speech	acra	0	-0.270211384712945	0.18541445601685663
speech	inquino	0	-0.270211384712945	0.18541445601685663
speech	despumo	0	-0.270211384712945	0.18541445601685663
speech	inradio	0	-0.270211384712945	0.18541445601685663
speech	sigeius	0	-0.270211384712945	0.18541445601685663
speech	despicor	0	-0.270211384712945	0.18541445601685663
speech	hispellates	0	-0.270211384712945	0.18541445601685663
speech	hispanus	0	-0.270211384712945	0.18541445601685663
speech	inreprehensus	0	-0.270211384712945	0.18541445601685663
speech	desperno	0	-0.270211384712945	0.18541445601685663
speech	inrequietus	0	-0.270211384712945	0.18541445601685663
speech	inos	0	-0.270211384712945	0.18541445601685663
speech	inopinatus	0	-0.270211384712945	0.18541445601685663
speech	sigillum	0	-0.270211384712945	0.18541445601685663
speech	silas	0	-0.270211384712945	0.18541445601685663
speech	silesco	0	-0.270211384712945	0.18541445601685663
speech	era	0	-0.270211384712945	0.18541445601685663
speech	inmutabilis	0	-0.270211384712945	0.18541445601685663
speech	inmutesco	0	-0.270211384712945	0.18541445601685663
speech	detrecto	0	-0.270211384712945	0.18541445601685663
speech	innascor	0	-0.270211384712945	0.18541445601685663
speech	thymber	0	-0.270211384712945	0.18541445601685663
speech	xanthos	0	-0.270211384712945	0.18541445601685663
speech	innexus	0	-0.270211384712945	0.18541445601685663
speech	innixus	0	-0.270211384712945	0.18541445601685663
speech	inoffensus	0	-0.270211384712945	0.18541445601685663
speech	silarus	0	-0.270211384712945	0.18541445601685663
speech	tyrrhena	0	-0.270211384712945	0.18541445601685663
speech	silanus	0	-0.270211384712945	0.18541445601685663
speech	innumeer	0	-0.270211384712945	0.18541445601685663
speech	stipendium	0	-0.270211384712945	0.18541445601685663
speech	signium	0	-0.270211384712945	0.18541445601685663
speech	detersus	0	-0.270211384712945	0.18541445601685663
speech	inobseruo	0	-0.270211384712945	0.18541445601685663
speech	erado	0	-0.270211384712945	0.18541445601685663
speech	sipus	0	-0.270211384712945	0.18541445601685663
speech	ingenero	0	-0.270211384712945	0.18541445601685663
speech	diuerbo	0	-0.270211384712945	0.18541445601685663
speech	tibicen	0	-0.270211384712945	0.18541445601685663
speech	tydida	0	-0.270211384712945	0.18541445601685663
speech	tydideus	0	-0.270211384712945	0.18541445601685663
speech	dissimulator	0	-0.270211384712945	0.18541445601685663
speech	indelebilis	0	-0.270211384712945	0.18541445601685663
speech	indelibatus	0	-0.270211384712945	0.18541445601685663
speech	dissico	0	-0.270211384712945	0.18541445601685663
speech	dissentio	0	-0.270211384712945	0.18541445601685663
speech	indibilis	0	-0.270211384712945	0.18541445601685663
speech	tibisenus	0	-0.270211384712945	0.18541445601685663
speech	indignis	0	-0.270211384712945	0.18541445601685663
speech	disseco	0	-0.270211384712945	0.18541445601685663
speech	tymbrenes	0	-0.270211384712945	0.18541445601685663
speech	zacus	0	-0.270211384712945	0.18541445601685663
speech	horto	0	-0.270211384712945	0.18541445601685663
speech	indoctus	0	-0.270211384712945	0.18541445601685663
speech	dispareo	0	-0.270211384712945	0.18541445601685663
speech	sociao	0	-0.270211384712945	0.18541445601685663
speech	socia	0	-0.270211384712945	0.18541445601685663
speech	indubitabilis	0	-0.270211384712945	0.18541445601685663
speech	xuiii	0	-0.270211384712945	0.18541445601685663
speech	disiecto	0	-0.270211384712945	0.18541445601685663
speech	soligena	0	-0.270211384712945	0.18541445601685663
speech	accipiendus	0	-0.270211384712945	0.18541445601685663
speech	solimon	0	-0.270211384712945	0.18541445601685663
speech	enormis	0	-0.270211384712945	0.18541445601685663
speech	torquis	0	-0.270211384712945	0.18541445601685663
speech	sollicitiue	0	-0.270211384712945	0.18541445601685663
speech	enitesco	0	-0.270211384712945	0.18541445601685663
speech	incomito	0	-0.270211384712945	0.18541445601685663
speech	ennomon	0	-0.270211384712945	0.18541445601685663
speech	ferentinus	0	-0.270211384712945	0.18541445601685663
speech	inconcussus	0	-0.270211384712945	0.18541445601685663
speech	distermino	0	-0.270211384712945	0.18541445601685663
speech	inconsuetus	0	-0.270211384712945	0.18541445601685663
speech	incoquo	0	-0.270211384712945	0.18541445601685663
speech	incustodo	0	-0.270211384712945	0.18541445601685663
speech	incredibilis	0	-0.270211384712945	0.18541445601685663
speech	incrementum	0	-0.270211384712945	0.18541445601685663
speech	increuo	0	-0.270211384712945	0.18541445601685663
speech	tiburtus	0	-0.270211384712945	0.18541445601685663
speech	tuna	0	-0.270211384712945	0.18541445601685663
speech	dissoluo	0	-0.270211384712945	0.18541445601685663
speech	incunabulum	0	-0.270211384712945	0.18541445601685663
speech	entheus	0	-0.270211384712945	0.18541445601685663
speech	tiburtes	0	-0.270211384712945	0.18541445601685663
speech	indulgentia	0	-0.270211384712945	0.18541445601685663
speech	smyrnaeus	0	-0.270211384712945	0.18541445601685663
speech	dioxippus	0	-0.270211384712945	0.18541445601685663
speech	fataliter	0	-0.270211384712945	0.18541445601685663
speech	sirenum	0	-0.270211384712945	0.18541445601685663
speech	discepto	0	-0.270211384712945	0.18541445601685663
speech	sirenes	0	-0.270211384712945	0.18541445601685663
speech	steropes	0	-0.270211384712945	0.18541445601685663
speech	thysdrus	0	-0.270211384712945	0.18541445601685663
speech	epiroticus	0	-0.270211384712945	0.18541445601685663
speech	discendus	0	-0.270211384712945	0.18541445601685663
speech	horrifer	0	-0.270211384712945	0.18541445601685663
speech	achaemenides	0	-0.270211384712945	0.18541445601685663
speech	torridus	0	-0.270211384712945	0.18541445601685663
speech	thyrus	0	-0.270211384712945	0.18541445601685663
speech	horribilis	0	-0.270211384712945	0.18541445601685663
speech	typhonides	0	-0.270211384712945	0.18541445601685663
speech	horreum	0	-0.270211384712945	0.18541445601685663
speech	infraco	0	-0.270211384712945	0.18541445601685663
speech	thyrsagetas	0	-0.270211384712945	0.18541445601685663
speech	dircaea	0	-0.270211384712945	0.18541445601685663
speech	infudo	0	-0.270211384712945	0.18541445601685663
speech	sipylon	0	-0.270211384712945	0.18541445601685663
speech	thyreus	0	-0.270211384712945	0.18541445601685663
speech	thyotes	0	-0.270211384712945	0.18541445601685663
speech	tibarenus	0	-0.270211384712945	0.18541445601685663
speech	sterope	0	-0.270211384712945	0.18541445601685663
speech	inferuesco	0	-0.270211384712945	0.18541445601685663
speech	inexspectatus	0	-0.270211384712945	0.18541445601685663
speech	smilax	0	-0.270211384712945	0.18541445601685663
speech	tyndaridae	0	-0.270211384712945	0.18541445601685663
speech	smaragdus	0	-0.270211384712945	0.18541445601685663
speech	ferocia	0	-0.270211384712945	0.18541445601685663
speech	epigramma	0	-0.270211384712945	0.18541445601685663
speech	inertus	0	-0.270211384712945	0.18541445601685663
speech	discribo	0	-0.270211384712945	0.18541445601685663
speech	discrepo	0	-0.270211384712945	0.18541445601685663
speech	tumulatus	0	-0.270211384712945	0.18541445601685663
speech	sitieno	0	-0.270211384712945	0.18541445601685663
speech	acesinus	0	-0.270211384712945	0.18541445601685663
speech	sithonius	0	-0.270211384712945	0.18541445601685663
speech	sithon	0	-0.270211384712945	0.18541445601685663
speech	sisyphii	0	-0.270211384712945	0.18541445601685663
speech	infantia	0	-0.270211384712945	0.18541445601685663
speech	discludo	0	-0.270211384712945	0.18541445601685663
speech	epirotes	0	-0.270211384712945	0.18541445601685663
speech	infecundus	0	-0.270211384712945	0.18541445601685663
speech	aceruo	0	-0.270211384712945	0.18541445601685663
speech	discido	0	-0.270211384712945	0.18541445601685663
speech	leuamen	0	-0.270211384712945	0.18541445601685663
speech	scutor	0	-0.270211384712945	0.18541445601685663
speech	leuatus	0	-0.270211384712945	0.18541445601685663
speech	monstrificus	0	-0.270211384712945	0.18541445601685663
speech	concauo	0	-0.270211384712945	0.18541445601685663
speech	tuders	0	-0.270211384712945	0.18541445601685663
speech	mucius	0	-0.270211384712945	0.18541445601685663
speech	concana	0	-0.270211384712945	0.18541445601685663
speech	aesernia	0	-0.270211384712945	0.18541445601685663
speech	rufrae	0	-0.270211384712945	0.18541445601685663
speech	mulier	0	-0.270211384712945	0.18541445601685663
speech	comptus	0	-0.270211384712945	0.18541445601685663
speech	multisonus	0	-0.270211384712945	0.18541445601685663
speech	rufra	0	-0.270211384712945	0.18541445601685663
speech	mulus	0	-0.270211384712945	0.18541445601685663
speech	comprendo	0	-0.270211384712945	0.18541445601685663
speech	muneo	0	-0.270211384712945	0.18541445601685663
speech	munero	0	-0.270211384712945	0.18541445601685663
speech	munia	0	-0.270211384712945	0.18541445601685663
speech	rufero	0	-0.270211384712945	0.18541445601685663
speech	munitus	0	-0.270211384712945	0.18541445601685663
speech	compositum	0	-0.270211384712945	0.18541445601685663
speech	murrio	0	-0.270211384712945	0.18541445601685663
speech	sublao	0	-0.270211384712945	0.18541445601685663
speech	temnio	0	-0.270211384712945	0.18541445601685663
speech	aesar	0	-0.270211384712945	0.18541445601685663
speech	ruio	0	-0.270211384712945	0.18541445601685663
speech	rullus	0	-0.270211384712945	0.18541445601685663
speech	subiunctus	0	-0.270211384712945	0.18541445601685663
speech	gylippus	0	-0.270211384712945	0.18541445601685663
speech	gyges	0	-0.270211384712945	0.18541445601685663
speech	tendantne	0	-0.270211384712945	0.18541445601685663
speech	montiuaga	0	-0.270211384712945	0.18541445601685663
speech	subeinuo	0	-0.270211384712945	0.18541445601685663
speech	monychia	0	-0.270211384712945	0.18541445601685663
speech	runcus	0	-0.270211384712945	0.18541445601685663
speech	mopses	0	-0.270211384712945	0.18541445601685663
speech	runa	0	-0.270211384712945	0.18541445601685663
speech	concorditer	0	-0.270211384712945	0.18541445601685663
speech	concinno	0	-0.270211384712945	0.18541445601685663
speech	moraior	0	-0.270211384712945	0.18541445601685663
speech	rumpia	0	-0.270211384712945	0.18541445601685663
speech	faginus	0	-0.270211384712945	0.18541445601685663
speech	morini	0	-0.270211384712945	0.18541445601685663
speech	morio	0	-0.270211384712945	0.18541445601685663
speech	concludo	0	-0.270211384712945	0.18541445601685663
speech	rumito	0	-0.270211384712945	0.18541445601685663
speech	concio	0	-0.270211384712945	0.18541445601685663
speech	concino	0	-0.270211384712945	0.18541445601685663
speech	musaeus	0	-0.270211384712945	0.18541445601685663
speech	rudeno	0	-0.270211384712945	0.18541445601685663
speech	completus	0	-0.270211384712945	0.18541445601685663
speech	napus	0	-0.270211384712945	0.18541445601685663
speech	commurmuro	0	-0.270211384712945	0.18541445601685663
speech	communico	0	-0.270211384712945	0.18541445601685663
speech	uercella	0	-0.270211384712945	0.18541445601685663
speech	commodo	0	-0.270211384712945	0.18541445601685663
speech	commereo	0	-0.270211384712945	0.18541445601685663
speech	sublix	0	-0.270211384712945	0.18541445601685663
speech	nans	0	-0.270211384712945	0.18541445601685663
speech	nao	0	-0.270211384712945	0.18541445601685663
speech	napaeus	0	-0.270211384712945	0.18541445601685663
speech	nardum	0	-0.270211384712945	0.18541445601685663
speech	nabataea	0	-0.270211384712945	0.18541445601685663
speech	grosphus	0	-0.270211384712945	0.18541445601685663
speech	rothus	0	-0.270211384712945	0.18541445601685663
speech	europaeus	0	-0.270211384712945	0.18541445601685663
speech	telphusiaca	0	-0.270211384712945	0.18541445601685663
speech	nasamoniacus	0	-0.270211384712945	0.18541445601685663
speech	rotaue	0	-0.270211384712945	0.18541445601685663
speech	nasidius	0	-0.270211384712945	0.18541445601685663
speech	nassa	0	-0.270211384712945	0.18541445601685663
speech	europes	0	-0.270211384712945	0.18541445601685663
speech	commuto	0	-0.270211384712945	0.18541445601685663
speech	mysus	0	-0.270211384712945	0.18541445601685663
speech	faesula	0	-0.270211384712945	0.18541445601685663
speech	myconon	0	-0.270211384712945	0.18541445601685663
speech	gula	0	-0.270211384712945	0.18541445601685663
speech	uolup	0	-0.270211384712945	0.18541445601685663
speech	proteius	0	-0.270211384712945	0.18541445601685663
speech	subleuo	0	-0.270211384712945	0.18541445601685663
speech	mycale	0	-0.270211384712945	0.18541445601685663
speech	compertus	0	-0.270211384712945	0.18541445601685663
speech	temisus	0	-0.270211384712945	0.18541445601685663
speech	mycones	0	-0.270211384712945	0.18541445601685663
speech	myconi	0	-0.270211384712945	0.18541445601685663
speech	myconus	0	-0.270211384712945	0.18541445601685663
speech	mysticus	0	-0.270211384712945	0.18541445601685663
speech	rubicus	0	-0.270211384712945	0.18541445601685663
speech	rubicundus	0	-0.270211384712945	0.18541445601685663
speech	myrica	0	-0.270211384712945	0.18541445601685663
speech	myrice	0	-0.270211384712945	0.18541445601685663
speech	tubicen	0	-0.270211384712945	0.18541445601685663
speech	euripis	0	-0.270211384712945	0.18541445601685663
speech	comparens	0	-0.270211384712945	0.18541445601685663
speech	compar	0	-0.270211384712945	0.18541445601685663
speech	mysia	0	-0.270211384712945	0.18541445601685663
speech	tendentia	0	-0.270211384712945	0.18541445601685663
speech	monstriferus	0	-0.270211384712945	0.18541445601685663
speech	saga	0	-0.270211384712945	0.18541445601685663
speech	concretum	0	-0.270211384712945	0.18541445601685663
speech	tudertes	0	-0.270211384712945	0.18541445601685663
speech	conloco	0	-0.270211384712945	0.18541445601685663
speech	milichus	0	-0.270211384712945	0.18541445601685663
speech	milito	0	-0.270211384712945	0.18541445601685663
speech	saecaeus	0	-0.270211384712945	0.18541445601685663
speech	milo	0	-0.270211384712945	0.18541445601685663
speech	conlega	0	-0.270211384712945	0.18541445601685663
speech	miluus	0	-0.270211384712945	0.18541445601685663
speech	uortex	0	-0.270211384712945	0.18541445601685663
speech	haedo	0	-0.270211384712945	0.18541445601685663
speech	teo	0	-0.270211384712945	0.18541445601685663
speech	sacrificum	0	-0.270211384712945	0.18541445601685663
speech	coniuratus	0	-0.270211384712945	0.18541445601685663
speech	ministrator	0	-0.270211384712945	0.18541445601685663
speech	sacrificium	0	-0.270211384712945	0.18541445601685663
speech	haece	0	-0.270211384712945	0.18541445601685663
speech	minois	0	-0.270211384712945	0.18541445601685663
speech	minoius	0	-0.270211384712945	0.18541445601685663
speech	coniugiumue	0	-0.270211384712945	0.18541445601685663
speech	minotaurus	0	-0.270211384712945	0.18541445601685663
speech	coniueo	0	-0.270211384712945	0.18541445601685663
speech	conlucens	0	-0.270211384712945	0.18541445601685663
speech	mides	0	-0.270211384712945	0.18541445601685663
speech	conluo	0	-0.270211384712945	0.18541445601685663
speech	methymnaeus	0	-0.270211384712945	0.18541445601685663
speech	suasor	0	-0.270211384712945	0.18541445601685663
speech	conplector	0	-0.270211384712945	0.18541445601685663
speech	conplecto	0	-0.270211384712945	0.18541445601685663
speech	tercens	0	-0.270211384712945	0.18541445601685663
speech	uenientus	0	-0.270211384712945	0.18541445601685663
speech	tepor	0	-0.270211384712945	0.18541445601685663
speech	suauis	0	-0.270211384712945	0.18541445601685663
speech	metho	0	-0.270211384712945	0.18541445601685663
speech	methymna	0	-0.270211384712945	0.18541445601685663
speech	metio	0	-0.270211384712945	0.18541445601685663
speech	leucas	0	-0.270211384712945	0.18541445601685663
speech	connitor	0	-0.270211384712945	0.18541445601685663
speech	eumedes	0	-0.270211384712945	0.18541445601685663
speech	mettus	0	-0.270211384712945	0.18541445601685663
speech	saepo	0	-0.270211384712945	0.18541445601685663
speech	metueo	0	-0.270211384712945	0.18541445601685663
speech	conluuies	0	-0.270211384712945	0.18541445601685663
speech	suaus	0	-0.270211384712945	0.18541445601685663
speech	aeolidus	0	-0.270211384712945	0.18541445601685663
speech	micipsa	0	-0.270211384712945	0.18541445601685663
speech	minucus	0	-0.270211384712945	0.18541445601685663
speech	conifera	0	-0.270211384712945	0.18541445601685663
speech	sacratum	0	-0.270211384712945	0.18541445601685663
speech	ruspina	0	-0.270211384712945	0.18541445601685663
speech	euo	0	-0.270211384712945	0.18541445601685663
speech	sabatia	0	-0.270211384712945	0.18541445601685663
speech	s	0	-0.270211384712945	0.18541445601685663
speech	aequissimus	0	-0.270211384712945	0.18541445601685663
speech	habitao	0	-0.270211384712945	0.18541445601685663
speech	moesus	0	-0.270211384712945	0.18541445601685663
speech	mola	0	-0.270211384712945	0.18541445601685663
speech	conexum	0	-0.270211384712945	0.18541445601685663
speech	moleo	0	-0.270211384712945	0.18541445601685663
speech	habitans	0	-0.270211384712945	0.18541445601685663
speech	confluo	0	-0.270211384712945	0.18541445601685663
speech	uomano	0	-0.270211384712945	0.18541445601685663
speech	molorchus	0	-0.270211384712945	0.18541445601685663
speech	condeno	0	-0.270211384712945	0.18541445601685663
speech	condendo	0	-0.270211384712945	0.18541445601685663
speech	uentumst	0	-0.270211384712945	0.18541445601685663
speech	monesus	0	-0.270211384712945	0.18541445601685663
speech	concubio	0	-0.270211384712945	0.18541445601685663
speech	tendentus	0	-0.270211384712945	0.18541445601685663
speech	gymnas	0	-0.270211384712945	0.18541445601685663
speech	eumolpus	0	-0.270211384712945	0.18541445601685663
speech	mobilitas	0	-0.270211384712945	0.18541445601685663
speech	sacrator	0	-0.270211384712945	0.18541445601685663
speech	teni	0	-0.270211384712945	0.18541445601685663
speech	conico	0	-0.270211384712945	0.18541445601685663
speech	sacranus	0	-0.270211384712945	0.18541445601685663
speech	tenuior	0	-0.270211384712945	0.18541445601685663
speech	misco	0	-0.270211384712945	0.18541445601685663
speech	congestus	0	-0.270211384712945	0.18541445601685663
speech	tenthredone	0	-0.270211384712945	0.18541445601685663
speech	subcresco	0	-0.270211384712945	0.18541445601685663
speech	eumenidae	0	-0.270211384712945	0.18541445601685663
speech	sacen	0	-0.270211384712945	0.18541445601685663
speech	confugium	0	-0.270211384712945	0.18541445601685663
speech	sabbura	0	-0.270211384712945	0.18541445601685663
speech	sabus	0	-0.270211384712945	0.18541445601685663
speech	mitificus	0	-0.270211384712945	0.18541445601685663
speech	uentosne	0	-0.270211384712945	0.18541445601685663
speech	confremuero	0	-0.270211384712945	0.18541445601685663
speech	hadria	0	-0.270211384712945	0.18541445601685663
speech	confremueris	0	-0.270211384712945	0.18541445601685663
speech	confremo	0	-0.270211384712945	0.18541445601685663
speech	mittendus	0	-0.270211384712945	0.18541445601685663
speech	sabina	0	-0.270211384712945	0.18541445601685663
speech	natator	0	-0.270211384712945	0.18541445601685663
speech	rostratus	0	-0.270211384712945	0.18541445601685663
speech	comburo	0	-0.270211384712945	0.18541445601685663
speech	combe	0	-0.270211384712945	0.18541445601685663
speech	nor	0	-0.270211384712945	0.18541445601685663
speech	clipeiue	0	-0.270211384712945	0.18541445601685663
speech	noricus	0	-0.270211384712945	0.18541445601685663
speech	cles	0	-0.270211384712945	0.18541445601685663
speech	rheba	0	-0.270211384712945	0.18541445601685663
speech	clementer	0	-0.270211384712945	0.18541445601685663
speech	clemens	0	-0.270211384712945	0.18541445601685663
speech	notabilis	0	-0.270211384712945	0.18541445601685663
speech	cleades	0	-0.270211384712945	0.18541445601685663
speech	rhani	0	-0.270211384712945	0.18541445601685663
speech	taygeton	0	-0.270211384712945	0.18541445601685663
speech	nouae	0	-0.270211384712945	0.18541445601685663
speech	rhamnusius	0	-0.270211384712945	0.18541445601685663
speech	rhamnetis	0	-0.270211384712945	0.18541445601685663
speech	rhamnetes	0	-0.270211384712945	0.18541445601685663
speech	rhamnes	0	-0.270211384712945	0.18541445601685663
speech	agamemnonia	0	-0.270211384712945	0.18541445601685663
speech	uerumtamen	0	-0.270211384712945	0.18541445601685663
speech	taxo	0	-0.270211384712945	0.18541445601685663
speech	reuulsus	0	-0.270211384712945	0.18541445601685663
speech	eurytis	0	-0.270211384712945	0.18541445601685663
speech	nonnihil	0	-0.270211384712945	0.18541445601685663
speech	clitor	0	-0.270211384712945	0.18541445601685663
speech	clitorium	0	-0.270211384712945	0.18541445601685663
speech	rhodanumue	0	-0.270211384712945	0.18541445601685663
speech	rhodia	0	-0.270211384712945	0.18541445601685663
speech	tegeaea	0	-0.270211384712945	0.18541445601685663
speech	nixus	0	-0.270211384712945	0.18541445601685663
speech	clytio	0	-0.270211384712945	0.18541445601685663
speech	clytiens	0	-0.270211384712945	0.18541445601685663
speech	clymenus	0	-0.270211384712945	0.18541445601685663
speech	clymenes	0	-0.270211384712945	0.18541445601685663
speech	clymeneius	0	-0.270211384712945	0.18541445601685663
speech	nocentior	0	-0.270211384712945	0.18541445601685663
speech	rhipio	0	-0.270211384712945	0.18541445601685663
speech	nonacrinus	0	-0.270211384712945	0.18541445601685663
speech	cluentius	0	-0.270211384712945	0.18541445601685663
speech	transformis	0	-0.270211384712945	0.18541445601685663
speech	tectus	0	-0.270211384712945	0.18541445601685663
speech	nolanus	0	-0.270211384712945	0.18541445601685663
speech	clonus	0	-0.270211384712945	0.18541445601685663
speech	clonium	0	-0.270211384712945	0.18541445601685663
speech	clonin	0	-0.270211384712945	0.18541445601685663
speech	clitus	0	-0.270211384712945	0.18541445601685663
speech	afsimilo	0	-0.270211384712945	0.18541445601685663
speech	graiugena	0	-0.270211384712945	0.18541445601685663
speech	agamemnus	0	-0.270211384712945	0.18541445601685663
speech	reuuldeo	0	-0.270211384712945	0.18541445601685663
speech	obiaceo	0	-0.270211384712945	0.18541445601685663
speech	ueseuus	0	-0.270211384712945	0.18541445601685663
speech	circumuertior	0	-0.270211384712945	0.18541445601685663
speech	circumuecto	0	-0.270211384712945	0.18541445601685663
speech	circumtextus	0	-0.270211384712945	0.18541445601685663
speech	trinacr	0	-0.270211384712945	0.18541445601685663
speech	circumsilio	0	-0.270211384712945	0.18541445601685663
speech	circumlustro	0	-0.270211384712945	0.18541445601685663
speech	subposeo	0	-0.270211384712945	0.18541445601685663
speech	circumfudo	0	-0.270211384712945	0.18541445601685663
speech	taulans	0	-0.270211384712945	0.18541445601685663
speech	agitator	0	-0.270211384712945	0.18541445601685663
speech	obieceo	0	-0.270211384712945	0.18541445601685663
speech	gorgonus	0	-0.270211384712945	0.18541445601685663
speech	obiectum	0	-0.270211384712945	0.18541445601685663
speech	obiectus	0	-0.270211384712945	0.18541445601685663
speech	obiego	0	-0.270211384712945	0.18541445601685663
speech	oblatro	0	-0.270211384712945	0.18541445601685663
speech	circumflo	0	-0.270211384712945	0.18541445601685663
speech	oblectaminum	0	-0.270211384712945	0.18541445601685663
speech	faenum	0	-0.270211384712945	0.18541445601685663
speech	taulantius	0	-0.270211384712945	0.18541445601685663
speech	gracchis	0	-0.270211384712945	0.18541445601685663
speech	tauromenitanus	0	-0.270211384712945	0.18541445601685663
speech	agathyrsi	0	-0.270211384712945	0.18541445601685663
speech	aganippe	0	-0.270211384712945	0.18541445601685663
speech	clani	0	-0.270211384712945	0.18541445601685663
speech	graiae	0	-0.270211384712945	0.18541445601685663
speech	clandestinus	0	-0.270211384712945	0.18541445601685663
speech	agaso	0	-0.270211384712945	0.18541445601685663
speech	clamantum	0	-0.270211384712945	0.18541445601685663
speech	tauranus	0	-0.270211384712945	0.18541445601685663
speech	transforo	0	-0.270211384712945	0.18541445601685663
speech	reuolutus	0	-0.270211384712945	0.18541445601685663
speech	ciuicus	0	-0.270211384712945	0.18541445601685663
speech	circumuoluo	0	-0.270211384712945	0.18541445601685663
speech	citrosus	0	-0.270211384712945	0.18541445601685663
speech	transfugio	0	-0.270211384712945	0.18541445601685663
speech	grado	0	-0.270211384712945	0.18541445601685663
speech	numus	0	-0.270211384712945	0.18541445601685663
speech	truentinus	0	-0.270211384712945	0.18541445601685663
speech	nuncupo	0	-0.270211384712945	0.18541445601685663
speech	cissea	0	-0.270211384712945	0.18541445601685663
speech	cirta	0	-0.270211384712945	0.18541445601685663
speech	reuocantus	0	-0.270211384712945	0.18541445601685663
speech	rhodius	0	-0.270211384712945	0.18541445601685663
speech	rhodopeue	0	-0.270211384712945	0.18541445601685663
speech	tegeas	0	-0.270211384712945	0.18541445601685663
speech	riphaeum	0	-0.270211384712945	0.18541445601685663
speech	collaudo	0	-0.270211384712945	0.18541445601685663
speech	collatia	0	-0.270211384712945	0.18541445601685663
speech	collapsus	0	-0.270211384712945	0.18541445601685663
speech	rodo	0	-0.270211384712945	0.18541445601685663
speech	grauatus	0	-0.270211384712945	0.18541445601685663
speech	roboreus	0	-0.270211384712945	0.18541445601685663
speech	tuber	0	-0.270211384712945	0.18541445601685663
speech	nemee	0	-0.270211384712945	0.18541445601685663
speech	trinacrii	0	-0.270211384712945	0.18541445601685663
speech	colchidae	0	-0.270211384712945	0.18541445601685663
speech	colleguo	0	-0.270211384712945	0.18541445601685663
speech	colcha	0	-0.270211384712945	0.18541445601685663
speech	uerona	0	-0.270211384712945	0.18541445601685663
speech	ripaue	0	-0.270211384712945	0.18541445601685663
speech	nenia	0	-0.270211384712945	0.18541445601685663
speech	nephele	0	-0.270211384712945	0.18541445601685663
speech	faenus	0	-0.270211384712945	0.18541445601685663
speech	subnasco	0	-0.270211384712945	0.18541445601685663
speech	telegonius	0	-0.270211384712945	0.18541445601685663
speech	telecoontus	0	-0.270211384712945	0.18541445601685663
speech	uerno	0	-0.270211384712945	0.18541445601685663
speech	rogalis	0	-0.270211384712945	0.18541445601685663
speech	rimosus	0	-0.270211384712945	0.18541445601685663
speech	romulidi	0	-0.270211384712945	0.18541445601685663
speech	submissus	0	-0.270211384712945	0.18541445601685663
speech	naue	0	-0.270211384712945	0.18541445601685663
speech	gredior	0	-0.270211384712945	0.18541445601685663
speech	rosaue	0	-0.270211384712945	0.18541445601685663
speech	comatus	0	-0.270211384712945	0.18541445601685663
speech	rorifer	0	-0.270211384712945	0.18541445601685663
speech	uolunx	0	-0.270211384712945	0.18541445601685663
speech	uerg	0	-0.270211384712945	0.18541445601685663
speech	eurotus	0	-0.270211384712945	0.18541445601685663
speech	aethalides	0	-0.270211384712945	0.18541445601685663
speech	collinus	0	-0.270211384712945	0.18541445601685663
speech	grauius	0	-0.270211384712945	0.18541445601685663
speech	colubrifer	0	-0.270211384712945	0.18541445601685663
speech	neaera	0	-0.270211384712945	0.18541445601685663
speech	nealce	0	-0.270211384712945	0.18541445601685663
speech	telon	0	-0.270211384712945	0.18541445601685663
speech	romulei	0	-0.270211384712945	0.18541445601685663
speech	nebris	0	-0.270211384712945	0.18541445601685663
speech	nebrodes	0	-0.270211384712945	0.18541445601685663
speech	colophonius	0	-0.270211384712945	0.18541445601685663
speech	cognoro	0	-0.270211384712945	0.18541445601685663
speech	cognataue	0	-0.270211384712945	0.18541445601685663
speech	eurynomen	0	-0.270211384712945	0.18541445601685663
speech	cocalidus	0	-0.270211384712945	0.18541445601685663
speech	cocyti	0	-0.270211384712945	0.18541445601685663
speech	nihi	0	-0.270211384712945	0.18541445601685663
speech	afflatus	0	-0.270211384712945	0.18541445601685663
speech	gratans	0	-0.270211384712945	0.18541445601685663
speech	cocalus	0	-0.270211384712945	0.18541445601685663
speech	niloticus	0	-0.270211384712945	0.18541445601685663
speech	nimbi	0	-0.270211384712945	0.18541445601685663
speech	affor	0	-0.270211384712945	0.18541445601685663
speech	tegees	0	-0.270211384712945	0.18541445601685663
speech	coastes	0	-0.270211384712945	0.18541445601685663
speech	tegimenue	0	-0.270211384712945	0.18541445601685663
speech	coarguo	0	-0.270211384712945	0.18541445601685663
speech	coaco	0	-0.270211384712945	0.18541445601685663
speech	tegeatus	0	-0.270211384712945	0.18541445601685663
speech	uoluituo	0	-0.270211384712945	0.18541445601685663
speech	cnosis	0	-0.270211384712945	0.18541445601685663
speech	nisaeus	0	-0.270211384712945	0.18541445601685663
speech	niseius	0	-0.270211384712945	0.18541445601685663
speech	cnidos	0	-0.270211384712945	0.18541445601685663
speech	tegeatides	0	-0.270211384712945	0.18541445601685663
speech	tegeess	0	-0.270211384712945	0.18541445601685663
speech	rhyndacus	0	-0.270211384712945	0.18541445601685663
speech	nereidae	0	-0.270211384712945	0.18541445601685663
speech	flenxo	0	-0.270211384712945	0.18541445601685663
speech	rimo	0	-0.270211384712945	0.18541445601685663
speech	neritus	0	-0.270211384712945	0.18541445601685663
speech	nerius	0	-0.270211384712945	0.18541445601685663
speech	neruosus	0	-0.270211384712945	0.18541445601685663
speech	telebous	0	-0.270211384712945	0.18541445601685663
speech	coeranon	0	-0.270211384712945	0.18541445601685663
speech	eurydicus	0	-0.270211384712945	0.18541445601685663
speech	subnato	0	-0.270211384712945	0.18541445601685663
speech	eurymena	0	-0.270211384712945	0.18541445601685663
speech	affectus	0	-0.270211384712945	0.18541445601685663
speech	gratao	0	-0.270211384712945	0.18541445601685663
speech	netus	0	-0.270211384712945	0.18541445601685663
speech	coelaleta	0	-0.270211384712945	0.18541445601685663
speech	coebo	0	-0.270211384712945	0.18541445601685663
speech	neutraliter	0	-0.270211384712945	0.18541445601685663
speech	neuus	0	-0.270211384712945	0.18541445601685663
speech	coder	0	-0.270211384712945	0.18541445601685663
speech	rhytieus	0	-0.270211384712945	0.18541445601685663
speech	nexo	0	-0.270211384712945	0.18541445601685663
speech	cod	0	-0.270211384712945	0.18541445601685663
speech	uosegus	0	-0.270211384712945	0.18541445601685663
speech	aeolis	0	-0.270211384712945	0.18541445601685663
speech	conpliro	0	-0.270211384712945	0.18541445601685663
speech	lycen	0	-0.270211384712945	0.18541445601685663
speech	crathis	0	-0.270211384712945	0.18541445601685663
speech	ueliternus	0	-0.270211384712945	0.18541445601685663
speech	crataeis	0	-0.270211384712945	0.18541445601685663
speech	satur	0	-0.270211384712945	0.18541445601685663
speech	lupercal	0	-0.270211384712945	0.18541445601685663
speech	lupercus	0	-0.270211384712945	0.18541445601685663
speech	euanthe	0	-0.270211384712945	0.18541445601685663
speech	fissilis	0	-0.270211384712945	0.18541445601685663
speech	cous	0	-0.270211384712945	0.18541445601685663
speech	cotys	0	-0.270211384712945	0.18541445601685663
speech	euaso	0	-0.270211384712945	0.18541445601685663
speech	cotho	0	-0.270211384712945	0.18541445601685663
speech	lutulentus	0	-0.270211384712945	0.18541445601685663
speech	costus	0	-0.270211384712945	0.18541445601685663
speech	luxuria	0	-0.270211384712945	0.18541445601685663
speech	uelitra	0	-0.270211384712945	0.18541445601685663
speech	adunquus	0	-0.270211384712945	0.18541445601685663
speech	uranie	0	-0.270211384712945	0.18541445601685663
speech	cossyra	0	-0.270211384712945	0.18541445601685663
speech	cosae	0	-0.270211384712945	0.18541445601685663
speech	lycaonius	0	-0.270211384712945	0.18541445601685663
speech	lumbus	0	-0.270211384712945	0.18541445601685663
speech	creator	0	-0.270211384712945	0.18541445601685663
speech	creberrimus	0	-0.270211384712945	0.18541445601685663
speech	cremera	0	-0.270211384712945	0.18541445601685663
speech	aduiuo	0	-0.270211384712945	0.18541445601685663
speech	lucas	0	-0.270211384712945	0.18541445601685663
speech	teuthras	0	-0.270211384712945	0.18541445601685663
speech	sauiloquor	0	-0.270211384712945	0.18541445601685663
speech	teuthranteus	0	-0.270211384712945	0.18541445601685663
speech	stymphalos	0	-0.270211384712945	0.18541445601685663
speech	crena	0	-0.270211384712945	0.18541445601685663
speech	lucrinus	0	-0.270211384712945	0.18541445601685663
speech	cremona	0	-0.270211384712945	0.18541445601685663
speech	hecata	0	-0.270211384712945	0.18541445601685663
speech	uelamentum	0	-0.270211384712945	0.18541445601685663
speech	creeo	0	-0.270211384712945	0.18541445601685663
speech	teutalus	0	-0.270211384712945	0.18541445601685663
speech	lucto	0	-0.270211384712945	0.18541445601685663
speech	teutagonus	0	-0.270211384712945	0.18541445601685663
speech	euanidus	0	-0.270211384712945	0.18541445601685663
speech	hecabe	0	-0.270211384712945	0.18541445601685663
speech	ludicrus	0	-0.270211384712945	0.18541445601685663
speech	crebrus	0	-0.270211384712945	0.18541445601685663
speech	teumeson	0	-0.270211384712945	0.18541445601685663
speech	cos	0	-0.270211384712945	0.18541445601685663
speech	satiesue	0	-0.270211384712945	0.18541445601685663
speech	hecateis	0	-0.270211384712945	0.18541445601685663
speech	lyceus	0	-0.270211384712945	0.18541445601685663
speech	tractum	0	-0.270211384712945	0.18541445601685663
speech	sarmens	0	-0.270211384712945	0.18541445601685663
speech	correptus	0	-0.270211384712945	0.18541445601685663
speech	sarmatici	0	-0.270211384712945	0.18541445601685663
speech	mesdo	0	-0.270211384712945	0.18541445601685663
speech	flabra	0	-0.270211384712945	0.18541445601685663
speech	eubous	0	-0.270211384712945	0.18541445601685663
speech	sardus	0	-0.270211384712945	0.18541445601685663
speech	sardous	0	-0.270211384712945	0.18541445601685663
speech	coronus	0	-0.270211384712945	0.18541445601685663
speech	sardoo	0	-0.270211384712945	0.18541445601685663
speech	maeandrus	0	-0.270211384712945	0.18541445601685663
speech	maecenas	0	-0.270211384712945	0.18541445601685663
speech	maena	0	-0.270211384712945	0.18541445601685663
speech	sardoae	0	-0.270211384712945	0.18541445601685663
speech	sardoa	0	-0.270211384712945	0.18541445601685663
speech	coronis	0	-0.270211384712945	0.18541445601685663
speech	testo	0	-0.270211384712945	0.18541445601685663
speech	sardo	0	-0.270211384712945	0.18541445601685663
speech	euectum	0	-0.270211384712945	0.18541445601685663
speech	testitudo	0	-0.270211384712945	0.18541445601685663
speech	machaon	0	-0.270211384712945	0.18541445601685663
speech	macedonia	0	-0.270211384712945	0.18541445601685663
speech	sarmor	0	-0.270211384712945	0.18541445601685663
speech	satarche	0	-0.270211384712945	0.18541445601685663
speech	saticulus	0	-0.270211384712945	0.18541445601685663
speech	ueliuolus	0	-0.270211384712945	0.18541445601685663
speech	lyciscus	0	-0.270211384712945	0.18541445601685663
speech	euastor	0	-0.270211384712945	0.18541445601685663
speech	satiao	0	-0.270211384712945	0.18541445601685663
speech	corylum	0	-0.270211384712945	0.18541445601685663
speech	corycidae	0	-0.270211384712945	0.18541445601685663
speech	lydi	0	-0.270211384712945	0.18541445601685663
speech	falisci	0	-0.270211384712945	0.18541445601685663
speech	satarchas	0	-0.270211384712945	0.18541445601685663
speech	macareu	0	-0.270211384712945	0.18541445601685663
speech	lygdus	0	-0.270211384712945	0.18541445601685663
speech	sassina	0	-0.270211384712945	0.18541445601685663
speech	sarrastus	0	-0.270211384712945	0.18541445601685663
speech	corus	0	-0.270211384712945	0.18541445601685663
speech	sarrastis	0	-0.270211384712945	0.18541445601685663
speech	sarrana	0	-0.270211384712945	0.18541445601685663
speech	sarpedonus	0	-0.270211384712945	0.18541445601685663
speech	lyrnesus	0	-0.270211384712945	0.18541445601685663
speech	tethye	0	-0.270211384712945	0.18541445601685663
speech	teuthrus	0	-0.270211384712945	0.18541445601685663
speech	sax	0	-0.270211384712945	0.18541445601685663
speech	sarcina	0	-0.270211384712945	0.18541445601685663
speech	adspirans	0	-0.270211384712945	0.18541445601685663
speech	ue	0	-0.270211384712945	0.18541445601685663
speech	thebaides	0	-0.270211384712945	0.18541445601685663
speech	crocalis	0	-0.270211384712945	0.18541445601685663
speech	crobialis	0	-0.270211384712945	0.18541445601685663
speech	scissus	0	-0.270211384712945	0.18541445601685663
speech	scisdo	0	-0.270211384712945	0.18541445601685663
speech	adsono	0	-0.270211384712945	0.18541445601685663
speech	cristas	0	-0.270211384712945	0.18541445601685663
speech	crispus	0	-0.270211384712945	0.18541445601685663
speech	theanus	0	-0.270211384712945	0.18541445601685663
speech	licio	0	-0.270211384712945	0.18541445601685663
speech	adspenxo	0	-0.270211384712945	0.18541445601685663
speech	adspiciens	0	-0.270211384712945	0.18541445601685663
speech	licymnia	0	-0.270211384712945	0.18541445601685663
speech	tritus	0	-0.270211384712945	0.18541445601685663
speech	crino	0	-0.270211384712945	0.18541445601685663
speech	ligneus	0	-0.270211384712945	0.18541445601685663
speech	stuppa	0	-0.270211384712945	0.18541445601685663
speech	thaumantis	0	-0.270211384712945	0.18541445601685663
speech	thaumantidus	0	-0.270211384712945	0.18541445601685663
speech	crinisus	0	-0.270211384712945	0.18541445601685663
speech	crocio	0	-0.270211384712945	0.18541445601685663
speech	crocon	0	-0.270211384712945	0.18541445601685663
speech	croesus	0	-0.270211384712945	0.18541445601685663
speech	crustumeri	0	-0.270211384712945	0.18541445601685663
speech	leucata	0	-0.270211384712945	0.18541445601685663
speech	leucates	0	-0.270211384712945	0.18541445601685663
speech	leucippus	0	-0.270211384712945	0.18541445601685663
speech	leucothea	0	-0.270211384712945	0.18541445601685663
speech	cubiio	0	-0.270211384712945	0.18541445601685663
speech	crustus	0	-0.270211384712945	0.18541445601685663
speech	crustumius	0	-0.270211384712945	0.18541445601685663
speech	adsimilo	0	-0.270211384712945	0.18541445601685663
speech	thebaus	0	-0.270211384712945	0.18541445601685663
speech	scopo	0	-0.270211384712945	0.18541445601685663
speech	cromna	0	-0.270211384712945	0.18541445601685663
speech	libenter	0	-0.270211384712945	0.18541445601685663
speech	libentior	0	-0.270211384712945	0.18541445601685663
speech	adsimulatus	0	-0.270211384712945	0.18541445601685663
speech	triptolemus	0	-0.270211384712945	0.18541445601685663
speech	scitum	0	-0.270211384712945	0.18541445601685663
speech	crudeliter	0	-0.270211384712945	0.18541445601685663
speech	croton	0	-0.270211384712945	0.18541445601685663
speech	libror	0	-0.270211384712945	0.18541445601685663
speech	liburna	0	-0.270211384712945	0.18541445601685663
speech	lilaeus	0	-0.270211384712945	0.18541445601685663
speech	lilybaeum	0	-0.270211384712945	0.18541445601685663
speech	crepitus	0	-0.270211384712945	0.18541445601685663
speech	sciathos	0	-0.270211384712945	0.18541445601685663
speech	crethides	0	-0.270211384712945	0.18541445601685663
speech	fallaciter	0	-0.270211384712945	0.18541445601685663
speech	euandrus	0	-0.270211384712945	0.18541445601685663
speech	cretheu	0	-0.270211384712945	0.18541445601685663
speech	lixa	0	-0.270211384712945	0.18541445601685663
speech	thaemon	0	-0.270211384712945	0.18541445601685663
speech	creterra	0	-0.270211384712945	0.18541445601685663
speech	adueneror	0	-0.270211384712945	0.18541445601685663
speech	scaber	0	-0.270211384712945	0.18541445601685663
speech	cres	0	-0.270211384712945	0.18541445601685663
speech	saxumues	0	-0.270211384712945	0.18541445601685663
speech	locusta	0	-0.270211384712945	0.18541445601685663
speech	lolium	0	-0.270211384712945	0.18541445601685663
speech	textile	0	-0.270211384712945	0.18541445601685663
speech	uehentes	0	-0.270211384712945	0.18541445601685663
speech	fino	0	-0.270211384712945	0.18541445601685663
speech	loquela	0	-0.270211384712945	0.18541445601685663
speech	loquo	0	-0.270211384712945	0.18541445601685663
speech	uranies	0	-0.270211384712945	0.18541445601685663
speech	aduigilo	0	-0.270211384712945	0.18541445601685663
speech	teutonicus	0	-0.270211384712945	0.18541445601685663
speech	eualesco	0	-0.270211384712945	0.18541445601685663
speech	crethona	0	-0.270211384712945	0.18541445601685663
speech	cretosus	0	-0.270211384712945	0.18541445601685663
speech	adsultus	0	-0.270211384712945	0.18541445601685663
speech	schol	0	-0.270211384712945	0.18541445601685663
speech	thaumanteus	0	-0.270211384712945	0.18541445601685663
speech	schedius	0	-0.270211384712945	0.18541445601685663
speech	lindus	0	-0.270211384712945	0.18541445601685663
speech	sceptriger	0	-0.270211384712945	0.18541445601685663
speech	lineus	0	-0.270211384712945	0.18541445601685663
speech	criniger	0	-0.270211384712945	0.18541445601685663
speech	linguauis	0	-0.270211384712945	0.18541445601685663
speech	adstruo	0	-0.270211384712945	0.18541445601685663
speech	lipares	0	-0.270211384712945	0.18541445601685663
speech	thalia	0	-0.270211384712945	0.18541445601685663
speech	liparus	0	-0.270211384712945	0.18541445601685663
speech	thamyris	0	-0.270211384712945	0.18541445601685663
speech	traco	0	-0.270211384712945	0.18541445601685663
speech	liquidum	0	-0.270211384712945	0.18541445601685663
speech	thalysiades	0	-0.270211384712945	0.18541445601685663
speech	scaptia	0	-0.270211384712945	0.18541445601685663
speech	thalpius	0	-0.270211384712945	0.18541445601685663
speech	lira	0	-0.270211384712945	0.18541445601685663
speech	scamnum	0	-0.270211384712945	0.18541445601685663
speech	sarculum	0	-0.270211384712945	0.18541445601685663
speech	tulla	0	-0.270211384712945	0.18541445601685663
speech	maeos	0	-0.270211384712945	0.18541445601685663
speech	ueneta	0	-0.270211384712945	0.18541445601685663
speech	uenere	0	-0.270211384712945	0.18541445601685663
speech	maurusia	0	-0.270211384712945	0.18541445601685663
speech	conticuo	0	-0.270211384712945	0.18541445601685663
speech	uenerus	0	-0.270211384712945	0.18541445601685663
speech	conterminum	0	-0.270211384712945	0.18541445601685663
speech	falco	0	-0.270211384712945	0.18541445601685663
speech	contemptim	0	-0.270211384712945	0.18541445601685663
speech	contemplor	0	-0.270211384712945	0.18541445601685663
speech	medicatus	0	-0.270211384712945	0.18541445601685663
speech	uenetus	0	-0.270211384712945	0.18541445601685663
speech	maro	0	-0.270211384712945	0.18541445601685663
speech	salernus	0	-0.270211384712945	0.18541445601685663
speech	consumpo	0	-0.270211384712945	0.18541445601685663
speech	medo	0	-0.270211384712945	0.18541445601685663
speech	medonta	0	-0.270211384712945	0.18541445601685663
speech	halcyon	0	-0.270211384712945	0.18541445601685663
speech	consulatus	0	-0.270211384712945	0.18541445601685663
speech	salaminius	0	-0.270211384712945	0.18541445601685663
speech	euitabilis	0	-0.270211384712945	0.18541445601685663
speech	megara	0	-0.270211384712945	0.18541445601685663
speech	ueneo	0	-0.270211384712945	0.18541445601685663
speech	mauolo	0	-0.270211384712945	0.18541445601685663
speech	contortum	0	-0.270211384712945	0.18541445601685663
speech	uenenifer	0	-0.270211384712945	0.18541445601685663
speech	tragula	0	-0.270211384712945	0.18541445601685663
speech	marrus	0	-0.270211384712945	0.18541445601685663
speech	sames	0	-0.270211384712945	0.18541445601685663
speech	samen	0	-0.270211384712945	0.18541445601685663
speech	marsi	0	-0.270211384712945	0.18541445601685663
speech	marsicus	0	-0.270211384712945	0.18541445601685663
speech	conualesco	0	-0.270211384712945	0.18541445601685663
speech	aegerrimus	0	-0.270211384712945	0.18541445601685663
speech	saluo	0	-0.270211384712945	0.18541445601685663
speech	uenenatus	0	-0.270211384712945	0.18541445601685663
speech	contribuo	0	-0.270211384712945	0.18541445601685663
speech	aegion	0	-0.270211384712945	0.18541445601685663
speech	massilia	0	-0.270211384712945	0.18541445601685663
speech	maeotidus	0	-0.270211384712945	0.18541445601685663
speech	euigilo	0	-0.270211384712945	0.18541445601685663
speech	contractus	0	-0.270211384712945	0.18541445601685663
speech	contraco	0	-0.270211384712945	0.18541445601685663
speech	saltatus	0	-0.270211384712945	0.18541445601685663
speech	halo	0	-0.270211384712945	0.18541445601685663
speech	salaminiax	0	-0.270211384712945	0.18541445601685663
speech	uosne	0	-0.270211384712945	0.18541445601685663
speech	melaena	0	-0.270211384712945	0.18541445601685663
speech	consimilis	0	-0.270211384712945	0.18541445601685663
speech	mensor	0	-0.270211384712945	0.18541445601685663
speech	haenso	0	-0.270211384712945	0.18541445601685663
speech	considio	0	-0.270211384712945	0.18541445601685663
speech	suado	0	-0.270211384712945	0.18541445601685663
speech	suadum	0	-0.270211384712945	0.18541445601685663
speech	terebinthus	0	-0.270211384712945	0.18541445601685663
speech	uenientum	0	-0.270211384712945	0.18541445601685663
speech	conscribo	0	-0.270211384712945	0.18541445601685663
speech	mergus	0	-0.270211384712945	0.18541445601685663
speech	terea	0	-0.270211384712945	0.18541445601685663
speech	conruo	0	-0.270211384712945	0.18541445601685663
speech	conrepo	0	-0.270211384712945	0.18541445601685663
speech	conreo	0	-0.270211384712945	0.18541445601685663
speech	meroe	0	-0.270211384712945	0.18541445601685663
speech	meropes	0	-0.270211384712945	0.18541445601685663
speech	suadus	0	-0.270211384712945	0.18541445601685663
speech	conprendio	0	-0.270211384712945	0.18541445601685663
speech	sagacus	0	-0.270211384712945	0.18541445601685663
speech	conprehendo	0	-0.270211384712945	0.18541445601685663
speech	traiectum	0	-0.270211384712945	0.18541445601685663
speech	sagmen	0	-0.270211384712945	0.18541445601685663
speech	melanippus	0	-0.270211384712945	0.18541445601685663
speech	saguineus	0	-0.270211384712945	0.18541445601685663
speech	tergemini	0	-0.270211384712945	0.18541445601685663
speech	constanter	0	-0.270211384712945	0.18541445601685663
speech	meliboea	0	-0.270211384712945	0.18541445601685663
speech	consrio	0	-0.270211384712945	0.18541445601685663
speech	melicerta	0	-0.270211384712945	0.18541445601685663
speech	saguntini	0	-0.270211384712945	0.18541445601685663
speech	tergemina	0	-0.270211384712945	0.18541445601685663
speech	sagunti	0	-0.270211384712945	0.18541445601685663
speech	aenaria	0	-0.270211384712945	0.18541445601685663
speech	memmius	0	-0.270211384712945	0.18541445601685663
speech	memnonides	0	-0.270211384712945	0.18541445601685663
speech	halaeses	0	-0.270211384712945	0.18541445601685663
speech	memoror	0	-0.270211384712945	0.18541445601685663
speech	memphitides	0	-0.270211384712945	0.18541445601685663
speech	menalcas	0	-0.270211384712945	0.18541445601685663
speech	mendesius	0	-0.270211384712945	0.18541445601685663
speech	mendosus	0	-0.270211384712945	0.18541445601685663
speech	consolenturno	0	-0.270211384712945	0.18541445601685663
speech	consitor	0	-0.270211384712945	0.18541445601685663
speech	marpesia	0	-0.270211384712945	0.18541445601685663
speech	contrecto	0	-0.270211384712945	0.18541445601685663
speech	protea	0	-0.270211384712945	0.18541445601685663
speech	samothracus	0	-0.270211384712945	0.18541445601685663
speech	mantele	0	-0.270211384712945	0.18541445601685663
speech	triocala	0	-0.270211384712945	0.18541445601685663
speech	mantus	0	-0.270211384712945	0.18541445601685663
speech	styphelus	0	-0.270211384712945	0.18541445601685663
speech	cornelius	0	-0.270211384712945	0.18541445601685663
speech	maharbal	0	-0.270211384712945	0.18541445601685663
speech	aeas	0	-0.270211384712945	0.18541445601685663
speech	manius	0	-0.270211384712945	0.18541445601685663
speech	samothraces	0	-0.270211384712945	0.18541445601685663
speech	uenafro	0	-0.270211384712945	0.18541445601685663
speech	magneta	0	-0.270211384712945	0.18541445601685663
speech	triopeis	0	-0.270211384712945	0.18541445601685663
speech	sapharum	0	-0.270211384712945	0.18541445601685663
speech	magistratus	0	-0.270211384712945	0.18541445601685663
speech	manlius	0	-0.270211384712945	0.18541445601685663
speech	sanguinea	0	-0.270211384712945	0.18541445601685663
speech	mapalium	0	-0.270211384712945	0.18541445601685663
speech	corbis	0	-0.270211384712945	0.18541445601685663
speech	cordatus	0	-0.270211384712945	0.18541445601685663
speech	aecides	0	-0.270211384712945	0.18541445601685663
speech	corfinis	0	-0.270211384712945	0.18541445601685663
speech	mandonius	0	-0.270211384712945	0.18541445601685663
speech	corinthiacus	0	-0.270211384712945	0.18541445601685663
speech	mamercus	0	-0.270211384712945	0.18541445601685663
speech	malleus	0	-0.270211384712945	0.18541445601685663
speech	corinthon	0	-0.270211384712945	0.18541445601685663
speech	maleus	0	-0.270211384712945	0.18541445601685663
speech	corallus	0	-0.270211384712945	0.18541445601685663
speech	cora	0	-0.270211384712945	0.18541445601685663
speech	malesuadus	0	-0.270211384712945	0.18541445601685663
speech	territus	0	-0.270211384712945	0.18541445601685663
speech	sancus	0	-0.270211384712945	0.18541445601685663
speech	magii	0	-0.270211384712945	0.18541445601685663
speech	sapiens	0	-0.270211384712945	0.18541445601685663
speech	conuoluo	0	-0.270211384712945	0.18541445601685663
speech	sapientipotens	0	-0.270211384712945	0.18541445601685663
speech	aegea	0	-0.270211384712945	0.18541445601685663
speech	terrifica	0	-0.270211384712945	0.18541445601685663
speech	conueho	0	-0.270211384712945	0.18541445601685663
speech	marmarida	0	-0.270211384712945	0.18541445601685663
speech	samnes	0	-0.270211384712945	0.18541445601685663
speech	euhia	0	-0.270211384712945	0.18541445601685663
speech	samniet	0	-0.270211384712945	0.18541445601685663
speech	conuentus	0	-0.270211384712945	0.18541445601685663
speech	sapor	0	-0.270211384712945	0.18541445601685663
speech	marica	0	-0.270211384712945	0.18541445601685663
speech	euectus	0	-0.270211384712945	0.18541445601685663
speech	aeacis	0	-0.270211384712945	0.18541445601685663
speech	flagranter	0	-0.270211384712945	0.18541445601685663
speech	conuersus	0	-0.270211384712945	0.18541445601685663
speech	conuersis	0	-0.270211384712945	0.18541445601685663
speech	conuictum	0	-0.270211384712945	0.18541445601685663
speech	sapientia	0	-0.270211384712945	0.18541445601685663
speech	uenantes	0	-0.270211384712945	0.18541445601685663
speech	maestissimus	0	-0.270211384712945	0.18541445601685663
speech	samnitus	0	-0.270211384712945	0.18541445601685663
speech	aeacius	0	-0.270211384712945	0.18541445601685663
speech	magalis	0	-0.270211384712945	0.18541445601685663
speech	euganeus	0	-0.270211384712945	0.18541445601685663
speech	cubile	18	-0.271356525196625	0.18534814272259953
speech	iuuenta	18	-0.271356525196625	0.18534814272259953
speech	reduco	19	-0.273533879645319	0.1852220555321491
speech	leuo	30	-0.273990830654	0.18519559421396883
speech	tyrannus	20	-0.275772934534157	0.18509239536571764
speech	uirgineus	20	-0.275772934534157	0.18509239536571764
speech	duo	39	-0.275956138350409	0.18508178631927377
speech	conscendo	4	-0.276420114644566	0.18505491817780007
speech	plaustrum	4	-0.276420114644566	0.18505491817780007
speech	cruento	4	-0.276420114644566	0.18505491817780007
speech	tridens	4	-0.276420114644566	0.18505491817780007
speech	fatisco	4	-0.276420114644566	0.18505491817780007
speech	tenuo	4	-0.276420114644566	0.18505491817780007
speech	argo	4	-0.276420114644566	0.18505491817780007
speech	temo	4	-0.276420114644566	0.18505491817780007
speech	uagina	4	-0.276420114644566	0.18505491817780007
speech	inmaneo	4	-0.276420114644566	0.18505491817780007
speech	calamus	4	-0.276420114644566	0.18505491817780007
speech	uomer	4	-0.276420114644566	0.18505491817780007
speech	tactus	4	-0.276420114644566	0.18505491817780007
speech	inuiso	4	-0.276420114644566	0.18505491817780007
speech	rigor	4	-0.276420114644566	0.18505491817780007
speech	inmineo	4	-0.276420114644566	0.18505491817780007
speech	sero	31	-0.276828077401336	0.18503129369266383
speech	artus	68	-0.281209909994232	0.18477754862098117
speech	quamuis	24	-0.285133164152769	0.1845503591091543
speech	carpo	24	-0.285133164152769	0.1845503591091543
speech	aruum	82	-0.286448456818681	0.18447419256816489
speech	metus	82	-0.286448456818681	0.18447419256816489
speech	iter	57	-0.286666751402537	0.1844615514702557
speech	pudor	43	-0.287532113202604	0.18441143972195537
speech	congressus	3	-0.289185512276697	0.18431569396771183
speech	trinacria	3	-0.289185512276697	0.18431569396771183
speech	uentosus	3	-0.289185512276697	0.18431569396771183
speech	macies	3	-0.289185512276697	0.18431569396771183
speech	despecto	3	-0.289185512276697	0.18431569396771183
speech	puluereus	3	-0.289185512276697	0.18431569396771183
speech	succido	3	-0.289185512276697	0.18431569396771183
speech	rutilo	3	-0.289185512276697	0.18431569396771183
speech	respiro	3	-0.289185512276697	0.18431569396771183
speech	eicio	3	-0.289185512276697	0.18431569396771183
speech	concursus	3	-0.289185512276697	0.18431569396771183
speech	concolor	3	-0.289185512276697	0.18431569396771183
speech	pix	3	-0.289185512276697	0.18431569396771183
speech	aesonius	3	-0.289185512276697	0.18431569396771183
speech	uesper	3	-0.289185512276697	0.18431569396771183
speech	segnior	3	-0.289185512276697	0.18431569396771183
speech	colus	3	-0.289185512276697	0.18431569396771183
speech	multo	3	-0.289185512276697	0.18431569396771183
speech	doctus	3	-0.289185512276697	0.18431569396771183
speech	reputo	3	-0.289185512276697	0.18431569396771183
speech	caeneus	3	-0.289185512276697	0.18431569396771183
speech	recumbo	3	-0.289185512276697	0.18431569396771183
speech	pelides	3	-0.289185512276697	0.18431569396771183
speech	emergo	3	-0.289185512276697	0.18431569396771183
speech	anxius	3	-0.289185512276697	0.18431569396771183
speech	edoceo	3	-0.289185512276697	0.18431569396771183
speech	sordidus	3	-0.289185512276697	0.18431569396771183
speech	polynicus	3	-0.289185512276697	0.18431569396771183
speech	aquila	3	-0.289185512276697	0.18431569396771183
speech	uexillum	3	-0.289185512276697	0.18431569396771183
speech	expauesco	3	-0.289185512276697	0.18431569396771183
speech	nodosus	3	-0.289185512276697	0.18431569396771183
speech	consuetus	3	-0.289185512276697	0.18431569396771183
speech	obtutus	3	-0.289185512276697	0.18431569396771183
speech	idmon	3	-0.289185512276697	0.18431569396771183
speech	pestifer	3	-0.289185512276697	0.18431569396771183
speech	arx	71	-0.289651121061343	0.18428873129126735
speech	cogo	36	-0.290711542861277	0.18422732392347463
speech	harena	36	-0.290711542861277	0.18422732392347463
speech	agnosco	29	-0.297252855389706	0.1838485267464406
speech	feruidus	12	-0.299076621699497	0.18374291529205491
speech	curuo	12	-0.299076621699497	0.18374291529205491
speech	labo	12	-0.299076621699497	0.18374291529205491
speech	como	13	-0.299115237133675	0.18374067913266134
speech	rota	13	-0.299115237133675	0.18374067913266134
speech	serenus	13	-0.299115237133675	0.18374067913266134
speech	laboro	13	-0.299115237133675	0.18374067913266134
speech	responsum	13	-0.299115237133675	0.18374067913266134
speech	peleus	11	-0.299479922115092	0.18371956079580357
speech	emitto	11	-0.299479922115092	0.18371956079580357
speech	ambiguus	11	-0.299479922115092	0.18371956079580357
speech	impero	14	-0.299508689010911	0.18371789494986196
speech	neptunus	14	-0.299508689010911	0.18371789494986196
speech	uicinus	10	-0.300440876809119	0.18366391341253407
speech	conuenio	10	-0.300440876809119	0.18366391341253407
speech	eligo	10	-0.300440876809119	0.18366391341253407
speech	atlas	10	-0.300440876809119	0.18366391341253407
speech	lugeo	10	-0.300440876809119	0.18366391341253407
speech	male	16	-0.301107870190926	0.18362528886906043
speech	pauidus	16	-0.301107870190926	0.18362528886906043
speech	ales	16	-0.301107870190926	0.18362528886906043
speech	ubique	9	-0.302116702392801	0.1835668689741983
speech	graii	9	-0.302116702392801	0.1835668689741983
speech	derigo	9	-0.302116702392801	0.1835668689741983
speech	consisto	9	-0.302116702392801	0.1835668689741983
speech	eques	17	-0.302220541490683	0.18356085581445816
speech	redeo	76	-0.303232003468607	0.18350228363337834
speech	summus	41	-0.304094000586053	0.18345236672858578
speech	cumulo	8	-0.304726546515368	0.18341573698320554
speech	uenatus	8	-0.304726546515368	0.18341573698320554
speech	pluma	8	-0.304726546515368	0.18341573698320554
speech	chlamys	8	-0.304726546515368	0.18341573698320554
speech	pomum	8	-0.304726546515368	0.18341573698320554
speech	tonitrus	8	-0.304726546515368	0.18341573698320554
speech	limes	19	-0.304905908129001	0.1834053504327056
speech	pons	21	-0.30805098710129	0.1832232238287443
speech	arceo	21	-0.30805098710129	0.1832232238287443
speech	culmen	21	-0.30805098710129	0.1832232238287443
speech	tisiphone	7	-0.308585536501851	0.18319226890906454
speech	obnitor	7	-0.308585536501851	0.18319226890906454
speech	letifer	7	-0.308585536501851	0.18319226890906454
speech	meto	7	-0.308585536501851	0.18319226890906454
speech	riuus	7	-0.308585536501851	0.18319226890906454
speech	annuo	7	-0.308585536501851	0.18319226890906454
speech	aemulus	7	-0.308585536501851	0.18319226890906454
speech	innecto	7	-0.308585536501851	0.18319226890906454
speech	surgo	65	-0.308670654813721	0.18318733984076058
speech	magister	22	-0.309752912152054	0.18312466801109287
speech	accurro	2	-0.311283113728481	0.1830360564312418
speech	dispar	2	-0.311283113728481	0.1830360564312418
speech	foramen	2	-0.311283113728481	0.1830360564312418
speech	laurentius	2	-0.311283113728481	0.1830360564312418
speech	secum	2	-0.311283113728481	0.1830360564312418
speech	accola	2	-0.311283113728481	0.1830360564312418
speech	auide	2	-0.311283113728481	0.1830360564312418
speech	arbitrium	2	-0.311283113728481	0.1830360564312418
speech	parrhasius	2	-0.311283113728481	0.1830360564312418
speech	infula	2	-0.311283113728481	0.1830360564312418
speech	significo	2	-0.311283113728481	0.1830360564312418
speech	cyzicus	2	-0.311283113728481	0.1830360564312418
speech	bellatrix	2	-0.311283113728481	0.1830360564312418
speech	dictaeus	2	-0.311283113728481	0.1830360564312418
speech	ferax	2	-0.311283113728481	0.1830360564312418
speech	pindus	2	-0.311283113728481	0.1830360564312418
speech	semifer	2	-0.311283113728481	0.1830360564312418
speech	pelta	2	-0.311283113728481	0.1830360564312418
speech	declino	2	-0.311283113728481	0.1830360564312418
speech	decliuis	2	-0.311283113728481	0.1830360564312418
speech	priameius	2	-0.311283113728481	0.1830360564312418
speech	inuoco	2	-0.311283113728481	0.1830360564312418
speech	raresco	2	-0.311283113728481	0.1830360564312418
speech	pulmo	2	-0.311283113728481	0.1830360564312418
speech	celeber	2	-0.311283113728481	0.1830360564312418
speech	undosus	2	-0.311283113728481	0.1830360564312418
speech	eteocleus	2	-0.311283113728481	0.1830360564312418
speech	ecus	2	-0.311283113728481	0.1830360564312418
speech	propulso	2	-0.311283113728481	0.1830360564312418
speech	cladus	2	-0.311283113728481	0.1830360564312418
speech	sanus	2	-0.311283113728481	0.1830360564312418
speech	harmonia	2	-0.311283113728481	0.1830360564312418
speech	profusus	2	-0.311283113728481	0.1830360564312418
speech	consterno	2	-0.311283113728481	0.1830360564312418
speech	resupinus	2	-0.311283113728481	0.1830360564312418
speech	profundo	2	-0.311283113728481	0.1830360564312418
speech	coroebus	2	-0.311283113728481	0.1830360564312418
speech	sarmaticus	2	-0.311283113728481	0.1830360564312418
speech	conuoco	2	-0.311283113728481	0.1830360564312418
speech	coruscum	2	-0.311283113728481	0.1830360564312418
speech	saturnius	2	-0.311283113728481	0.1830360564312418
speech	eumeni	2	-0.311283113728481	0.1830360564312418
speech	aetne	2	-0.311283113728481	0.1830360564312418
speech	lugubris	2	-0.311283113728481	0.1830360564312418
speech	miraculum	2	-0.311283113728481	0.1830360564312418
speech	mirandus	2	-0.311283113728481	0.1830360564312418
speech	confugio	2	-0.311283113728481	0.1830360564312418
speech	transcurro	2	-0.311283113728481	0.1830360564312418
speech	limbus	2	-0.311283113728481	0.1830360564312418
speech	ardor	23	-0.311523786327768	0.18302211945746122
speech	sinuo	6	-0.314164453683779	0.18286920254123137
speech	murex	6	-0.314164453683779	0.18286920254123137
speech	aridus	6	-0.314164453683779	0.18286920254123137
speech	regius	25	-0.315232368167567	0.18280736128383623
speech	achilles	37	-0.316679523653301	0.182723558773202
speech	diu	37	-0.316679523653301	0.182723558773202
speech	claudo	54	-0.317256389831557	0.18269015335511504
speech	lambo	5	-0.322201194856306	0.18240380743046794
speech	bellona	5	-0.322201194856306	0.18240380743046794
speech	concors	5	-0.322201194856306	0.18240380743046794
speech	liueo	5	-0.322201194856306	0.18240380743046794
speech	ilex	5	-0.322201194856306	0.18240380743046794
speech	praeter	5	-0.322201194856306	0.18240380743046794
speech	caro	5	-0.322201194856306	0.18240380743046794
speech	maniplum	5	-0.322201194856306	0.18240380743046794
speech	geticus	5	-0.322201194856306	0.18240380743046794
speech	ferratus	5	-0.322201194856306	0.18240380743046794
speech	uena	5	-0.322201194856306	0.18240380743046794
speech	medium	5	-0.322201194856306	0.18240380743046794
speech	intonsus	5	-0.322201194856306	0.18240380743046794
speech	portus	32	-0.3292679020172	0.18199458547205527
speech	trepido	32	-0.3292679020172	0.18199458547205527
speech	capulus	4	-0.333926533138718	0.18172481143053004
speech	haemus	4	-0.333926533138718	0.18172481143053004
speech	threicius	4	-0.333926533138718	0.18172481143053004
speech	tethys	4	-0.333926533138718	0.18172481143053004
speech	ursa	4	-0.333926533138718	0.18172481143053004
speech	lassus	4	-0.333926533138718	0.18172481143053004
speech	comitatus	4	-0.333926533138718	0.18172481143053004
speech	orpheus	4	-0.333926533138718	0.18172481143053004
speech	hammon	4	-0.333926533138718	0.18172481143053004
speech	seminex	4	-0.333926533138718	0.18172481143053004
speech	ascendo	4	-0.333926533138718	0.18172481143053004
speech	arcadius	4	-0.333926533138718	0.18172481143053004
speech	ignoro	4	-0.333926533138718	0.18172481143053004
speech	promo	4	-0.333926533138718	0.18172481143053004
speech	signo	15	-0.334387697981304	0.18169810609581935
speech	corona	16	-0.334388358775796	0.1816980678302439
speech	uinclum	17	-0.334653610542796	0.18168270751530613
speech	uelox	17	-0.334653610542796	0.18168270751530613
speech	prosterno	14	-0.334702650322006	0.18167986769839686
speech	iason	14	-0.334702650322006	0.18167986769839686
speech	uerro	14	-0.334702650322006	0.18167986769839686
speech	spolio	14	-0.334702650322006	0.18167986769839686
speech	consto	18	-0.335142304280719	0.18165440802532534
speech	auster	18	-0.335142304280719	0.18165440802532534
speech	rabies	18	-0.335142304280719	0.18165440802532534
speech	acuo	13	-0.335397243317793	0.18163964490444712
speech	fetus	13	-0.335397243317793	0.18163964490444712
speech	ascanius	13	-0.335397243317793	0.18163964490444712
speech	iens	19	-0.3358208981164	0.18161511171771255
speech	pendo	19	-0.3358208981164	0.18161511171771255
speech	supra	12	-0.336552924287559	0.18157272122712753
speech	famulus	12	-0.336552924287559	0.18157272122712753
speech	resideo	20	-0.336661789325701	0.18156641702304818
speech	audax	21	-0.337642067426995	0.18150965065148825
speech	rarus	11	-0.338274920563297	0.1814730031162319
speech	infero	22	-0.338742568976926	0.18144592232806328
speech	indignor	22	-0.338742568976926	0.18144592232806328
speech	frustra	38	-0.341859969598257	0.18126539853411333
speech	damnum	9	-0.344018949408677	0.18114037539022496
speech	barba	9	-0.344018949408677	0.18114037539022496
speech	rapto	9	-0.344018949408677	0.18114037539022496
speech	prior	86	-0.344514934863268	0.18111165364833715
speech	pugno	58	-0.34621822643664	0.18101301869749892
speech	punicus	8	-0.34848270004398	0.1808818865728373
speech	admitto	8	-0.34848270004398	0.1808818865728373
speech	populor	8	-0.34848270004398	0.1808818865728373
speech	amplector	29	-0.348717403986512	0.1808682952346336
speech	turnus	51	-0.349374630424577	0.18083023627959527
speech	libamen	3	-0.35157304244312	0.18070292967821175
speech	uenerabilis	3	-0.35157304244312	0.18070292967821175
speech	helenus	3	-0.35157304244312	0.18070292967821175
speech	custodia	3	-0.35157304244312	0.18070292967821175
speech	somnium	3	-0.35157304244312	0.18070292967821175
speech	egero	3	-0.35157304244312	0.18070292967821175
speech	deni	3	-0.35157304244312	0.18070292967821175
speech	fluito	3	-0.35157304244312	0.18070292967821175
speech	immineo	3	-0.35157304244312	0.18070292967821175
speech	obuerto	3	-0.35157304244312	0.18070292967821175
speech	adsiduo	3	-0.35157304244312	0.18070292967821175
speech	purpura	3	-0.35157304244312	0.18070292967821175
speech	nereis	3	-0.35157304244312	0.18070292967821175
speech	ogygius	3	-0.35157304244312	0.18070292967821175
speech	uestigo	3	-0.35157304244312	0.18070292967821175
speech	tiberinus	3	-0.35157304244312	0.18070292967821175
speech	colchis	3	-0.35157304244312	0.18070292967821175
speech	exsilio	3	-0.35157304244312	0.18070292967821175
speech	pyrenes	3	-0.35157304244312	0.18070292967821175
speech	aeolides	3	-0.35157304244312	0.18070292967821175
speech	munio	3	-0.35157304244312	0.18070292967821175
speech	bruma	3	-0.35157304244312	0.18070292967821175
speech	innuptus	3	-0.35157304244312	0.18070292967821175
speech	cado	102	-0.351753839339879	0.18069246001271094
speech	tantummodo	1	-0.354404679652869	0.18053895399645434
speech	adridens	1	-0.354404679652869	0.18053895399645434
speech	fractus	1	-0.354404679652869	0.18053895399645434
speech	honestus	1	-0.354404679652869	0.18053895399645434
speech	cauea	1	-0.354404679652869	0.18053895399645434
speech	palo	1	-0.354404679652869	0.18053895399645434
speech	relabor	1	-0.354404679652869	0.18053895399645434
speech	achaicus	1	-0.354404679652869	0.18053895399645434
speech	uolatilis	1	-0.354404679652869	0.18053895399645434
speech	helymus	1	-0.354404679652869	0.18053895399645434
speech	acoetes	1	-0.354404679652869	0.18053895399645434
speech	inlustro	1	-0.354404679652869	0.18053895399645434
speech	partio	1	-0.354404679652869	0.18053895399645434
speech	hippomenes	1	-0.354404679652869	0.18053895399645434
speech	instinctus	1	-0.354404679652869	0.18053895399645434
speech	instigo	1	-0.354404679652869	0.18053895399645434
speech	actaeus	1	-0.354404679652869	0.18053895399645434
speech	phalera	1	-0.354404679652869	0.18053895399645434
speech	intento	1	-0.354404679652869	0.18053895399645434
speech	depromo	1	-0.354404679652869	0.18053895399645434
speech	pertempto	1	-0.354404679652869	0.18053895399645434
speech	fraxineus	1	-0.354404679652869	0.18053895399645434
speech	festinus	1	-0.354404679652869	0.18053895399645434
speech	expallesco	1	-0.354404679652869	0.18053895399645434
speech	calais	1	-0.354404679652869	0.18053895399645434
speech	deriguo	1	-0.354404679652869	0.18053895399645434
speech	defio	1	-0.354404679652869	0.18053895399645434
speech	sidicinus	1	-0.354404679652869	0.18053895399645434
speech	tumesco	1	-0.354404679652869	0.18053895399645434
speech	inruo	1	-0.354404679652869	0.18053895399645434
speech	isthmus	1	-0.354404679652869	0.18053895399645434
speech	senones	1	-0.354404679652869	0.18053895399645434
speech	uocabulum	1	-0.354404679652869	0.18053895399645434
speech	hyperion	1	-0.354404679652869	0.18053895399645434
speech	torquatus	1	-0.354404679652869	0.18053895399645434
speech	amico	1	-0.354404679652869	0.18053895399645434
speech	immolo	1	-0.354404679652869	0.18053895399645434
speech	pecto	1	-0.354404679652869	0.18053895399645434
speech	inmurmuro	1	-0.354404679652869	0.18053895399645434
speech	specula	1	-0.354404679652869	0.18053895399645434
speech	pastoralis	1	-0.354404679652869	0.18053895399645434
speech	caspius	1	-0.354404679652869	0.18053895399645434
speech	uitulus	1	-0.354404679652869	0.18053895399645434
speech	olea	1	-0.354404679652869	0.18053895399645434
speech	orestes	1	-0.354404679652869	0.18053895399645434
speech	submoueo	1	-0.354404679652869	0.18053895399645434
speech	uenatrix	1	-0.354404679652869	0.18053895399645434
speech	gorgon	1	-0.354404679652869	0.18053895399645434
speech	athos	1	-0.354404679652869	0.18053895399645434
speech	reuiresco	1	-0.354404679652869	0.18053895399645434
speech	aegresco	1	-0.354404679652869	0.18053895399645434
speech	frustror	1	-0.354404679652869	0.18053895399645434
speech	rhenus	1	-0.354404679652869	0.18053895399645434
speech	indo	1	-0.354404679652869	0.18053895399645434
speech	eurypylus	1	-0.354404679652869	0.18053895399645434
speech	menoecea	1	-0.354404679652869	0.18053895399645434
speech	conlabor	1	-0.354404679652869	0.18053895399645434
speech	suppleo	1	-0.354404679652869	0.18053895399645434
speech	electrum	1	-0.354404679652869	0.18053895399645434
speech	flammifera	1	-0.354404679652869	0.18053895399645434
speech	arrectus	1	-0.354404679652869	0.18053895399645434
speech	confodio	1	-0.354404679652869	0.18053895399645434
speech	nauticus	1	-0.354404679652869	0.18053895399645434
speech	nauo	1	-0.354404679652869	0.18053895399645434
speech	modestus	1	-0.354404679652869	0.18053895399645434
speech	conecto	1	-0.354404679652869	0.18053895399645434
speech	atys	1	-0.354404679652869	0.18053895399645434
speech	conduco	1	-0.354404679652869	0.18053895399645434
speech	tonitruum	1	-0.354404679652869	0.18053895399645434
speech	incitus	1	-0.354404679652869	0.18053895399645434
speech	euoco	1	-0.354404679652869	0.18053895399645434
speech	nandus	1	-0.354404679652869	0.18053895399645434
speech	abantiades	1	-0.354404679652869	0.18053895399645434
speech	comprensus	1	-0.354404679652869	0.18053895399645434
speech	baeto	1	-0.354404679652869	0.18053895399645434
speech	propono	1	-0.354404679652869	0.18053895399645434
speech	coorior	1	-0.354404679652869	0.18053895399645434
speech	aoniae	1	-0.354404679652869	0.18053895399645434
speech	chimaera	1	-0.354404679652869	0.18053895399645434
speech	triformis	1	-0.354404679652869	0.18053895399645434
speech	superemineo	1	-0.354404679652869	0.18053895399645434
speech	bellantes	1	-0.354404679652869	0.18053895399645434
speech	chalybes	1	-0.354404679652869	0.18053895399645434
speech	textus	1	-0.354404679652869	0.18053895399645434
speech	abo	1	-0.354404679652869	0.18053895399645434
speech	uelociter	1	-0.354404679652869	0.18053895399645434
speech	asbytes	1	-0.354404679652869	0.18053895399645434
speech	infamo	1	-0.354404679652869	0.18053895399645434
speech	polites	1	-0.354404679652869	0.18053895399645434
speech	ignobilis	1	-0.354404679652869	0.18053895399645434
speech	retempto	1	-0.354404679652869	0.18053895399645434
speech	sthenelus	1	-0.354404679652869	0.18053895399645434
speech	manica	1	-0.354404679652869	0.18053895399645434
speech	horrisonus	1	-0.354404679652869	0.18053895399645434
speech	cinyphius	1	-0.354404679652869	0.18053895399645434
speech	lympha	7	-0.354455543678347	0.18053600854029703
speech	armatus	7	-0.354455543678347	0.18053600854029703
speech	argentum	7	-0.354455543678347	0.18053600854029703
speech	prosequor	7	-0.354455543678347	0.18053600854029703
speech	cardo	7	-0.354455543678347	0.18053600854029703
speech	madidus	7	-0.354455543678347	0.18053600854029703
speech	sibylla	6	-0.362470300243793	0.18007188652374279
speech	moribundus	6	-0.362470300243793	0.18007188652374279
speech	grauitas	6	-0.362470300243793	0.18007188652374279
speech	insuper	6	-0.362470300243793	0.18007188652374279
speech	regalis	6	-0.362470300243793	0.18007188652374279
speech	uasto	6	-0.362470300243793	0.18007188652374279
speech	cassus	6	-0.362470300243793	0.18007188652374279
speech	transfero	6	-0.362470300243793	0.18007188652374279
speech	dardanides	6	-0.362470300243793	0.18007188652374279
speech	opacus	19	-0.366293844682569	0.1798504710458279
speech	foueo	18	-0.366314182605159	0.17984929330854196
speech	totidem	18	-0.366314182605159	0.17984929330854196
speech	perago	21	-0.366846676306375	0.17981845743119587
speech	diues	21	-0.366846676306375	0.17981845743119587
speech	incumbo	16	-0.367114122735064	0.17980297002683246
speech	incendo	16	-0.367114122735064	0.17980297002683246
speech	lectus	16	-0.367114122735064	0.17980297002683246
speech	stimulo	15	-0.367981845337548	0.17975272156815678
speech	hiberus	14	-0.36923718488244	0.17968002681863093
speech	lupus	14	-0.36923718488244	0.17968002681863093
speech	cohors	26	-0.370673939077615	0.179596826630464
speech	crudus	13	-0.370954480664748	0.17958058090595766
speech	mensa	28	-0.372872556734176	0.17946950812090448
speech	intus	12	-0.373227612771909	0.17944894738111447
speech	confundo	12	-0.373227612771909	0.17944894738111447
speech	troes	12	-0.373227612771909	0.17944894738111447
speech	sollicito	5	-0.373345536685146	0.1794421185917477
speech	capto	5	-0.373345536685146	0.1794421185917477
speech	inermis	5	-0.373345536685146	0.1794421185917477
speech	speculor	5	-0.373345536685146	0.1794421185917477
speech	celero	5	-0.373345536685146	0.1794421185917477
speech	perfodio	5	-0.373345536685146	0.1794421185917477
speech	discutio	5	-0.373345536685146	0.1794421185917477
speech	postremus	5	-0.373345536685146	0.1794421185917477
speech	eridanus	5	-0.373345536685146	0.1794421185917477
speech	indomitus	5	-0.373345536685146	0.1794421185917477
speech	nouerca	5	-0.373345536685146	0.1794421185917477
speech	planus	5	-0.373345536685146	0.1794421185917477
speech	torpeo	5	-0.373345536685146	0.1794421185917477
speech	telamon	5	-0.373345536685146	0.1794421185917477
speech	insum	5	-0.373345536685146	0.1794421185917477
speech	illic	43	-0.373762294786031	0.1794179847819908
speech	loquor	54	-0.375371691281786	0.1793247871482329
speech	aiax	11	-0.376176924222003	0.17927815736815692
speech	lacio	2	-0.379706743131621	0.1790737510762096
speech	hispidus	2	-0.379706743131621	0.1790737510762096
speech	flumineus	2	-0.379706743131621	0.1790737510762096
speech	aethra	2	-0.379706743131621	0.1790737510762096
speech	amica	2	-0.379706743131621	0.1790737510762096
speech	insidiae	2	-0.379706743131621	0.1790737510762096
speech	tondeo	2	-0.379706743131621	0.1790737510762096
speech	abscindo	2	-0.379706743131621	0.1790737510762096
speech	leuitas	2	-0.379706743131621	0.1790737510762096
speech	pyrene	2	-0.379706743131621	0.1790737510762096
speech	corruo	2	-0.379706743131621	0.1790737510762096
speech	percurro	2	-0.379706743131621	0.1790737510762096
speech	cythereius	2	-0.379706743131621	0.1790737510762096
speech	reminiscor	2	-0.379706743131621	0.1790737510762096
speech	index	2	-0.379706743131621	0.1790737510762096
speech	nimbosus	2	-0.379706743131621	0.1790737510762096
speech	horrificus	2	-0.379706743131621	0.1790737510762096
speech	bidens	2	-0.379706743131621	0.1790737510762096
speech	defluo	2	-0.379706743131621	0.1790737510762096
speech	deuoluo	2	-0.379706743131621	0.1790737510762096
speech	nessus	2	-0.379706743131621	0.1790737510762096
speech	contundo	2	-0.379706743131621	0.1790737510762096
speech	musso	2	-0.379706743131621	0.1790737510762096
speech	oenotria	2	-0.379706743131621	0.1790737510762096
speech	protendo	2	-0.379706743131621	0.1790737510762096
speech	capys	2	-0.379706743131621	0.1790737510762096
speech	portendo	2	-0.379706743131621	0.1790737510762096
speech	apis	2	-0.379706743131621	0.1790737510762096
speech	conditor	2	-0.379706743131621	0.1790737510762096
speech	intrepidus	2	-0.379706743131621	0.1790737510762096
speech	exprimo	2	-0.379706743131621	0.1790737510762096
speech	ancaeus	2	-0.379706743131621	0.1790737510762096
speech	falcatus	2	-0.379706743131621	0.1790737510762096
speech	fundus	10	-0.379959351147722	0.1790591229411099
speech	manus	321	-0.381419742025862	0.17897455398960338
speech	cruor	66	-0.382064753743598	0.17893720236991384
speech	xuii	0	-0.382137598007822	0.1789329840725108
speech	harundineus	0	-0.382137598007822	0.1789329840725108
speech	coris	0	-0.382137598007822	0.1789329840725108
speech	magnes	0	-0.382137598007822	0.1789329840725108
speech	euhius	0	-0.382137598007822	0.1789329840725108
speech	spiraculum	0	-0.382137598007822	0.1789329840725108
speech	efferuesco	0	-0.382137598007822	0.1789329840725108
speech	maera	0	-0.382137598007822	0.1789329840725108
speech	efferuo	0	-0.382137598007822	0.1789329840725108
speech	emathion	0	-0.382137598007822	0.1789329840725108
speech	inextricabilis	0	-0.382137598007822	0.1789329840725108
speech	induperator	0	-0.382137598007822	0.1789329840725108
speech	cornix	0	-0.382137598007822	0.1789329840725108
speech	aeetiae	0	-0.382137598007822	0.1789329840725108
speech	uenefica	0	-0.382137598007822	0.1789329840725108
speech	marsya	0	-0.382137598007822	0.1789329840725108
speech	aedifico	0	-0.382137598007822	0.1789329840725108
speech	flagellum	0	-0.382137598007822	0.1789329840725108
speech	inermus	0	-0.382137598007822	0.1789329840725108
speech	mantum	0	-0.382137598007822	0.1789329840725108
speech	spiramentum	0	-0.382137598007822	0.1789329840725108
speech	hortantum	0	-0.382137598007822	0.1789329840725108
speech	conuuldo	0	-0.382137598007822	0.1789329840725108
speech	sternax	0	-0.382137598007822	0.1789329840725108
speech	emathii	0	-0.382137598007822	0.1789329840725108
speech	aegatus	0	-0.382137598007822	0.1789329840725108
speech	hybla	0	-0.382137598007822	0.1789329840725108
speech	ephyrus	0	-0.382137598007822	0.1789329840725108
speech	ichnobates	0	-0.382137598007822	0.1789329840725108
speech	marruuius	0	-0.382137598007822	0.1789329840725108
speech	conubialis	0	-0.382137598007822	0.1789329840725108
speech	corduba	0	-0.382137598007822	0.1789329840725108
speech	actora	0	-0.382137598007822	0.1789329840725108
speech	acerrae	0	-0.382137598007822	0.1789329840725108
speech	hebesco	0	-0.382137598007822	0.1789329840725108
speech	lygdes	0	-0.382137598007822	0.1789329840725108
speech	coruulus	0	-0.382137598007822	0.1789329840725108
speech	lycomedes	0	-0.382137598007822	0.1789329840725108
speech	lychnus	0	-0.382137598007822	0.1789329840725108
speech	lycetus	0	-0.382137598007822	0.1789329840725108
speech	typhon	0	-0.382137598007822	0.1789329840725108
speech	infreno	0	-0.382137598007822	0.1789329840725108
speech	hebe	0	-0.382137598007822	0.1789329840725108
speech	lusitanus	0	-0.382137598007822	0.1789329840725108
speech	ii	0	-0.382137598007822	0.1789329840725108
speech	sipylus	0	-0.382137598007822	0.1789329840725108
speech	faliscus	0	-0.382137598007822	0.1789329840725108
speech	inflammo	0	-0.382137598007822	0.1789329840725108
speech	zanclaea	0	-0.382137598007822	0.1789329840725108
speech	dion	0	-0.382137598007822	0.1789329840725108
speech	ilerda	0	-0.382137598007822	0.1789329840725108
speech	spiceus	0	-0.382137598007822	0.1789329840725108
speech	teumesus	0	-0.382137598007822	0.1789329840725108
speech	teuthra	0	-0.382137598007822	0.1789329840725108
speech	creons	0	-0.382137598007822	0.1789329840725108
speech	lucetius	0	-0.382137598007822	0.1789329840725108
speech	lucanus	0	-0.382137598007822	0.1789329840725108
speech	lucanae	0	-0.382137598007822	0.1789329840725108
speech	hecateius	0	-0.382137598007822	0.1789329840725108
speech	fixus	0	-0.382137598007822	0.1789329840725108
speech	infindo	0	-0.382137598007822	0.1789329840725108
speech	dorcea	0	-0.382137598007822	0.1789329840725108
speech	typhoeo	0	-0.382137598007822	0.1789329840725108
speech	maeonides	0	-0.382137598007822	0.1789329840725108
speech	aeacidus	0	-0.382137598007822	0.1789329840725108
speech	sisyphus	0	-0.382137598007822	0.1789329840725108
speech	hasdrubalis	0	-0.382137598007822	0.1789329840725108
speech	maenadus	0	-0.382137598007822	0.1789329840725108
speech	sisyphos	0	-0.382137598007822	0.1789329840725108
speech	maeandros	0	-0.382137598007822	0.1789329840725108
speech	sisyphius	0	-0.382137598007822	0.1789329840725108
speech	maeander	0	-0.382137598007822	0.1789329840725108
speech	horrifico	0	-0.382137598007822	0.1789329840725108
speech	massagetes	0	-0.382137598007822	0.1789329840725108
speech	tiberis	0	-0.382137598007822	0.1789329840725108
speech	edonius	0	-0.382137598007822	0.1789329840725108
speech	euboica	0	-0.382137598007822	0.1789329840725108
speech	maceo	0	-0.382137598007822	0.1789329840725108
speech	tiaras	0	-0.382137598007822	0.1789329840725108
speech	sarnus	0	-0.382137598007822	0.1789329840725108
speech	infimus	0	-0.382137598007822	0.1789329840725108
speech	lyrceus	0	-0.382137598007822	0.1789329840725108
speech	lyncides	0	-0.382137598007822	0.1789329840725108
speech	adyrmachidae	0	-0.382137598007822	0.1789329840725108
speech	haudquaquam	0	-0.382137598007822	0.1789329840725108
speech	adusque	0	-0.382137598007822	0.1789329840725108
speech	edonus	0	-0.382137598007822	0.1789329840725108
speech	sarido	0	-0.382137598007822	0.1789329840725108
speech	salii	0	-0.382137598007822	0.1789329840725108
speech	terrestris	0	-0.382137598007822	0.1789329840725108
speech	sollertior	0	-0.382137598007822	0.1789329840725108
speech	modestia	0	-0.382137598007822	0.1789329840725108
speech	aequi	0	-0.382137598007822	0.1789329840725108
speech	inaro	0	-0.382137598007822	0.1789329840725108
speech	modeste	0	-0.382137598007822	0.1789329840725108
speech	mnemonides	0	-0.382137598007822	0.1789329840725108
speech	tyde	0	-0.382137598007822	0.1789329840725108
speech	confragus	0	-0.382137598007822	0.1789329840725108
speech	sabini	0	-0.382137598007822	0.1789329840725108
speech	incomptus	0	-0.382137598007822	0.1789329840725108
speech	aequaro	0	-0.382137598007822	0.1789329840725108
speech	sabratha	0	-0.382137598007822	0.1789329840725108
speech	distantia	0	-0.382137598007822	0.1789329840725108
speech	incoctus	0	-0.382137598007822	0.1789329840725108
speech	aequanus	0	-0.382137598007822	0.1789329840725108
speech	entella	0	-0.382137598007822	0.1789329840725108
speech	ticina	0	-0.382137598007822	0.1789329840725108
speech	congruo	0	-0.382137598007822	0.1789329840725108
speech	ialmenus	0	-0.382137598007822	0.1789329840725108
speech	aepytus	0	-0.382137598007822	0.1789329840725108
speech	inarimis	0	-0.382137598007822	0.1789329840725108
speech	solio	0	-0.382137598007822	0.1789329840725108
speech	epeus	0	-0.382137598007822	0.1789329840725108
speech	mincius	0	-0.382137598007822	0.1789329840725108
speech	aepytius	0	-0.382137598007822	0.1789329840725108
speech	aequiculus	0	-0.382137598007822	0.1789329840725108
speech	modicus	0	-0.382137598007822	0.1789329840725108
speech	flammifer	0	-0.382137598007822	0.1789329840725108
speech	aerumna	0	-0.382137598007822	0.1789329840725108
speech	incandesco	0	-0.382137598007822	0.1789329840725108
speech	mulctra	0	-0.382137598007822	0.1789329840725108
speech	flammiger	0	-0.382137598007822	0.1789329840725108
speech	moto	0	-0.382137598007822	0.1789329840725108
speech	concerno	0	-0.382137598007822	0.1789329840725108
speech	morpheus	0	-0.382137598007822	0.1789329840725108
speech	torque	0	-0.382137598007822	0.1789329840725108
speech	moratus	0	-0.382137598007822	0.1789329840725108
speech	mopsopius	0	-0.382137598007822	0.1789329840725108
speech	incanesco	0	-0.382137598007822	0.1789329840725108
speech	monychus	0	-0.382137598007822	0.1789329840725108
speech	subiecto	0	-0.382137598007822	0.1789329840725108
speech	flammiferas	0	-0.382137598007822	0.1789329840725108
speech	concredo	0	-0.382137598007822	0.1789329840725108
speech	montosus	0	-0.382137598007822	0.1789329840725108
speech	concreo	0	-0.382137598007822	0.1789329840725108
speech	dolo	0	-0.382137598007822	0.1789329840725108
speech	aerium	0	-0.382137598007822	0.1789329840725108
speech	incensus	0	-0.382137598007822	0.1789329840725108
speech	mollissimus	0	-0.382137598007822	0.1789329840725108
speech	mollibo	0	-0.382137598007822	0.1789329840725108
speech	tifatus	0	-0.382137598007822	0.1789329840725108
speech	zacynthos	0	-0.382137598007822	0.1789329840725108
speech	stellatus	0	-0.382137598007822	0.1789329840725108
speech	inarimen	0	-0.382137598007822	0.1789329840725108
speech	elateius	0	-0.382137598007822	0.1789329840725108
speech	halys	0	-0.382137598007822	0.1789329840725108
speech	halesus	0	-0.382137598007822	0.1789329840725108
speech	inamoenus	0	-0.382137598007822	0.1789329840725108
speech	membrana	0	-0.382137598007822	0.1789329840725108
speech	conspiro	0	-0.382137598007822	0.1789329840725108
speech	saguntinus	0	-0.382137598007822	0.1789329840725108
speech	indigus	0	-0.382137598007822	0.1789329840725108
speech	acamans	0	-0.382137598007822	0.1789329840725108
speech	inaequalis	0	-0.382137598007822	0.1789329840725108
speech	mela	0	-0.382137598007822	0.1789329840725108
speech	constringo	0	-0.382137598007822	0.1789329840725108
speech	salamis	0	-0.382137598007822	0.1789329840725108
speech	aceo	0	-0.382137598007822	0.1789329840725108
speech	medica	0	-0.382137598007822	0.1789329840725108
speech	uenieno	0	-0.382137598007822	0.1789329840725108
speech	euinctus	0	-0.382137598007822	0.1789329840725108
speech	aellus	0	-0.382137598007822	0.1789329840725108
speech	aelius	0	-0.382137598007822	0.1789329840725108
speech	salmacus	0	-0.382137598007822	0.1789329840725108
speech	contero	0	-0.382137598007822	0.1789329840725108
speech	ephyraea	0	-0.382137598007822	0.1789329840725108
speech	halius	0	-0.382137598007822	0.1789329840725108
speech	egeria	0	-0.382137598007822	0.1789329840725108
speech	disieco	0	-0.382137598007822	0.1789329840725108
speech	maturesco	0	-0.382137598007822	0.1789329840725108
speech	fatifer	0	-0.382137598007822	0.1789329840725108
speech	flammeus	0	-0.382137598007822	0.1789329840725108
speech	abella	0	-0.382137598007822	0.1789329840725108
speech	indigeo	0	-0.382137598007822	0.1789329840725108
speech	aeoliae	0	-0.382137598007822	0.1789329840725108
speech	mima	0	-0.382137598007822	0.1789329840725108
speech	miletus	0	-0.382137598007822	0.1789329840725108
speech	indigero	0	-0.382137598007822	0.1789329840725108
speech	accolo	0	-0.382137598007822	0.1789329840725108
speech	midan	0	-0.382137598007822	0.1789329840725108
speech	meuania	0	-0.382137598007822	0.1789329840725108
speech	metuens	0	-0.382137598007822	0.1789329840725108
speech	hyrie	0	-0.382137598007822	0.1789329840725108
speech	saetabis	0	-0.382137598007822	0.1789329840725108
speech	tuditanus	0	-0.382137598007822	0.1789329840725108
speech	solao	0	-0.382137598007822	0.1789329840725108
speech	messenia	0	-0.382137598007822	0.1789329840725108
speech	hagniades	0	-0.382137598007822	0.1789329840725108
speech	messene	0	-0.382137598007822	0.1789329840725108
speech	aenum	0	-0.382137598007822	0.1789329840725108
speech	aeneus	0	-0.382137598007822	0.1789329840725108
speech	aeneis	0	-0.382137598007822	0.1789329840725108
speech	messena	0	-0.382137598007822	0.1789329840725108
speech	merus	0	-0.382137598007822	0.1789329840725108
speech	sagaris	0	-0.382137598007822	0.1789329840725108
speech	conquestus	0	-0.382137598007822	0.1789329840725108
speech	mentitus	0	-0.382137598007822	0.1789329840725108
speech	eiaculor	0	-0.382137598007822	0.1789329840725108
speech	fatiferi	0	-0.382137598007822	0.1789329840725108
speech	edomo	0	-0.382137598007822	0.1789329840725108
speech	thamyr	0	-0.382137598007822	0.1789329840725108
speech	aduerso	0	-0.382137598007822	0.1789329840725108
speech	hyleus	0	-0.382137598007822	0.1789329840725108
speech	inpietas	0	-0.382137598007822	0.1789329840725108
speech	iuue	0	-0.382137598007822	0.1789329840725108
speech	iuturnus	0	-0.382137598007822	0.1789329840725108
speech	impaco	0	-0.382137598007822	0.1789329840725108
speech	danae	0	-0.382137598007822	0.1789329840725108
speech	danuuius	0	-0.382137598007822	0.1789329840725108
speech	daraps	0	-0.382137598007822	0.1789329840725108
speech	iunctura	0	-0.382137598007822	0.1789329840725108
speech	farfarus	0	-0.382137598007822	0.1789329840725108
speech	thyiades	0	-0.382137598007822	0.1789329840725108
speech	uaniloquus	0	-0.382137598007822	0.1789329840725108
speech	inreuocabilis	0	-0.382137598007822	0.1789329840725108
speech	adfremo	0	-0.382137598007822	0.1789329840725108
speech	uuifer	0	-0.382137598007822	0.1789329840725108
speech	ithacesia	0	-0.382137598007822	0.1789329840725108
speech	itaque	0	-0.382137598007822	0.1789329840725108
speech	italides	0	-0.382137598007822	0.1789329840725108
speech	acragae	0	-0.382137598007822	0.1789329840725108
speech	uanesco	0	-0.382137598007822	0.1789329840725108
speech	deciens	0	-0.382137598007822	0.1789329840725108
speech	sidonis	0	-0.382137598007822	0.1789329840725108
speech	fibrenus	0	-0.382137598007822	0.1789329840725108
speech	isthmon	0	-0.382137598007822	0.1789329840725108
speech	emotus	0	-0.382137598007822	0.1789329840725108
speech	ducenti	0	-0.382137598007822	0.1789329840725108
speech	thetideius	0	-0.382137598007822	0.1789329840725108
speech	uarenus	0	-0.382137598007822	0.1789329840725108
speech	inrueo	0	-0.382137598007822	0.1789329840725108
speech	x	0	-0.382137598007822	0.1789329840725108
speech	thespiades	0	-0.382137598007822	0.1789329840725108
speech	adludens	0	-0.382137598007822	0.1789329840725108
speech	silenus	0	-0.382137598007822	0.1789329840725108
speech	selinus	0	-0.382137598007822	0.1789329840725108
speech	hylonome	0	-0.382137598007822	0.1789329840725108
speech	laeuinus	0	-0.382137598007822	0.1789329840725108
speech	thespiadus	0	-0.382137598007822	0.1789329840725108
speech	erymanthis	0	-0.382137598007822	0.1789329840725108
speech	trabea	0	-0.382137598007822	0.1789329840725108
speech	utilitas	0	-0.382137598007822	0.1789329840725108
speech	laertes	0	-0.382137598007822	0.1789329840725108
speech	implumis	0	-0.382137598007822	0.1789329840725108
speech	cymes	0	-0.382137598007822	0.1789329840725108
speech	thessandrus	0	-0.382137598007822	0.1789329840725108
speech	laconi	0	-0.382137598007822	0.1789329840725108
speech	cymothoe	0	-0.382137598007822	0.1789329840725108
speech	detractans	0	-0.382137598007822	0.1789329840725108
speech	semiambustus	0	-0.382137598007822	0.1789329840725108
speech	cyprius	0	-0.382137598007822	0.1789329840725108
speech	cypron	0	-0.382137598007822	0.1789329840725108
speech	uarr	0	-0.382137598007822	0.1789329840725108
speech	detestor	0	-0.382137598007822	0.1789329840725108
speech	durities	0	-0.382137598007822	0.1789329840725108
speech	implero	0	-0.382137598007822	0.1789329840725108
speech	daci	0	-0.382137598007822	0.1789329840725108
speech	inriguus	0	-0.382137598007822	0.1789329840725108
speech	ismarus	0	-0.382137598007822	0.1789329840725108
speech	crete	0	-0.382137598007822	0.1789329840725108
speech	tiresian	0	-0.382137598007822	0.1789329840725108
speech	sicor	0	-0.382137598007822	0.1789329840725108
speech	hippasus	0	-0.382137598007822	0.1789329840725108
speech	acrota	0	-0.382137598007822	0.1789329840725108
speech	sororia	0	-0.382137598007822	0.1789329840725108
speech	tyrrhides	0	-0.382137598007822	0.1789329840725108
speech	deiicio	0	-0.382137598007822	0.1789329840725108
speech	adclinatus	0	-0.382137598007822	0.1789329840725108
speech	deilochus	0	-0.382137598007822	0.1789329840725108
speech	dequestus	0	-0.382137598007822	0.1789329840725108
speech	deiphobius	0	-0.382137598007822	0.1789329840725108
speech	thoon	0	-0.382137598007822	0.1789329840725108
speech	interrumpo	0	-0.382137598007822	0.1789329840725108
speech	interplico	0	-0.382137598007822	0.1789329840725108
speech	hippothous	0	-0.382137598007822	0.1789329840725108
speech	depopulo	0	-0.382137598007822	0.1789329840725108
speech	internecto	0	-0.382137598007822	0.1789329840725108
speech	hippocoon	0	-0.382137598007822	0.1789329840725108
speech	thoraca	0	-0.382137598007822	0.1789329840725108
speech	erepo	0	-0.382137598007822	0.1789329840725108
speech	uaga	0	-0.382137598007822	0.1789329840725108
speech	demoleus	0	-0.382137598007822	0.1789329840725108
speech	siccha	0	-0.382137598007822	0.1789329840725108
speech	deplango	0	-0.382137598007822	0.1789329840725108
speech	emporia	0	-0.382137598007822	0.1789329840725108
speech	toryni	0	-0.382137598007822	0.1789329840725108
speech	insidior	0	-0.382137598007822	0.1789329840725108
speech	degusto	0	-0.382137598007822	0.1789329840725108
speech	desido	0	-0.382137598007822	0.1789329840725108
speech	defundo	0	-0.382137598007822	0.1789329840725108
speech	adfectus	0	-0.382137598007822	0.1789329840725108
speech	isalcus	0	-0.382137598007822	0.1789329840725108
speech	irrumpo	0	-0.382137598007822	0.1789329840725108
speech	hieron	0	-0.382137598007822	0.1789329840725108
speech	iphinous	0	-0.382137598007822	0.1789329840725108
speech	iphinoe	0	-0.382137598007822	0.1789329840725108
speech	iphin	0	-0.382137598007822	0.1789329840725108
speech	iphiclus	0	-0.382137598007822	0.1789329840725108
speech	adesio	0	-0.382137598007822	0.1789329840725108
speech	iole	0	-0.382137598007822	0.1789329840725108
speech	iocus	0	-0.382137598007822	0.1789329840725108
speech	himilcum	0	-0.382137598007822	0.1789329840725108
speech	defendeno	0	-0.382137598007822	0.1789329840725108
speech	inuro	0	-0.382137598007822	0.1789329840725108
speech	desiderium	0	-0.382137598007822	0.1789329840725108
speech	defensus	0	-0.382137598007822	0.1789329840725108
speech	dubitabilis	0	-0.382137598007822	0.1789329840725108
speech	desectus	0	-0.382137598007822	0.1789329840725108
speech	fastigo	0	-0.382137598007822	0.1789329840725108
speech	defletus	0	-0.382137598007822	0.1789329840725108
speech	defugio	0	-0.382137598007822	0.1789329840725108
speech	seriphos	0	-0.382137598007822	0.1789329840725108
speech	seriphus	0	-0.382137598007822	0.1789329840725108
speech	tristissimus	0	-0.382137598007822	0.1789329840725108
speech	himilcus	0	-0.382137598007822	0.1789329840725108
speech	herminius	0	-0.382137598007822	0.1789329840725108
speech	cyllenes	0	-0.382137598007822	0.1789329840725108
speech	cyllaron	0	-0.382137598007822	0.1789329840725108
speech	cris	0	-0.382137598007822	0.1789329840725108
speech	licium	0	-0.382137598007822	0.1789329840725108
speech	helenium	0	-0.382137598007822	0.1789329840725108
speech	cristo	0	-0.382137598007822	0.1789329840725108
speech	libystis	0	-0.382137598007822	0.1789329840725108
speech	ecum	0	-0.382137598007822	0.1789329840725108
speech	critiae	0	-0.382137598007822	0.1789329840725108
speech	scitto	0	-0.382137598007822	0.1789329840725108
speech	epistrophus	0	-0.382137598007822	0.1789329840725108
speech	helenor	0	-0.382137598007822	0.1789329840725108
speech	thymus	0	-0.382137598007822	0.1789329840725108
speech	sthenius	0	-0.382137598007822	0.1789329840725108
speech	leucon	0	-0.382137598007822	0.1789329840725108
speech	scorpius	0	-0.382137598007822	0.1789329840725108
speech	cudo	0	-0.382137598007822	0.1789329840725108
speech	letois	0	-0.382137598007822	0.1789329840725108
speech	cuiue	0	-0.382137598007822	0.1789329840725108
speech	iniecto	0	-0.382137598007822	0.1789329840725108
speech	heliades	0	-0.382137598007822	0.1789329840725108
speech	acherusius	0	-0.382137598007822	0.1789329840725108
speech	spercheis	0	-0.382137598007822	0.1789329840725108
speech	lernaea	0	-0.382137598007822	0.1789329840725108
speech	lepus	0	-0.382137598007822	0.1789329840725108
speech	leonteus	0	-0.382137598007822	0.1789329840725108
speech	leniter	0	-0.382137598007822	0.1789329840725108
speech	achille	0	-0.382137598007822	0.1789329840725108
speech	xi	0	-0.382137598007822	0.1789329840725108
speech	ligamen	0	-0.382137598007822	0.1789329840725108
speech	equito	0	-0.382137598007822	0.1789329840725108
speech	thaumantius	0	-0.382137598007822	0.1789329840725108
speech	scaea	0	-0.382137598007822	0.1789329840725108
speech	locri	0	-0.382137598007822	0.1789329840725108
speech	dorceus	0	-0.382137598007822	0.1789329840725108
speech	stheneleius	0	-0.382137598007822	0.1789329840725108
speech	liternus	0	-0.382137598007822	0.1789329840725108
speech	liris	0	-0.382137598007822	0.1789329840725108
speech	aduecto	0	-0.382137598007822	0.1789329840725108
speech	cretum	0	-0.382137598007822	0.1789329840725108
speech	thamyer	0	-0.382137598007822	0.1789329840725108
speech	scaurus	0	-0.382137598007822	0.1789329840725108
speech	dryada	0	-0.382137598007822	0.1789329840725108
speech	linus	0	-0.382137598007822	0.1789329840725108
speech	timulus	0	-0.382137598007822	0.1789329840725108
speech	hecubes	0	-0.382137598007822	0.1789329840725108
speech	linea	0	-0.382137598007822	0.1789329840725108
speech	diluo	0	-0.382137598007822	0.1789329840725108
speech	etrusci	0	-0.382137598007822	0.1789329840725108
speech	schoeneius	0	-0.382137598007822	0.1789329840725108
speech	sinope	0	-0.382137598007822	0.1789329840725108
speech	emathius	0	-0.382137598007822	0.1789329840725108
speech	ilissus	0	-0.382137598007822	0.1789329840725108
speech	adspiro	0	-0.382137598007822	0.1789329840725108
speech	lilybaeon	0	-0.382137598007822	0.1789329840725108
speech	ethemon	0	-0.382137598007822	0.1789329840725108
speech	fimus	0	-0.382137598007822	0.1789329840725108
speech	epytides	0	-0.382137598007822	0.1789329840725108
speech	ilua	0	-0.382137598007822	0.1789329840725108
speech	helicona	0	-0.382137598007822	0.1789329840725108
speech	therapnaeus	0	-0.382137598007822	0.1789329840725108
speech	dicendus	0	-0.382137598007822	0.1789329840725108
speech	thersilochus	0	-0.382137598007822	0.1789329840725108
speech	speculator	0	-0.382137598007822	0.1789329840725108
speech	inlumino	0	-0.382137598007822	0.1789329840725108
speech	inluxio	0	-0.382137598007822	0.1789329840725108
speech	cybebus	0	-0.382137598007822	0.1789329840725108
speech	cybeleius	0	-0.382137598007822	0.1789329840725108
speech	deusne	0	-0.382137598007822	0.1789329840725108
speech	siluicolus	0	-0.382137598007822	0.1789329840725108
speech	dolon	0	-0.382137598007822	0.1789329840725108
speech	herbesus	0	-0.382137598007822	0.1789329840725108
speech	herbidus	0	-0.382137598007822	0.1789329840725108
speech	laocoonta	0	-0.382137598007822	0.1789329840725108
speech	siluia	0	-0.382137598007822	0.1789329840725108
speech	laocoon	0	-0.382137598007822	0.1789329840725108
speech	lao	0	-0.382137598007822	0.1789329840725108
speech	equester	0	-0.382137598007822	0.1789329840725108
speech	cydnus	0	-0.382137598007822	0.1789329840725108
speech	strophadus	0	-0.382137598007822	0.1789329840725108
speech	lamyrus	0	-0.382137598007822	0.1789329840725108
speech	sedulitas	0	-0.382137598007822	0.1789329840725108
speech	deuito	0	-0.382137598007822	0.1789329840725108
speech	deuasto	0	-0.382137598007822	0.1789329840725108
speech	cydona	0	-0.382137598007822	0.1789329840725108
speech	lamentum	0	-0.382137598007822	0.1789329840725108
speech	cybebe	0	-0.382137598007822	0.1789329840725108
speech	cyane	0	-0.382137598007822	0.1789329840725108
speech	therses	0	-0.382137598007822	0.1789329840725108
speech	dorylus	0	-0.382137598007822	0.1789329840725108
speech	scyphus	0	-0.382137598007822	0.1789329840725108
speech	adquiro	0	-0.382137598007822	0.1789329840725108
speech	curetes	0	-0.382137598007822	0.1789329840725108
speech	lauru	0	-0.382137598007822	0.1789329840725108
speech	hellespontus	0	-0.382137598007822	0.1789329840725108
speech	imbrasides	0	-0.382137598007822	0.1789329840725108
speech	curriculum	0	-0.382137598007822	0.1789329840725108
speech	epytus	0	-0.382137598007822	0.1789329840725108
speech	curso	0	-0.382137598007822	0.1789329840725108
speech	latois	0	-0.382137598007822	0.1789329840725108
speech	impuo	0	-0.382137598007822	0.1789329840725108
speech	inlaudo	0	-0.382137598007822	0.1789329840725108
speech	laridus	0	-0.382137598007822	0.1789329840725108
speech	lateranus	0	-0.382137598007822	0.1789329840725108
speech	therona	0	-0.382137598007822	0.1789329840725108
speech	adpareo	0	-0.382137598007822	0.1789329840725108
speech	secretum	0	-0.382137598007822	0.1789329840725108
speech	esca	0	-0.382137598007822	0.1789329840725108
speech	larinus	0	-0.382137598007822	0.1789329840725108
speech	adorno	0	-0.382137598007822	0.1789329840725108
speech	adorea	0	-0.382137598007822	0.1789329840725108
speech	drace	0	-0.382137598007822	0.1789329840725108
speech	hymetton	0	-0.382137598007822	0.1789329840725108
speech	drangeus	0	-0.382137598007822	0.1789329840725108
speech	cycladas	0	-0.382137598007822	0.1789329840725108
speech	rudentus	0	-0.382137598007822	0.1789329840725108
speech	pulchra	0	-0.382137598007822	0.1789329840725108
speech	capetus	0	-0.382137598007822	0.1789329840725108
speech	recoquo	0	-0.382137598007822	0.1789329840725108
speech	troezen	0	-0.382137598007822	0.1789329840725108
speech	triuius	0	-0.382137598007822	0.1789329840725108
speech	pelusiacus	0	-0.382137598007822	0.1789329840725108
speech	peltus	0	-0.382137598007822	0.1789329840725108
speech	uictricia	0	-0.382137598007822	0.1789329840725108
speech	amiternus	0	-0.382137598007822	0.1789329840725108
speech	rectus	0	-0.382137598007822	0.1789329840725108
speech	pelopeides	0	-0.382137598007822	0.1789329840725108
speech	frusinus	0	-0.382137598007822	0.1789329840725108
speech	eximius	0	-0.382137598007822	0.1789329840725108
speech	traueho	0	-0.382137598007822	0.1789329840725108
speech	eximium	0	-0.382137598007822	0.1789329840725108
speech	pelates	0	-0.382137598007822	0.1789329840725108
speech	peneleum	0	-0.382137598007822	0.1789329840725108
speech	tago	0	-0.382137598007822	0.1789329840725108
speech	amentum	0	-0.382137598007822	0.1789329840725108
speech	uocantus	0	-0.382137598007822	0.1789329840725108
speech	talaionides	0	-0.382137598007822	0.1789329840725108
speech	pecorosus	0	-0.382137598007822	0.1789329840725108
speech	astypaleius	0	-0.382137598007822	0.1789329840725108
speech	exim	0	-0.382137598007822	0.1789329840725108
speech	aranea	0	-0.382137598007822	0.1789329840725108
speech	paulinus	0	-0.382137598007822	0.1789329840725108
speech	redundo	0	-0.382137598007822	0.1789329840725108
speech	refeco	0	-0.382137598007822	0.1789329840725108
speech	refercio	0	-0.382137598007822	0.1789329840725108
speech	capyn	0	-0.382137598007822	0.1789329840725108
speech	peneis	0	-0.382137598007822	0.1789329840725108
speech	recognosco	0	-0.382137598007822	0.1789329840725108
speech	ossaea	0	-0.382137598007822	0.1789329840725108
speech	percitus	0	-0.382137598007822	0.1789329840725108
speech	periphae	0	-0.382137598007822	0.1789329840725108
speech	exomatus	0	-0.382137598007822	0.1789329840725108
speech	precans	0	-0.382137598007822	0.1789329840725108
speech	rebellus	0	-0.382137598007822	0.1789329840725108
speech	reboo	0	-0.382137598007822	0.1789329840725108
speech	peredo	0	-0.382137598007822	0.1789329840725108
speech	perduro	0	-0.382137598007822	0.1789329840725108
speech	recando	0	-0.382137598007822	0.1789329840725108
speech	recanduo	0	-0.382137598007822	0.1789329840725108
speech	amphione	0	-0.382137598007822	0.1789329840725108
speech	campana	0	-0.382137598007822	0.1789329840725108
speech	precantum	0	-0.382137598007822	0.1789329840725108
speech	campania	0	-0.382137598007822	0.1789329840725108
speech	recentus	0	-0.382137598007822	0.1789329840725108
speech	canopus	0	-0.382137598007822	0.1789329840725108
speech	perceslo	0	-0.382137598007822	0.1789329840725108
speech	peplus	0	-0.382137598007822	0.1789329840725108
speech	recincio	0	-0.382137598007822	0.1789329840725108
speech	gargara	0	-0.382137598007822	0.1789329840725108
speech	penus	0	-0.382137598007822	0.1789329840725108
speech	superpono	0	-0.382137598007822	0.1789329840725108
speech	penthesileus	0	-0.382137598007822	0.1789329840725108
speech	reciprocus	0	-0.382137598007822	0.1789329840725108
speech	uictura	0	-0.382137598007822	0.1789329840725108
speech	prenses	0	-0.382137598007822	0.1789329840725108
speech	reclinis	0	-0.382137598007822	0.1789329840725108
speech	exundao	0	-0.382137598007822	0.1789329840725108
speech	prensum	0	-0.382137598007822	0.1789329840725108
speech	pauentum	0	-0.382137598007822	0.1789329840725108
speech	foras	0	-0.382137598007822	0.1789329840725108
speech	patrus	0	-0.382137598007822	0.1789329840725108
speech	exuuius	0	-0.382137598007822	0.1789329840725108
speech	arauricus	0	-0.382137598007822	0.1789329840725108
speech	caunus	0	-0.382137598007822	0.1789329840725108
speech	transumo	0	-0.382137598007822	0.1789329840725108
speech	panchaius	0	-0.382137598007822	0.1789329840725108
speech	almo	0	-0.382137598007822	0.1789329840725108
speech	allo	0	-0.382137598007822	0.1789329840725108
speech	pampinus	0	-0.382137598007822	0.1789329840725108
speech	paludosus	0	-0.382137598007822	0.1789329840725108
speech	palmus	0	-0.382137598007822	0.1789329840725108
speech	generose	0	-0.382137598007822	0.1789329840725108
speech	cecropides	0	-0.382137598007822	0.1789329840725108
speech	palicus	0	-0.382137598007822	0.1789329840725108
speech	palans	0	-0.382137598007822	0.1789329840725108
speech	palaestinus	0	-0.382137598007822	0.1789329840725108
speech	carbas	0	-0.382137598007822	0.1789329840725108
speech	pagasa	0	-0.382137598007822	0.1789329840725108
speech	remolio	0	-0.382137598007822	0.1789329840725108
speech	paeonus	0	-0.382137598007822	0.1789329840725108
speech	paeonius	0	-0.382137598007822	0.1789329840725108
speech	genius	0	-0.382137598007822	0.1789329840725108
speech	cella	0	-0.382137598007822	0.1789329840725108
speech	pacuuius	0	-0.382137598007822	0.1789329840725108
speech	uolentus	0	-0.382137598007822	0.1789329840725108
speech	celtas	0	-0.382137598007822	0.1789329840725108
speech	pacisco	0	-0.382137598007822	0.1789329840725108
speech	celticus	0	-0.382137598007822	0.1789329840725108
speech	excurro	0	-0.382137598007822	0.1789329840725108
speech	othryades	0	-0.382137598007822	0.1789329840725108
speech	caune	0	-0.382137598007822	0.1789329840725108
speech	tanaus	0	-0.382137598007822	0.1789329840725108
speech	reiecto	0	-0.382137598007822	0.1789329840725108
speech	panthus	0	-0.382137598007822	0.1789329840725108
speech	carbaseus	0	-0.382137598007822	0.1789329840725108
speech	gellus	0	-0.382137598007822	0.1789329840725108
speech	uolandus	0	-0.382137598007822	0.1789329840725108
speech	ambenus	0	-0.382137598007822	0.1789329840725108
speech	carmelus	0	-0.382137598007822	0.1789329840725108
speech	arar	0	-0.382137598007822	0.1789329840725108
speech	carpathium	0	-0.382137598007822	0.1789329840725108
speech	cas	0	-0.382137598007822	0.1789329840725108
speech	casdo	0	-0.382137598007822	0.1789329840725108
speech	casinus	0	-0.382137598007822	0.1789329840725108
speech	amastrus	0	-0.382137598007822	0.1789329840725108
speech	partitus	0	-0.382137598007822	0.1789329840725108
speech	cassidus	0	-0.382137598007822	0.1789329840725108
speech	amabilis	0	-0.382137598007822	0.1789329840725108
speech	tanagraeus	0	-0.382137598007822	0.1789329840725108
speech	parium	0	-0.382137598007822	0.1789329840725108
speech	cateno	0	-0.382137598007822	0.1789329840725108
speech	altor	0	-0.382137598007822	0.1789329840725108
speech	regnator	0	-0.382137598007822	0.1789329840725108
speech	catilina	0	-0.382137598007822	0.1789329840725108
speech	fontanus	0	-0.382137598007822	0.1789329840725108
speech	porrectus	0	-0.382137598007822	0.1789329840725108
speech	regredior	0	-0.382137598007822	0.1789329840725108
speech	catus	0	-0.382137598007822	0.1789329840725108
speech	astyanactus	0	-0.382137598007822	0.1789329840725108
speech	gemmifer	0	-0.382137598007822	0.1789329840725108
speech	astupeo	0	-0.382137598007822	0.1789329840725108
speech	amulius	0	-0.382137598007822	0.1789329840725108
speech	perlego	0	-0.382137598007822	0.1789329840725108
speech	taciturnus	0	-0.382137598007822	0.1789329840725108
speech	aueo	0	-0.382137598007822	0.1789329840725108
speech	potitus	0	-0.382137598007822	0.1789329840725108
speech	pirous	0	-0.382137598007822	0.1789329840725108
speech	biceps	0	-0.382137598007822	0.1789329840725108
speech	aulestes	0	-0.382137598007822	0.1789329840725108
speech	piraeus	0	-0.382137598007822	0.1789329840725108
speech	praecelero	0	-0.382137598007822	0.1789329840725108
speech	antiphon	0	-0.382137598007822	0.1789329840725108
speech	bienor	0	-0.382137598007822	0.1789329840725108
speech	fosso	0	-0.382137598007822	0.1789329840725108
speech	uiriasius	0	-0.382137598007822	0.1789329840725108
speech	quianus	0	-0.382137598007822	0.1789329840725108
speech	uiridus	0	-0.382137598007822	0.1789329840725108
speech	anthedonius	0	-0.382137598007822	0.1789329840725108
speech	pigre	0	-0.382137598007822	0.1789329840725108
speech	quintius	0	-0.382137598007822	0.1789329840725108
speech	forulus	0	-0.382137598007822	0.1789329840725108
speech	binominis	0	-0.382137598007822	0.1789329840725108
speech	bipennifer	0	-0.382137598007822	0.1789329840725108
speech	audo	0	-0.382137598007822	0.1789329840725108
speech	fucinus	0	-0.382137598007822	0.1789329840725108
speech	picenus	0	-0.382137598007822	0.1789329840725108
speech	bistonas	0	-0.382137598007822	0.1789329840725108
speech	phyleus	0	-0.382137598007822	0.1789329840725108
speech	antander	0	-0.382137598007822	0.1789329840725108
speech	bistones	0	-0.382137598007822	0.1789329840725108
speech	bistonia	0	-0.382137598007822	0.1789329840725108
speech	fureno	0	-0.382137598007822	0.1789329840725108
speech	bitia	0	-0.382137598007822	0.1789329840725108
speech	uiresco	0	-0.382137598007822	0.1789329840725108
speech	que	0	-0.382137598007822	0.1789329840725108
speech	berecyntius	0	-0.382137598007822	0.1789329840725108
speech	postulo	0	-0.382137598007822	0.1789329840725108
speech	porgeo	0	-0.382137598007822	0.1789329840725108
speech	babylonia	0	-0.382137598007822	0.1789329840725108
speech	pomarium	0	-0.382137598007822	0.1789329840725108
speech	baga	0	-0.382137598007822	0.1789329840725108
speech	quadriiugis	0	-0.382137598007822	0.1789329840725108
speech	baia	0	-0.382137598007822	0.1789329840725108
speech	polypoetes	0	-0.382137598007822	0.1789329840725108
speech	quadriga	0	-0.382137598007822	0.1789329840725108
speech	balantum	0	-0.382137598007822	0.1789329840725108
speech	polio	0	-0.382137598007822	0.1789329840725108
speech	polenta	0	-0.382137598007822	0.1789329840725108
speech	surrentum	0	-0.382137598007822	0.1789329840725108
speech	uiola	0	-0.382137598007822	0.1789329840725108
speech	poeas	0	-0.382137598007822	0.1789329840725108
speech	quadrifidus	0	-0.382137598007822	0.1789329840725108
speech	po	0	-0.382137598007822	0.1789329840725108
speech	barce	0	-0.382137598007822	0.1789329840725108
speech	battiades	0	-0.382137598007822	0.1789329840725108
speech	pliadae	0	-0.382137598007822	0.1789329840725108
speech	battus	0	-0.382137598007822	0.1789329840725108
speech	batulus	0	-0.382137598007822	0.1789329840725108
speech	funerea	0	-0.382137598007822	0.1789329840725108
speech	bebryx	0	-0.382137598007822	0.1789329840725108
speech	antores	0	-0.382137598007822	0.1789329840725108
speech	belides	0	-0.382137598007822	0.1789329840725108
speech	fragmentum	0	-0.382137598007822	0.1789329840725108
speech	possessor	0	-0.382137598007822	0.1789329840725108
speech	phorbantes	0	-0.382137598007822	0.1789329840725108
speech	audenter	0	-0.382137598007822	0.1789329840725108
speech	galerus	0	-0.382137598007822	0.1789329840725108
speech	atracia	0	-0.382137598007822	0.1789329840725108
speech	petra	0	-0.382137598007822	0.1789329840725108
speech	pessimus	0	-0.382137598007822	0.1789329840725108
speech	praepondero	0	-0.382137598007822	0.1789329840725108
speech	peruro	0	-0.382137598007822	0.1789329840725108
speech	anaxaretes	0	-0.382137598007822	0.1789329840725108
speech	anausis	0	-0.382137598007822	0.1789329840725108
speech	anapus	0	-0.382137598007822	0.1789329840725108
speech	racemus	0	-0.382137598007822	0.1789329840725108
speech	peruolito	0	-0.382137598007822	0.1789329840725108
speech	caeculus	0	-0.382137598007822	0.1789329840725108
speech	praerapidus	0	-0.382137598007822	0.1789329840725108
speech	caedicus	0	-0.382137598007822	0.1789329840725108
speech	caelamen	0	-0.382137598007822	0.1789329840725108
speech	ato	0	-0.382137598007822	0.1789329840725108
speech	phorba	0	-0.382137598007822	0.1789329840725108
speech	perstrepo	0	-0.382137598007822	0.1789329840725108
speech	ramosus	0	-0.382137598007822	0.1789329840725108
speech	praeseo	0	-0.382137598007822	0.1789329840725108
speech	uii	0	-0.382137598007822	0.1789329840725108
speech	amyntas	0	-0.382137598007822	0.1789329840725108
speech	atina	0	-0.382137598007822	0.1789329840725108
speech	exsomnis	0	-0.382137598007822	0.1789329840725108
speech	praesum	0	-0.382137598007822	0.1789329840725108
speech	calabra	0	-0.382137598007822	0.1789329840725108
speech	taburnus	0	-0.382137598007822	0.1789329840725108
speech	purgamen	0	-0.382137598007822	0.1789329840725108
speech	athin	0	-0.382137598007822	0.1789329840725108
speech	calatia	0	-0.382137598007822	0.1789329840725108
speech	peuce	0	-0.382137598007822	0.1789329840725108
speech	burnus	0	-0.382137598007822	0.1789329840725108
speech	praepetus	0	-0.382137598007822	0.1789329840725108
speech	phalanga	0	-0.382137598007822	0.1789329840725108
speech	boeota	0	-0.382137598007822	0.1789329840725108
speech	praefodio	0	-0.382137598007822	0.1789329840725108
speech	pyracmon	0	-0.382137598007822	0.1789329840725108
speech	quirinalis	0	-0.382137598007822	0.1789329840725108
speech	furiosus	0	-0.382137598007822	0.1789329840725108
speech	auchus	0	-0.382137598007822	0.1789329840725108
speech	extractum	0	-0.382137598007822	0.1789329840725108
speech	bogus	0	-0.382137598007822	0.1789329840725108
speech	synhalus	0	-0.382137598007822	0.1789329840725108
speech	explicitus	0	-0.382137598007822	0.1789329840725108
speech	phocais	0	-0.382137598007822	0.1789329840725108
speech	uiscum	0	-0.382137598007822	0.1789329840725108
speech	syracosia	0	-0.382137598007822	0.1789329840725108
speech	praepet	0	-0.382137598007822	0.1789329840725108
speech	braca	0	-0.382137598007822	0.1789329840725108
speech	phlegethontis	0	-0.382137598007822	0.1789329840725108
speech	philyreius	0	-0.382137598007822	0.1789329840725108
speech	quix	0	-0.382137598007822	0.1789329840725108
speech	pheres	0	-0.382137598007822	0.1789329840725108
speech	brontes	0	-0.382137598007822	0.1789329840725108
speech	quocum	0	-0.382137598007822	0.1789329840725108
speech	angitia	0	-0.382137598007822	0.1789329840725108
speech	pharetro	0	-0.382137598007822	0.1789329840725108
speech	andromedas	0	-0.382137598007822	0.1789329840725108
speech	attenuo	0	-0.382137598007822	0.1789329840725108
speech	phalantus	0	-0.382137598007822	0.1789329840725108
speech	undisonus	0	-0.382137598007822	0.1789329840725108
speech	remurmuro	0	-0.382137598007822	0.1789329840725108
speech	bacchantum	0	-0.382137598007822	0.1789329840725108
speech	uettones	0	-0.382137598007822	0.1789329840725108
speech	aesum	0	-0.382137598007822	0.1789329840725108
speech	exanguium	0	-0.382137598007822	0.1789329840725108
speech	uolsca	0	-0.382137598007822	0.1789329840725108
speech	uolscus	0	-0.382137598007822	0.1789329840725108
speech	pubens	0	-0.382137598007822	0.1789329840725108
speech	asis	0	-0.382137598007822	0.1789329840725108
speech	asilus	0	-0.382137598007822	0.1789329840725108
speech	telonus	0	-0.382137598007822	0.1789329840725108
speech	fadum	0	-0.382137598007822	0.1789329840725108
speech	rosa	0	-0.382137598007822	0.1789329840725108
speech	propugno	0	-0.382137598007822	0.1789329840725108
speech	nauplius	0	-0.382137598007822	0.1789329840725108
speech	frondeum	0	-0.382137598007822	0.1789329840725108
speech	aethiops	0	-0.382137598007822	0.1789329840725108
speech	oblicus	0	-0.382137598007822	0.1789329840725108
speech	gortynus	0	-0.382137598007822	0.1789329840725108
speech	asellus	0	-0.382137598007822	0.1789329840725108
speech	nyctelius	0	-0.382137598007822	0.1789329840725108
speech	nauus	0	-0.382137598007822	0.1789329840725108
speech	nutrimentum	0	-0.382137598007822	0.1789329840725108
speech	gorytus	0	-0.382137598007822	0.1789329840725108
speech	nursia	0	-0.382137598007822	0.1789329840725108
speech	archelochus	0	-0.382137598007822	0.1789329840725108
speech	numicius	0	-0.382137598007822	0.1789329840725108
speech	naxon	0	-0.382137598007822	0.1789329840725108
speech	floreus	0	-0.382137598007822	0.1789329840725108
speech	nauifragus	0	-0.382137598007822	0.1789329840725108
speech	trucido	0	-0.382137598007822	0.1789329840725108
speech	obsecro	0	-0.382137598007822	0.1789329840725108
speech	frentanus	0	-0.382137598007822	0.1789329840725108
speech	fluminea	0	-0.382137598007822	0.1789329840725108
speech	chromium	0	-0.382137598007822	0.1789329840725108
speech	commentor	0	-0.382137598007822	0.1789329840725108
speech	exaspero	0	-0.382137598007822	0.1789329840725108
speech	ocreus	0	-0.382137598007822	0.1789329840725108
speech	ocnus	0	-0.382137598007822	0.1789329840725108
speech	tarraco	0	-0.382137598007822	0.1789329840725108
speech	alanus	0	-0.382137598007822	0.1789329840725108
speech	occultum	0	-0.382137598007822	0.1789329840725108
speech	facillimus	0	-0.382137598007822	0.1789329840725108
speech	fremebundus	0	-0.382137598007822	0.1789329840725108
speech	ciconis	0	-0.382137598007822	0.1789329840725108
speech	glacio	0	-0.382137598007822	0.1789329840725108
speech	nasamonius	0	-0.382137598007822	0.1789329840725108
speech	propus	0	-0.382137598007822	0.1789329840725108
speech	cinctus	0	-0.382137598007822	0.1789329840725108
speech	cineo	0	-0.382137598007822	0.1789329840725108
speech	prodigialis	0	-0.382137598007822	0.1789329840725108
speech	agyrte	0	-0.382137598007822	0.1789329840725108
speech	cinyphium	0	-0.382137598007822	0.1789329840725108
speech	obsidium	0	-0.382137598007822	0.1789329840725108
speech	subrepo	0	-0.382137598007822	0.1789329840725108
speech	clamosus	0	-0.382137598007822	0.1789329840725108
speech	clanius	0	-0.382137598007822	0.1789329840725108
speech	odius	0	-0.382137598007822	0.1789329840725108
speech	uersicolor	0	-0.382137598007822	0.1789329840725108
speech	co	0	-0.382137598007822	0.1789329840725108
speech	rhoecus	0	-0.382137598007822	0.1789329840725108
speech	cocles	0	-0.382137598007822	0.1789329840725108
speech	arrecueo	0	-0.382137598007822	0.1789329840725108
speech	cocytia	0	-0.382137598007822	0.1789329840725108
speech	rhyndaca	0	-0.382137598007822	0.1789329840725108
speech	colloquium	0	-0.382137598007822	0.1789329840725108
speech	telchines	0	-0.382137598007822	0.1789329840725108
speech	nectarea	0	-0.382137598007822	0.1789329840725108
speech	affecto	0	-0.382137598007822	0.1789329840725108
speech	nescioquo	0	-0.382137598007822	0.1789329840725108
speech	neritius	0	-0.382137598007822	0.1789329840725108
speech	nuceria	0	-0.382137598007822	0.1789329840725108
speech	argolis	0	-0.382137598007822	0.1789329840725108
speech	coeus	0	-0.382137598007822	0.1789329840725108
speech	colentus	0	-0.382137598007822	0.1789329840725108
speech	robigo	0	-0.382137598007822	0.1789329840725108
speech	neptis	0	-0.382137598007822	0.1789329840725108
speech	nemut	0	-0.382137598007822	0.1789329840725108
speech	eurydamas	0	-0.382137598007822	0.1789329840725108
speech	ripheus	0	-0.382137598007822	0.1789329840725108
speech	nemees	0	-0.382137598007822	0.1789329840725108
speech	nelides	0	-0.382137598007822	0.1789329840725108
speech	armum	0	-0.382137598007822	0.1789329840725108
speech	cn	0	-0.382137598007822	0.1789329840725108
speech	rhodopeius	0	-0.382137598007822	0.1789329840725108
speech	rhodopeia	0	-0.382137598007822	0.1789329840725108
speech	proletarius	0	-0.382137598007822	0.1789329840725108
speech	clanus	0	-0.382137598007822	0.1789329840725108
speech	nubiferus	0	-0.382137598007822	0.1789329840725108
speech	nuba	0	-0.382137598007822	0.1789329840725108
speech	claudia	0	-0.382137598007822	0.1789329840725108
speech	taxum	0	-0.382137598007822	0.1789329840725108
speech	claudus	0	-0.382137598007822	0.1789329840725108
speech	ascensus	0	-0.382137598007822	0.1789329840725108
speech	nouenus	0	-0.382137598007822	0.1789329840725108
speech	psamathe	0	-0.382137598007822	0.1789329840725108
speech	arciteno	0	-0.382137598007822	0.1789329840725108
speech	aethon	0	-0.382137598007822	0.1789329840725108
speech	nothus	0	-0.382137598007822	0.1789329840725108
speech	cleona	0	-0.382137598007822	0.1789329840725108
speech	clitumnus	0	-0.382137598007822	0.1789329840725108
speech	nomius	0	-0.382137598007822	0.1789329840725108
speech	noemona	0	-0.382137598007822	0.1789329840725108
speech	grauisca	0	-0.382137598007822	0.1789329840725108
speech	exsterno	0	-0.382137598007822	0.1789329840725108
speech	noctu	0	-0.382137598007822	0.1789329840725108
speech	tecus	0	-0.382137598007822	0.1789329840725108
speech	exstimulo	0	-0.382137598007822	0.1789329840725108
speech	clytus	0	-0.382137598007822	0.1789329840725108
speech	flauinius	0	-0.382137598007822	0.1789329840725108
speech	nar	0	-0.382137598007822	0.1789329840725108
speech	obsio	0	-0.382137598007822	0.1789329840725108
speech	myrteus	0	-0.382137598007822	0.1789329840725108
speech	offulgeo	0	-0.382137598007822	0.1789329840725108
speech	commodus	0	-0.382137598007822	0.1789329840725108
speech	opifex	0	-0.382137598007822	0.1789329840725108
speech	alendus	0	-0.382137598007822	0.1789329840725108
speech	fabricator	0	-0.382137598007822	0.1789329840725108
speech	asporto	0	-0.382137598007822	0.1789329840725108
speech	opaca	0	-0.382137598007822	0.1789329840725108
speech	gubernaculum	0	-0.382137598007822	0.1789329840725108
speech	ulixus	0	-0.382137598007822	0.1789329840725108
speech	fabrilis	0	-0.382137598007822	0.1789329840725108
speech	mygdonius	0	-0.382137598007822	0.1789329840725108
speech	myraces	0	-0.382137598007822	0.1789329840725108
speech	tarentinus	0	-0.382137598007822	0.1789329840725108
speech	exco	0	-0.382137598007822	0.1789329840725108
speech	aligeo	0	-0.382137598007822	0.1789329840725108
speech	cephenes	0	-0.382137598007822	0.1789329840725108
speech	olenus	0	-0.382137598007822	0.1789329840725108
speech	geticum	0	-0.382137598007822	0.1789329840725108
speech	trifaux	0	-0.382137598007822	0.1789329840725108
speech	pugnator	0	-0.382137598007822	0.1789329840725108
speech	oleaster	0	-0.382137598007822	0.1789329840725108
speech	fregella	0	-0.382137598007822	0.1789329840725108
speech	procido	0	-0.382137598007822	0.1789329840725108
speech	euphemus	0	-0.382137598007822	0.1789329840725108
speech	proterreo	0	-0.382137598007822	0.1789329840725108
speech	puellaris	0	-0.382137598007822	0.1789329840725108
speech	cero	0	-0.382137598007822	0.1789329840725108
speech	prosymnus	0	-0.382137598007822	0.1789329840725108
speech	germino	0	-0.382137598007822	0.1789329840725108
speech	orchomenus	0	-0.382137598007822	0.1789329840725108
speech	orans	0	-0.382137598007822	0.1789329840725108
speech	oraclum	0	-0.382137598007822	0.1789329840725108
speech	prochyte	0	-0.382137598007822	0.1789329840725108
speech	certantum	0	-0.382137598007822	0.1789329840725108
speech	aesonia	0	-0.382137598007822	0.1789329840725108
speech	geryo	0	-0.382137598007822	0.1789329840725108
speech	pristim	0	-0.382137598007822	0.1789329840725108
speech	orichalcus	0	-0.382137598007822	0.1789329840725108
speech	rubrus	0	-0.382137598007822	0.1789329840725108
speech	rudia	0	-0.382137598007822	0.1789329840725108
speech	mutina	0	-0.382137598007822	0.1789329840725108
speech	repoo	0	-0.382137598007822	0.1789329840725108
speech	algeo	0	-0.382137598007822	0.1789329840725108
speech	oriona	0	-0.382137598007822	0.1789329840725108
speech	uolesus	0	-0.382137598007822	0.1789329840725108
speech	excepto	0	-0.382137598007822	0.1789329840725108
speech	giganta	0	-0.382137598007822	0.1789329840725108
speech	repetio	0	-0.382137598007822	0.1789329840725108
speech	alcanor	0	-0.382137598007822	0.1789329840725108
speech	procnes	0	-0.382137598007822	0.1789329840725108
speech	uolgus	0	-0.382137598007822	0.1789329840725108
speech	oebalus	0	-0.382137598007822	0.1789329840725108
speech	oedipodionia	0	-0.382137598007822	0.1789329840725108
speech	oenea	0	-0.382137598007822	0.1789329840725108
speech	excoquo	0	-0.382137598007822	0.1789329840725108
speech	chloreus	0	-0.382137598007822	0.1789329840725108
speech	naides	0	-0.382137598007822	0.1789329840725108
speech	oenopia	0	-0.382137598007822	0.1789329840725108
speech	chelyder	0	-0.382137598007822	0.1789329840725108
speech	respiramen	0	-0.382137598007822	0.1789329840725108
speech	alcander	0	-0.382137598007822	0.1789329840725108
speech	complio	0	-0.382137598007822	0.1789329840725108
speech	oebales	0	-0.382137598007822	0.1789329840725108
speech	odorifer	0	-0.382137598007822	0.1789329840725108
speech	oechalia	0	-0.382137598007822	0.1789329840725108
speech	ortygius	0	-0.382137598007822	0.1789329840725108
speech	protesilaus	0	-0.382137598007822	0.1789329840725108
speech	frondosis	0	-0.382137598007822	0.1789329840725108
speech	oete	0	-0.382137598007822	0.1789329840725108
speech	murro	0	-0.382137598007822	0.1789329840725108
speech	centumgeminus	0	-0.382137598007822	0.1789329840725108
speech	subtegmen	0	-0.382137598007822	0.1789329840725108
speech	insurgo	9	-0.384783665202247	0.17877975446008448
speech	titan	9	-0.384783665202247	0.17877975446008448
speech	primo	9	-0.384783665202247	0.17877975446008448
speech	capax	4	-0.388412817232346	0.17856959594250038
speech	benignus	4	-0.388412817232346	0.17856959594250038
speech	naualis	4	-0.388412817232346	0.17856959594250038
speech	iugulum	4	-0.388412817232346	0.17856959594250038
speech	uersus	4	-0.388412817232346	0.17856959594250038
speech	suspiro	4	-0.388412817232346	0.17856959594250038
speech	fulgor	4	-0.388412817232346	0.17856959594250038
speech	obitus	4	-0.388412817232346	0.17856959594250038
speech	eludo	4	-0.388412817232346	0.17856959594250038
speech	obliquus	4	-0.388412817232346	0.17856959594250038
speech	albanus	4	-0.388412817232346	0.17856959594250038
speech	legatus	4	-0.388412817232346	0.17856959594250038
speech	umbrosus	4	-0.388412817232346	0.17856959594250038
speech	seuerus	4	-0.388412817232346	0.17856959594250038
speech	purus	8	-0.390934160782615	0.17842358888122267
speech	minister	8	-0.390934160782615	0.17842358888122267
speech	carmen	41	-0.391687362292947	0.1783799721598672
speech	diana	21	-0.395676217945132	0.17814898376815266
speech	coeo	23	-0.395778279272698	0.17814307355631087
speech	cieo	23	-0.395778279272698	0.17814307355631087
speech	caterua	20	-0.395899210923158	0.17813607059358602
speech	blandus	19	-0.396339025024306	0.17811060164691658
speech	innumerus	18	-0.397027142164609	0.17807075385962884
speech	pinus	18	-0.397027142164609	0.17807075385962884
speech	procul	89	-0.397547853493505	0.1780406002810346
speech	subter	7	-0.398808893124765	0.1779675754484229
speech	rictus	7	-0.398808893124765	0.1779675754484229
speech	poples	7	-0.398808893124765	0.1779675754484229
speech	saepio	7	-0.398808893124765	0.1779675754484229
speech	euentus	7	-0.398808893124765	0.1779675754484229
speech	candeo	7	-0.398808893124765	0.1779675754484229
speech	obscurus	16	-0.39930603864546	0.1779387865289215
speech	iuxta	32	-0.402055453019633	0.17777957224296478
speech	tumeo	14	-0.40314018048611	0.17771675737203987
speech	flauus	14	-0.40314018048611	0.17771675737203987
speech	plango	13	-0.405819621358675	0.17756159514211337
speech	pubes	36	-0.406639574700772	0.17751411292658917
speech	uello	6	-0.408984279971823	0.1773783347117751
speech	umidus	6	-0.408984279971823	0.1773783347117751
speech	princeps	6	-0.408984279971823	0.1773783347117751
speech	exorior	6	-0.408984279971823	0.1773783347117751
speech	achiui	6	-0.408984279971823	0.1773783347117751
speech	exsanguis	6	-0.408984279971823	0.1773783347117751
speech	saluto	6	-0.408984279971823	0.1773783347117751
speech	claustrum	12	-0.409139373848551	0.17736935346796134
speech	tus	12	-0.409139373848551	0.17736935346796134
speech	stimulus	12	-0.409139373848551	0.17736935346796134
speech	innitor	3	-0.410009240490201	0.1773189808513311
speech	excubia	3	-0.410009240490201	0.1773189808513311
speech	mulco	3	-0.410009240490201	0.1773189808513311
speech	querella	3	-0.410009240490201	0.1773189808513311
speech	saxeus	3	-0.410009240490201	0.1773189808513311
speech	cupressus	3	-0.410009240490201	0.1773189808513311
speech	uulcanus	3	-0.410009240490201	0.1773189808513311
speech	pedes	3	-0.410009240490201	0.1773189808513311
speech	aspero	3	-0.410009240490201	0.1773189808513311
speech	uacca	3	-0.410009240490201	0.1773189808513311
speech	lamento	3	-0.410009240490201	0.1773189808513311
speech	sortior	3	-0.410009240490201	0.1773189808513311
speech	spatiosus	3	-0.410009240490201	0.1773189808513311
speech	puniceus	3	-0.410009240490201	0.1773189808513311
speech	argia	3	-0.410009240490201	0.1773189808513311
speech	sentio	63	-0.411406565299143	0.17723806395724806
speech	concilium	11	-0.413232301662868	0.1771323384201205
speech	longus	163	-0.414966981889978	0.17703188580144033
speech	simulacrum	10	-0.418270380067387	0.17684059117994294
speech	rigidus	10	-0.418270380067387	0.17684059117994294
speech	extremus	58	-0.420491680417349	0.17671195915108734
speech	imprimo	5	-0.422330469879545	0.17660547772944413
speech	mago	5	-0.422330469879545	0.17660547772944413
speech	alnus	5	-0.422330469879545	0.17660547772944413
speech	exilio	5	-0.422330469879545	0.17660547772944413
speech	calor	5	-0.422330469879545	0.17660547772944413
speech	fauilla	5	-0.422330469879545	0.17660547772944413
speech	torrens	5	-0.422330469879545	0.17660547772944413
speech	apud	5	-0.422330469879545	0.17660547772944413
speech	sulphur	5	-0.422330469879545	0.17660547772944413
speech	silex	5	-0.422330469879545	0.17660547772944413
speech	cerebrum	5	-0.422330469879545	0.17660547772944413
speech	procerus	5	-0.422330469879545	0.17660547772944413
speech	immotus	5	-0.422330469879545	0.17660547772944413
speech	amicus	24	-0.423008156092982	0.17656623398081583
speech	lacertus	29	-0.424064830722134	0.176505043605822
speech	exsulto	9	-0.424480483063747	0.17648097382885503
speech	flamen	9	-0.424480483063747	0.17648097382885503
speech	summum	9	-0.424480483063747	0.17648097382885503
speech	caleo	9	-0.424480483063747	0.17648097382885503
speech	circa	9	-0.424480483063747	0.17648097382885503
speech	incertus	20	-0.424930109306034	0.17645493667643974
speech	primum	50	-0.426377185508776	0.1763711387569596
speech	saturnia	18	-0.427296489432518	0.17631790330464991
speech	locus	126	-0.429196657157715	0.1762078675638001
speech	dubius	36	-0.429281098646347	0.1762029776892712
speech	herba	36	-0.429281098646347	0.1762029776892712
speech	incuruus	1	-0.429591938574627	0.17618497743521971
speech	incus	1	-0.429591938574627	0.17618497743521971
speech	accido	1	-0.429591938574627	0.17618497743521971
speech	extimesco	1	-0.429591938574627	0.17618497743521971
speech	uenor	1	-0.429591938574627	0.17618497743521971
speech	tenor	1	-0.429591938574627	0.17618497743521971
speech	suetus	1	-0.429591938574627	0.17618497743521971
speech	transadigo	1	-0.429591938574627	0.17618497743521971
speech	aurifer	1	-0.429591938574627	0.17618497743521971
speech	argoa	1	-0.429591938574627	0.17618497743521971
speech	ampycides	1	-0.429591938574627	0.17618497743521971
speech	bissenus	1	-0.429591938574627	0.17618497743521971
speech	pelopeus	1	-0.429591938574627	0.17618497743521971
speech	laelius	1	-0.429591938574627	0.17618497743521971
speech	albo	1	-0.429591938574627	0.17618497743521971
speech	cynthus	1	-0.429591938574627	0.17618497743521971
speech	labrum	1	-0.429591938574627	0.17618497743521971
speech	pelia	1	-0.429591938574627	0.17618497743521971
speech	adlabor	1	-0.429591938574627	0.17618497743521971
speech	uittatus	1	-0.429591938574627	0.17618497743521971
speech	uenans	1	-0.429591938574627	0.17618497743521971
speech	cantaber	1	-0.429591938574627	0.17618497743521971
speech	semustus	1	-0.429591938574627	0.17618497743521971
speech	rudo	1	-0.429591938574627	0.17618497743521971
speech	harpe	1	-0.429591938574627	0.17618497743521971
speech	amoueo	1	-0.429591938574627	0.17618497743521971
speech	splendidus	1	-0.429591938574627	0.17618497743521971
speech	abscido	1	-0.429591938574627	0.17618497743521971
speech	impendo	1	-0.429591938574627	0.17618497743521971
speech	getae	1	-0.429591938574627	0.17618497743521971
speech	onerosus	1	-0.429591938574627	0.17618497743521971
speech	spartanus	1	-0.429591938574627	0.17618497743521971
speech	loquax	1	-0.429591938574627	0.17618497743521971
speech	relaxo	1	-0.429591938574627	0.17618497743521971
speech	pandarus	1	-0.429591938574627	0.17618497743521971
speech	pan	1	-0.429591938574627	0.17618497743521971
speech	legens	1	-0.429591938574627	0.17618497743521971
speech	repercutio	1	-0.429591938574627	0.17618497743521971
speech	assidue	1	-0.429591938574627	0.17618497743521971
speech	allecto	1	-0.429591938574627	0.17618497743521971
speech	turpo	1	-0.429591938574627	0.17618497743521971
speech	remugio	1	-0.429591938574627	0.17618497743521971
speech	theatrum	1	-0.429591938574627	0.17618497743521971
speech	adspergo	1	-0.429591938574627	0.17618497743521971
speech	garamanticus	1	-0.429591938574627	0.17618497743521971
speech	ruentus	1	-0.429591938574627	0.17618497743521971
speech	obnubo	1	-0.429591938574627	0.17618497743521971
speech	atlantiades	1	-0.429591938574627	0.17618497743521971
speech	ide	1	-0.429591938574627	0.17618497743521971
speech	detergeo	1	-0.429591938574627	0.17618497743521971
speech	idomeneus	1	-0.429591938574627	0.17618497743521971
speech	designo	1	-0.429591938574627	0.17618497743521971
speech	sido	1	-0.429591938574627	0.17618497743521971
speech	praefulgeo	1	-0.429591938574627	0.17618497743521971
speech	tegeaeus	1	-0.429591938574627	0.17618497743521971
speech	bruttius	1	-0.429591938574627	0.17618497743521971
speech	prolabor	1	-0.429591938574627	0.17618497743521971
speech	andromache	1	-0.429591938574627	0.17618497743521971
speech	quotiensque	1	-0.429591938574627	0.17618497743521971
speech	exaestuo	1	-0.429591938574627	0.17618497743521971
speech	delphinus	1	-0.429591938574627	0.17618497743521971
speech	praesepe	1	-0.429591938574627	0.17618497743521971
speech	hippolytus	1	-0.429591938574627	0.17618497743521971
speech	praestans	1	-0.429591938574627	0.17618497743521971
speech	praetexo	1	-0.429591938574627	0.17618497743521971
speech	supersto	1	-0.429591938574627	0.17618497743521971
speech	sereno	1	-0.429591938574627	0.17618497743521971
speech	atlans	1	-0.429591938574627	0.17618497743521971
speech	calliope	1	-0.429591938574627	0.17618497743521971
speech	praetento	1	-0.429591938574627	0.17618497743521971
speech	citra	1	-0.429591938574627	0.17618497743521971
speech	agenorides	1	-0.429591938574627	0.17618497743521971
speech	taeda	16	-0.430983837370483	0.17610437475306748
speech	quondam	53	-0.430993978161308	0.17610378751573236
speech	lubricus	8	-0.432168634223857	0.17603576502046928
speech	decor	8	-0.432168634223857	0.17603576502046928
speech	roro	8	-0.432168634223857	0.17603576502046928
speech	anhelus	8	-0.432168634223857	0.17603576502046928
speech	erinys	8	-0.432168634223857	0.17603576502046928
speech	secerno	14	-0.436437807522706	0.17578854387229068
speech	repono	14	-0.436437807522706	0.17578854387229068
speech	solutus	13	-0.440023194715303	0.17558091970799228
speech	nato	13	-0.440023194715303	0.17558091970799228
speech	praecedo	4	-0.440232143968475	0.17556881978356564
speech	triton	4	-0.440232143968475	0.17556881978356564
speech	tympanum	4	-0.440232143968475	0.17556881978356564
speech	protego	4	-0.440232143968475	0.17556881978356564
speech	quadrupes	4	-0.440232143968475	0.17556881978356564
speech	pentheus	4	-0.440232143968475	0.17556881978356564
speech	flagro	4	-0.440232143968475	0.17556881978356564
speech	deuexus	4	-0.440232143968475	0.17556881978356564
speech	caesaries	4	-0.440232143968475	0.17556881978356564
speech	nauita	4	-0.440232143968475	0.17556881978356564
speech	sustento	4	-0.440232143968475	0.17556881978356564
speech	mezentius	4	-0.440232143968475	0.17556881978356564
speech	terrificus	4	-0.440232143968475	0.17556881978356564
speech	adiuuo	4	-0.440232143968475	0.17556881978356564
speech	turba	59	-0.440409406619417	0.17555855478071208
speech	ratis	59	-0.440409406619417	0.17555855478071208
speech	mille	46	-0.440656663560966	0.1755442365179699
speech	lyaeus	7	-0.44175862652065	0.175480423566592
speech	arto	7	-0.44175862652065	0.175480423566592
speech	compello	7	-0.44175862652065	0.175480423566592
speech	affero	7	-0.44175862652065	0.175480423566592
speech	fossa	7	-0.44175862652065	0.175480423566592
speech	aliger	2	-0.442696795427176	0.17542609567263664
speech	exertus	2	-0.442696795427176	0.17542609567263664
speech	admiror	2	-0.442696795427176	0.17542609567263664
speech	exedo	2	-0.442696795427176	0.17542609567263664
speech	tumido	2	-0.442696795427176	0.17542609567263664
speech	oblo	2	-0.442696795427176	0.17542609567263664
speech	occiduus	2	-0.442696795427176	0.17542609567263664
speech	resido	2	-0.442696795427176	0.17542609567263664
speech	relego	2	-0.442696795427176	0.17542609567263664
speech	olor	2	-0.442696795427176	0.17542609567263664
speech	caenum	2	-0.442696795427176	0.17542609567263664
speech	actor	2	-0.442696795427176	0.17542609567263664
speech	satyrus	2	-0.442696795427176	0.17542609567263664
speech	irascor	2	-0.442696795427176	0.17542609567263664
speech	ceyx	2	-0.442696795427176	0.17542609567263664
speech	fatus	2	-0.442696795427176	0.17542609567263664
speech	implicitus	2	-0.442696795427176	0.17542609567263664
speech	orcus	2	-0.442696795427176	0.17542609567263664
speech	hedera	2	-0.442696795427176	0.17542609567263664
speech	permulceo	2	-0.442696795427176	0.17542609567263664
speech	taenarius	2	-0.442696795427176	0.17542609567263664
speech	circueo	2	-0.442696795427176	0.17542609567263664
speech	gorgoneus	2	-0.442696795427176	0.17542609567263664
speech	tereus	2	-0.442696795427176	0.17542609567263664
speech	fuluius	2	-0.442696795427176	0.17542609567263664
speech	tremulo	2	-0.442696795427176	0.17542609567263664
speech	dispello	2	-0.442696795427176	0.17542609567263664
speech	bellipotens	2	-0.442696795427176	0.17542609567263664
speech	exstruo	2	-0.442696795427176	0.17542609567263664
speech	tenebrosus	2	-0.442696795427176	0.17542609567263664
speech	submitto	2	-0.442696795427176	0.17542609567263664
speech	ulmus	2	-0.442696795427176	0.17542609567263664
speech	biga	2	-0.442696795427176	0.17542609567263664
speech	bacchor	2	-0.442696795427176	0.17542609567263664
speech	biiugus	2	-0.442696795427176	0.17542609567263664
speech	phoca	2	-0.442696795427176	0.17542609567263664
speech	clauus	2	-0.442696795427176	0.17542609567263664
speech	medusa	2	-0.442696795427176	0.17542609567263664
speech	phoenix	2	-0.442696795427176	0.17542609567263664
speech	squaleo	12	-0.444324180439599	0.17533185635201495
speech	paruus	62	-0.445174113032903	0.1752826380849449
speech	robur	51	-0.447264632009353	0.17516157940086985
speech	danaus	26	-0.448856819195639	0.17506937833130565
speech	quies	25	-0.449176798735199	0.1750508488166605
speech	comes	84	-0.449425148871112	0.17503646724874258
speech	permisceo	11	-0.44948392579579	0.17503306356896944
speech	aufero	32	-0.449533454740785	0.17503019542523468
speech	uagus	24	-0.449656924071779	0.17502304550939934
speech	puluis	34	-0.450504244714152	0.1749739784963223
speech	penitus	22	-0.451172750591872	0.17493526636657608
speech	ortus	20	-0.453584798356702	0.17479558845327994
speech	alte	20	-0.453584798356702	0.17479558845327994
speech	fletus	20	-0.453584798356702	0.17479558845327994
speech	complexo	6	-0.453856221316995	0.17477987077419116
speech	iubar	6	-0.453856221316995	0.17477987077419116
speech	cortex	6	-0.453856221316995	0.17477987077419116
speech	meditor	6	-0.453856221316995	0.17477987077419116
speech	deiectus	6	-0.453856221316995	0.17477987077419116
speech	desero	39	-0.454037502600342	0.17476937305862073
speech	certo	39	-0.454037502600342	0.17476937305862073
speech	zephyrus	10	-0.455686491951442	0.17467388266453832
speech	minyae	10	-0.455686491951442	0.17467388266453832
speech	penetralis	10	-0.455686491951442	0.17467388266453832
speech	sucus	10	-0.455686491951442	0.17467388266453832
speech	sinister	18	-0.457136784746763	0.17458989847721307
speech	uro	17	-0.459440868322505	0.1744564726012366
speech	somnus	71	-0.459557344821794	0.17444972762934757
speech	securus	16	-0.462166185044828	0.17429865377260656
speech	auris	48	-0.463031657488585	0.17424853561710318
speech	aonius	9	-0.463172864881559	0.1742403585178433
speech	frigidus	9	-0.463172864881559	0.1742403585178433
speech	delabor	9	-0.463172864881559	0.1742403585178433
speech	caesum	9	-0.463172864881559	0.1742403585178433
speech	furio	3	-0.465050483528864	0.17413162855882444
speech	hirtus	3	-0.465050483528864	0.17413162855882444
speech	diffugio	3	-0.465050483528864	0.17413162855882444
speech	cingulum	3	-0.465050483528864	0.17413162855882444
speech	humerus	3	-0.465050483528864	0.17413162855882444
speech	macula	3	-0.465050483528864	0.17413162855882444
speech	honoro	3	-0.465050483528864	0.17413162855882444
speech	exposco	3	-0.465050483528864	0.17413162855882444
speech	occubo	3	-0.465050483528864	0.17413162855882444
speech	rhodope	3	-0.465050483528864	0.17413162855882444
speech	dircaeus	3	-0.465050483528864	0.17413162855882444
speech	hibernus	3	-0.465050483528864	0.17413162855882444
speech	alipes	3	-0.465050483528864	0.17413162855882444
speech	adductus	3	-0.465050483528864	0.17413162855882444
speech	calydonius	3	-0.465050483528864	0.17413162855882444
speech	hylas	3	-0.465050483528864	0.17413162855882444
speech	semita	3	-0.465050483528864	0.17413162855882444
speech	serpo	3	-0.465050483528864	0.17413162855882444
speech	duplex	3	-0.465050483528864	0.17413162855882444
speech	lausus	3	-0.465050483528864	0.17413162855882444
speech	mano	15	-0.465377780860254	0.17411267528230043
speech	gemino	15	-0.465377780860254	0.17411267528230043
speech	sublimis	15	-0.465377780860254	0.17411267528230043
speech	nitor	15	-0.465377780860254	0.17411267528230043
speech	uersor	0	-0.468022279551978	0.17395953649941218
speech	transfodio	0	-0.468022279551978	0.17395953649941218
speech	uerbena	0	-0.468022279551978	0.17395953649941218
speech	sutilis	0	-0.468022279551978	0.17395953649941218
speech	tricorpor	0	-0.468022279551978	0.17395953649941218
speech	tiburna	0	-0.468022279551978	0.17395953649941218
speech	tegumen	0	-0.468022279551978	0.17395953649941218
speech	subluster	0	-0.468022279551978	0.17395953649941218
speech	tenuus	0	-0.468022279551978	0.17395953649941218
speech	torris	0	-0.468022279551978	0.17395953649941218
speech	tibur	0	-0.468022279551978	0.17395953649941218
speech	thymoetes	0	-0.468022279551978	0.17395953649941218
speech	uerna	0	-0.468022279551978	0.17395953649941218
speech	tortilis	0	-0.468022279551978	0.17395953649941218
speech	suppliciter	0	-0.468022279551978	0.17395953649941218
speech	theseius	0	-0.468022279551978	0.17395953649941218
speech	sudum	0	-0.468022279551978	0.17395953649941218
speech	tyres	0	-0.468022279551978	0.17395953649941218
speech	triremis	0	-0.468022279551978	0.17395953649941218
speech	uiceni	0	-0.468022279551978	0.17395953649941218
speech	uitas	0	-0.468022279551978	0.17395953649941218
speech	thero	0	-0.468022279551978	0.17395953649941218
speech	tinnio	0	-0.468022279551978	0.17395953649941218
speech	udo	0	-0.468022279551978	0.17395953649941218
speech	stuppeus	0	-0.468022279551978	0.17395953649941218
speech	thaumantia	0	-0.468022279551978	0.17395953649941218
speech	tapeta	0	-0.468022279551978	0.17395953649941218
speech	stomachus	0	-0.468022279551978	0.17395953649941218
speech	thoanteus	0	-0.468022279551978	0.17395953649941218
speech	unguen	0	-0.468022279551978	0.17395953649941218
speech	tabesco	0	-0.468022279551978	0.17395953649941218
speech	sutum	0	-0.468022279551978	0.17395953649941218
speech	superuolo	0	-0.468022279551978	0.17395953649941218
speech	subsequor	0	-0.468022279551978	0.17395953649941218
speech	tithonus	0	-0.468022279551978	0.17395953649941218
speech	talaris	0	-0.468022279551978	0.17395953649941218
speech	u	0	-0.468022279551978	0.17395953649941218
speech	thressus	0	-0.468022279551978	0.17395953649941218
speech	tyrrhus	0	-0.468022279551978	0.17395953649941218
speech	trudo	0	-0.468022279551978	0.17395953649941218
speech	thyia	0	-0.468022279551978	0.17395953649941218
speech	tortus	0	-0.468022279551978	0.17395953649941218
speech	syene	0	-0.468022279551978	0.17395953649941218
speech	talarius	0	-0.468022279551978	0.17395953649941218
speech	leneo	0	-0.468022279551978	0.17395953649941218
speech	pensum	0	-0.468022279551978	0.17395953649941218
speech	melita	0	-0.468022279551978	0.17395953649941218
speech	extenuo	0	-0.468022279551978	0.17395953649941218
speech	far	0	-0.468022279551978	0.17395953649941218
speech	delibo	0	-0.468022279551978	0.17395953649941218
speech	menelai	0	-0.468022279551978	0.17395953649941218
speech	arieto	0	-0.468022279551978	0.17395953649941218
speech	odoratus	0	-0.468022279551978	0.17395953649941218
speech	aricia	0	-0.468022279551978	0.17395953649941218
speech	eumachus	0	-0.468022279551978	0.17395953649941218
speech	ariasmenus	0	-0.468022279551978	0.17395953649941218
speech	meleagros	0	-0.468022279551978	0.17395953649941218
speech	meges	0	-0.468022279551978	0.17395953649941218
speech	argias	0	-0.468022279551978	0.17395953649941218
speech	remi	0	-0.468022279551978	0.17395953649941218
speech	ares	0	-0.468022279551978	0.17395953649941218
speech	obtego	0	-0.468022279551978	0.17395953649941218
speech	denego	0	-0.468022279551978	0.17395953649941218
speech	mimanta	0	-0.468022279551978	0.17395953649941218
speech	exorabilis	0	-0.468022279551978	0.17395953649941218
speech	ascalaphus	0	-0.468022279551978	0.17395953649941218
speech	podalirius	0	-0.468022279551978	0.17395953649941218
speech	rasilis	0	-0.468022279551978	0.17395953649941218
speech	poeantia	0	-0.468022279551978	0.17395953649941218
speech	obstantum	0	-0.468022279551978	0.17395953649941218
speech	asius	0	-0.468022279551978	0.17395953649941218
speech	asopis	0	-0.468022279551978	0.17395953649941218
speech	asopius	0	-0.468022279551978	0.17395953649941218
speech	poenum	0	-0.468022279551978	0.17395953649941218
speech	astacides	0	-0.468022279551978	0.17395953649941218
speech	exacuo	0	-0.468022279551978	0.17395953649941218
speech	asterion	0	-0.468022279551978	0.17395953649941218
speech	euphrates	0	-0.468022279551978	0.17395953649941218
speech	arcturus	0	-0.468022279551978	0.17395953649941218
speech	arctous	0	-0.468022279551978	0.17395953649941218
speech	arachne	0	-0.468022279551978	0.17395953649941218
speech	marcus	0	-0.468022279551978	0.17395953649941218
speech	antheus	0	-0.468022279551978	0.17395953649941218
speech	omitto	0	-0.468022279551978	0.17395953649941218
speech	antilochus	0	-0.468022279551978	0.17395953649941218
speech	maeotis	0	-0.468022279551978	0.17395953649941218
speech	galaesus	0	-0.468022279551978	0.17395953649941218
speech	gaius	0	-0.468022279551978	0.17395953649941218
speech	rhodopes	0	-0.468022279551978	0.17395953649941218
speech	circumuallo	0	-0.468022279551978	0.17395953649941218
speech	rhipeus	0	-0.468022279551978	0.17395953649941218
speech	gabinus	0	-0.468022279551978	0.17395953649941218
speech	mancinius	0	-0.468022279551978	0.17395953649941218
speech	manicus	0	-0.468022279551978	0.17395953649941218
speech	fundamen	0	-0.468022279551978	0.17395953649941218
speech	anxur	0	-0.468022279551978	0.17395953649941218
speech	marita	0	-0.468022279551978	0.17395953649941218
speech	oetes	0	-0.468022279551978	0.17395953649941218
speech	marmaris	0	-0.468022279551978	0.17395953649941218
speech	restagno	0	-0.468022279551978	0.17395953649941218
speech	marsus	0	-0.468022279551978	0.17395953649941218
speech	olorinus	0	-0.468022279551978	0.17395953649941218
speech	appenninus	0	-0.468022279551978	0.17395953649941218
speech	massyli	0	-0.468022279551978	0.17395953649941218
speech	resplendeo	0	-0.468022279551978	0.17395953649941218
speech	cinnamum	0	-0.468022279551978	0.17395953649941218
speech	resorbeo	0	-0.468022279551978	0.17395953649941218
speech	apulus	0	-0.468022279551978	0.17395953649941218
speech	medicus	0	-0.468022279551978	0.17395953649941218
speech	resequor	0	-0.468022279551978	0.17395953649941218
speech	flictus	0	-0.468022279551978	0.17395953649941218
speech	decuto	0	-0.468022279551978	0.17395953649941218
speech	eumelus	0	-0.468022279551978	0.17395953649941218
speech	astraeus	0	-0.468022279551978	0.17395953649941218
speech	nola	0	-0.468022279551978	0.17395953649941218
speech	potus	0	-0.468022279551978	0.17395953649941218
speech	deucalion	0	-0.468022279551978	0.17395953649941218
speech	domesticus	0	-0.468022279551978	0.17395953649941218
speech	profo	0	-0.468022279551978	0.17395953649941218
speech	cadmeidus	0	-0.468022279551978	0.17395953649941218
speech	dryopes	0	-0.468022279551978	0.17395953649941218
speech	detono	0	-0.468022279551978	0.17395953649941218
speech	duritia	0	-0.468022279551978	0.17395953649941218
speech	euerbero	0	-0.468022279551978	0.17395953649941218
speech	neleus	0	-0.468022279551978	0.17395953649941218
speech	echionia	0	-0.468022279551978	0.17395953649941218
speech	boeotus	0	-0.468022279551978	0.17395953649941218
speech	nauigium	0	-0.468022279551978	0.17395953649941218
speech	elanguesco	0	-0.468022279551978	0.17395953649941218
speech	cateia	0	-0.468022279551978	0.17395953649941218
speech	profao	0	-0.468022279551978	0.17395953649941218
speech	dolopes	0	-0.468022279551978	0.17395953649941218
speech	dius	0	-0.468022279551978	0.17395953649941218
speech	calesco	0	-0.468022279551978	0.17395953649941218
speech	capra	0	-0.468022279551978	0.17395953649941218
speech	nidor	0	-0.468022279551978	0.17395953649941218
speech	praefor	0	-0.468022279551978	0.17395953649941218
speech	proauitus	0	-0.468022279551978	0.17395953649941218
speech	distraho	0	-0.468022279551978	0.17395953649941218
speech	camers	0	-0.468022279551978	0.17395953649941218
speech	dicarcheus	0	-0.468022279551978	0.17395953649941218
speech	candentia	0	-0.468022279551978	0.17395953649941218
speech	candesco	0	-0.468022279551978	0.17395953649941218
speech	distendo	0	-0.468022279551978	0.17395953649941218
speech	prensus	0	-0.468022279551978	0.17395953649941218
speech	discerpo	0	-0.468022279551978	0.17395953649941218
speech	dissocio	0	-0.468022279551978	0.17395953649941218
speech	derigesco	0	-0.468022279551978	0.17395953649941218
speech	balo	0	-0.468022279551978	0.17395953649941218
speech	naio	0	-0.468022279551978	0.17395953649941218
speech	auia	0	-0.468022279551978	0.17395953649941218
speech	quatenus	0	-0.468022279551978	0.17395953649941218
speech	astyages	0	-0.468022279551978	0.17395953649941218
speech	quasi	0	-0.468022279551978	0.17395953649941218
speech	astyr	0	-0.468022279551978	0.17395953649941218
speech	athus	0	-0.468022279551978	0.17395953649941218
speech	quadrips	0	-0.468022279551978	0.17395953649941218
speech	euadne	0	-0.468022279551978	0.17395953649941218
speech	quadrageni	0	-0.468022279551978	0.17395953649941218
speech	attendo	0	-0.468022279551978	0.17395953649941218
speech	escendo	0	-0.468022279551978	0.17395953649941218
speech	atticus	0	-0.468022279551978	0.17395953649941218
speech	obsitus	0	-0.468022279551978	0.17395953649941218
speech	auctus	0	-0.468022279551978	0.17395953649941218
speech	poeta	0	-0.468022279551978	0.17395953649941218
speech	erginus	0	-0.468022279551978	0.17395953649941218
speech	ennius	0	-0.468022279551978	0.17395953649941218
speech	obsimo	0	-0.468022279551978	0.17395953649941218
speech	aulaeum	0	-0.468022279551978	0.17395953649941218
speech	polydor	0	-0.468022279551978	0.17395953649941218
speech	obsequor	0	-0.468022279551978	0.17395953649941218
speech	obsaepio	0	-0.468022279551978	0.17395953649941218
speech	epoto	0	-0.468022279551978	0.17395953649941218
speech	epiros	0	-0.468022279551978	0.17395953649941218
speech	ephyre	0	-0.468022279551978	0.17395953649941218
speech	prouolo	0	-0.468022279551978	0.17395953649941218
speech	porsena	0	-0.468022279551978	0.17395953649941218
speech	auruncus	0	-0.468022279551978	0.17395953649941218
speech	mycenaeus	0	-0.468022279551978	0.17395953649941218
speech	mygdonia	0	-0.468022279551978	0.17395953649941218
speech	obluctor	0	-0.468022279551978	0.17395953649941218
speech	antemnus	0	-0.468022279551978	0.17395953649941218
speech	garamantide	0	-0.468022279551978	0.17395953649941218
speech	maenalon	0	-0.468022279551978	0.17395953649941218
speech	labicus	0	-0.468022279551978	0.17395953649941218
speech	lactens	0	-0.468022279551978	0.17395953649941218
speech	adnecto	0	-0.468022279551978	0.17395953649941218
speech	admisceo	0	-0.468022279551978	0.17395953649941218
speech	parnasius	0	-0.468022279551978	0.17395953649941218
speech	adludo	0	-0.468022279551978	0.17395953649941218
speech	labienus	0	-0.468022279551978	0.17395953649941218
speech	perturbo	0	-0.468022279551978	0.17395953649941218
speech	pandion	0	-0.468022279551978	0.17395953649941218
speech	immurmuro	0	-0.468022279551978	0.17395953649941218
speech	cristatus	0	-0.468022279551978	0.17395953649941218
speech	imperterreo	0	-0.468022279551978	0.17395953649941218
speech	impeto	0	-0.468022279551978	0.17395953649941218
speech	impexus	0	-0.468022279551978	0.17395953649941218
speech	ismenis	0	-0.468022279551978	0.17395953649941218
speech	cumae	0	-0.468022279551978	0.17395953649941218
speech	laena	0	-0.468022279551978	0.17395953649941218
speech	adnixus	0	-0.468022279551978	0.17395953649941218
speech	phaeacus	0	-0.468022279551978	0.17395953649941218
speech	phaethonta	0	-0.468022279551978	0.17395953649941218
speech	ilers	0	-0.468022279551978	0.17395953649941218
speech	papilla	0	-0.468022279551978	0.17395953649941218
speech	adpeto	0	-0.468022279551978	0.17395953649941218
speech	adsistens	0	-0.468022279551978	0.17395953649941218
speech	adstrictus	0	-0.468022279551978	0.17395953649941218
speech	adstringo	0	-0.468022279551978	0.17395953649941218
speech	septenus	0	-0.468022279551978	0.17395953649941218
speech	lammina	0	-0.468022279551978	0.17395953649941218
speech	septemplex	0	-0.468022279551978	0.17395953649941218
speech	phalces	0	-0.468022279551978	0.17395953649941218
speech	panopes	0	-0.468022279551978	0.17395953649941218
speech	ibidem	0	-0.468022279551978	0.17395953649941218
speech	crescendus	0	-0.468022279551978	0.17395953649941218
speech	imrequieta	0	-0.468022279551978	0.17395953649941218
speech	corynaeus	0	-0.468022279551978	0.17395953649941218
speech	inerro	0	-0.468022279551978	0.17395953649941218
speech	pelopeius	0	-0.468022279551978	0.17395953649941218
speech	innato	0	-0.468022279551978	0.17395953649941218
speech	pedianus	0	-0.468022279551978	0.17395953649941218
speech	absilio	0	-0.468022279551978	0.17395953649941218
speech	inornatus	0	-0.468022279551978	0.17395953649941218
speech	splendor	0	-0.468022279551978	0.17395953649941218
speech	inplo	0	-0.468022279551978	0.17395953649941218
speech	infligo	0	-0.468022279551978	0.17395953649941218
speech	inridens	0	-0.468022279551978	0.17395953649941218
speech	perlucidus	0	-0.468022279551978	0.17395953649941218
speech	specimen	0	-0.468022279551978	0.17395953649941218
speech	conlisus	0	-0.468022279551978	0.17395953649941218
speech	sparus	0	-0.468022279551978	0.17395953649941218
speech	acerra	0	-0.468022279551978	0.17395953649941218
speech	coniectus	0	-0.468022279551978	0.17395953649941218
speech	interuolo	0	-0.468022279551978	0.17395953649941218
speech	aconitum	0	-0.468022279551978	0.17395953649941218
speech	acron	0	-0.468022279551978	0.17395953649941218
speech	actius	0	-0.468022279551978	0.17395953649941218
speech	pernicus	0	-0.468022279551978	0.17395953649941218
speech	inceptus	0	-0.468022279551978	0.17395953649941218
speech	adaperio	0	-0.468022279551978	0.17395953649941218
speech	interfor	0	-0.468022279551978	0.17395953649941218
speech	interiaceo	0	-0.468022279551978	0.17395953649941218
speech	adedo	0	-0.468022279551978	0.17395953649941218
speech	interimo	0	-0.468022279551978	0.17395953649941218
speech	inaspectus	0	-0.468022279551978	0.17395953649941218
speech	inachii	0	-0.468022279551978	0.17395953649941218
speech	adeundus	0	-0.468022279551978	0.17395953649941218
speech	interuallum	0	-0.468022279551978	0.17395953649941218
speech	garrulus	0	-0.468022279551978	0.17395953649941218
speech	iaspis	0	-0.468022279551978	0.17395953649941218
speech	iaciens	0	-0.468022279551978	0.17395953649941218
speech	clonius	0	-0.468022279551978	0.17395953649941218
speech	dardanidus	0	-0.468022279551978	0.17395953649941218
speech	ornytus	0	-0.468022279551978	0.17395953649941218
speech	gubernator	0	-0.468022279551978	0.17395953649941218
speech	sacrifico	0	-0.468022279551978	0.17395953649941218
speech	saepes	0	-0.468022279551978	0.17395953649941218
speech	gyarus	0	-0.468022279551978	0.17395953649941218
speech	amphimachus	0	-0.468022279551978	0.17395953649941218
speech	cyana	0	-0.468022279551978	0.17395953649941218
speech	sage	0	-0.468022279551978	0.17395953649941218
speech	amicio	0	-0.468022279551978	0.17395953649941218
speech	lixus	0	-0.468022279551978	0.17395953649941218
speech	saluber	0	-0.468022279551978	0.17395953649941218
speech	habitator	0	-0.468022279551978	0.17395953649941218
speech	amento	0	-0.468022279551978	0.17395953649941218
speech	lucagus	0	-0.468022279551978	0.17395953649941218
speech	gratulor	0	-0.468022279551978	0.17395953649941218
speech	rupio	0	-0.468022279551978	0.17395953649941218
speech	amyntor	0	-0.468022279551978	0.17395953649941218
speech	graia	0	-0.468022279551978	0.17395953649941218
speech	gorytos	0	-0.468022279551978	0.17395953649941218
speech	clipeo	0	-0.468022279551978	0.17395953649941218
speech	ludifico	0	-0.468022279551978	0.17395953649941218
speech	andraemo	0	-0.468022279551978	0.17395953649941218
speech	clio	0	-0.468022279551978	0.17395953649941218
speech	gleba	0	-0.468022279551978	0.17395953649941218
speech	rugio	0	-0.468022279551978	0.17395953649941218
speech	citatus	0	-0.468022279551978	0.17395953649941218
speech	luteus	0	-0.468022279551978	0.17395953649941218
speech	circumuolito	0	-0.468022279551978	0.17395953649941218
speech	piscator	0	-0.468022279551978	0.17395953649941218
speech	lynceus	0	-0.468022279551978	0.17395953649941218
speech	picturatus	0	-0.468022279551978	0.17395953649941218
speech	oscus	0	-0.468022279551978	0.17395953649941218
speech	cyrene	0	-0.468022279551978	0.17395953649941218
speech	halyn	0	-0.468022279551978	0.17395953649941218
speech	aeolon	0	-0.468022279551978	0.17395953649941218
speech	hypanis	0	-0.468022279551978	0.17395953649941218
speech	colaxes	0	-0.468022279551978	0.17395953649941218
speech	hypanin	0	-0.468022279551978	0.17395953649941218
speech	laureus	0	-0.468022279551978	0.17395953649941218
speech	phlius	0	-0.468022279551978	0.17395953649941218
speech	hiulcus	0	-0.468022279551978	0.17395953649941218
speech	lelex	0	-0.468022279551978	0.17395953649941218
speech	securiger	0	-0.468022279551978	0.17395953649941218
speech	cyclopia	0	-0.468022279551978	0.17395953649941218
speech	agenorea	0	-0.468022279551978	0.17395953649941218
speech	secessus	0	-0.468022279551978	0.17395953649941218
speech	lenibo	0	-0.468022279551978	0.17395953649941218
speech	pagasaea	0	-0.468022279551978	0.17395953649941218
speech	pholoes	0	-0.468022279551978	0.17395953649941218
speech	letiferus	0	-0.468022279551978	0.17395953649941218
speech	alcmene	0	-0.468022279551978	0.17395953649941218
speech	scapula	0	-0.468022279551978	0.17395953649941218
speech	hecuba	0	-0.468022279551978	0.17395953649941218
speech	hennaea	0	-0.468022279551978	0.17395953649941218
speech	scintilla	0	-0.468022279551978	0.17395953649941218
speech	scintillo	0	-0.468022279551978	0.17395953649941218
speech	paeanum	0	-0.468022279551978	0.17395953649941218
speech	phorcynis	0	-0.468022279551978	0.17395953649941218
speech	libyssa	0	-0.468022279551978	0.17395953649941218
speech	paeonia	0	-0.468022279551978	0.17395953649941218
speech	libye	0	-0.468022279551978	0.17395953649941218
speech	herous	0	-0.468022279551978	0.17395953649941218
speech	herses	0	-0.468022279551978	0.17395953649941218
speech	canor	0	-0.468022279551978	0.17395953649941218
speech	consero	5	-0.469361559331613	0.17388198090218615
speech	depello	5	-0.469361559331613	0.17388198090218615
speech	cratera	5	-0.469361559331613	0.17388198090218615
speech	abscedo	5	-0.469361559331613	0.17388198090218615
speech	liquor	5	-0.469361559331613	0.17388198090218615
speech	lancea	5	-0.469361559331613	0.17388198090218615
speech	nidus	5	-0.469361559331613	0.17388198090218615
speech	eous	13	-0.473593767730016	0.17363690033357435
speech	oceanus	13	-0.473593767730016	0.17363690033357435
speech	spatium	26	-0.474384832002259	0.17359109103889903
speech	rapio	132	-0.478282160743446	0.17336540282744006
speech	terribilis	12	-0.4788155359723	0.17333451590220728
speech	priscus	12	-0.4788155359723	0.17333451590220728
speech	ordo	47	-0.481766504169296	0.173163629949628
speech	traho	95	-0.483016599478976	0.1730912388855606
speech	mauortius	7	-0.483405635152162	0.17306871043823022
speech	anceps	7	-0.483405635152162	0.17306871043823022
speech	mirabilis	7	-0.483405635152162	0.17306871043823022
speech	comito	7	-0.483405635152162	0.17306871043823022
speech	conamen	7	-0.483405635152162	0.17306871043823022
speech	inuoluo	7	-0.483405635152162	0.17306871043823022
speech	renouo	7	-0.483405635152162	0.17306871043823022
speech	lorum	7	-0.483405635152162	0.17306871043823022
speech	conuello	7	-0.483405635152162	0.17306871043823022
speech	nix	11	-0.484971511611124	0.17297803298173184
speech	tempero	4	-0.489679058046292	0.17270542633090322
speech	annosus	4	-0.489679058046292	0.17270542633090322
speech	laeua	4	-0.489679058046292	0.17270542633090322
speech	mopsus	4	-0.489679058046292	0.17270542633090322
speech	nanciscor	4	-0.489679058046292	0.17270542633090322
speech	indico	4	-0.489679058046292	0.17270542633090322
speech	deripio	4	-0.489679058046292	0.17270542633090322
speech	praeceptum	4	-0.489679058046292	0.17270542633090322
speech	coquo	4	-0.489679058046292	0.17270542633090322
speech	conuicium	4	-0.489679058046292	0.17270542633090322
speech	una	10	-0.492255342004738	0.17255623775652212
speech	siculus	10	-0.492255342004738	0.17255623775652212
speech	mucro	16	-0.492870757129661	0.17252060002922937
speech	de	189	-0.494188008595375	0.17244432005720728
speech	saeuio	32	-0.496211670867877	0.172327132940285
speech	sepono	1	-0.496929058281886	0.17228559015722955
speech	laxus	1	-0.496929058281886	0.17228559015722955
speech	abicio	1	-0.496929058281886	0.17228559015722955
speech	indolesco	1	-0.496929058281886	0.17228559015722955
speech	hesperus	1	-0.496929058281886	0.17228559015722955
speech	hippomedontus	1	-0.496929058281886	0.17228559015722955
speech	sirius	1	-0.496929058281886	0.17228559015722955
speech	tabulatum	1	-0.496929058281886	0.17228559015722955
speech	secundum	1	-0.496929058281886	0.17228559015722955
speech	adhaereo	1	-0.496929058281886	0.17228559015722955
speech	adoleo	1	-0.496929058281886	0.17228559015722955
speech	phlegraeus	1	-0.496929058281886	0.17228559015722955
speech	crixus	1	-0.496929058281886	0.17228559015722955
speech	semele	1	-0.496929058281886	0.17228559015722955
speech	collecta	1	-0.496929058281886	0.17228559015722955
speech	uolcanus	1	-0.496929058281886	0.17228559015722955
speech	lacteus	1	-0.496929058281886	0.17228559015722955
speech	laetor	1	-0.496929058281886	0.17228559015722955
speech	libyes	1	-0.496929058281886	0.17228559015722955
speech	teumesius	1	-0.496929058281886	0.17228559015722955
speech	hennaeus	1	-0.496929058281886	0.17228559015722955
speech	exsupero	1	-0.496929058281886	0.17228559015722955
speech	dirce	1	-0.496929058281886	0.17228559015722955
speech	praegredior	1	-0.496929058281886	0.17228559015722955
speech	uigiles	1	-0.496929058281886	0.17228559015722955
speech	caicus	1	-0.496929058281886	0.17228559015722955
speech	promoueo	1	-0.496929058281886	0.17228559015722955
speech	desolo	1	-0.496929058281886	0.17228559015722955
speech	bucina	1	-0.496929058281886	0.17228559015722955
speech	belligero	1	-0.496929058281886	0.17228559015722955
speech	uiolenter	1	-0.496929058281886	0.17228559015722955
speech	tundo	1	-0.496929058281886	0.17228559015722955
speech	multiplex	1	-0.496929058281886	0.17228559015722955
speech	multifidus	1	-0.496929058281886	0.17228559015722955
speech	haemonia	1	-0.496929058281886	0.17228559015722955
speech	misenus	1	-0.496929058281886	0.17228559015722955
speech	rhodanus	1	-0.496929058281886	0.17228559015722955
speech	gemmo	1	-0.496929058281886	0.17228559015722955
speech	amyclaeus	1	-0.496929058281886	0.17228559015722955
speech	orgia	1	-0.496929058281886	0.17228559015722955
speech	dissono	1	-0.496929058281886	0.17228559015722955
speech	odrysius	1	-0.496929058281886	0.17228559015722955
speech	subtemen	1	-0.496929058281886	0.17228559015722955
speech	lymphatus	1	-0.496929058281886	0.17228559015722955
speech	festum	6	-0.497217933298197	0.17226886185687412
speech	circumspicio	6	-0.497217933298197	0.17226886185687412
speech	recipio	29	-0.497318607043346	0.17226303199775975
speech	inscius	9	-0.500918799884111	0.17205455046153395
speech	armiger	9	-0.500918799884111	0.17205455046153395
speech	hypsipyle	2	-0.501212320225234	0.17203755315768457
speech	insomnis	2	-0.501212320225234	0.17203755315768457
speech	immergo	2	-0.501212320225234	0.17203755315768457
speech	iamia	2	-0.501212320225234	0.17203755315768457
speech	erectus	2	-0.501212320225234	0.17203755315768457
speech	examen	2	-0.501212320225234	0.17203755315768457
speech	conticeo	2	-0.501212320225234	0.17203755315768457
speech	inlacrimo	2	-0.501212320225234	0.17203755315768457
speech	resurgo	2	-0.501212320225234	0.17203755315768457
speech	remaneo	2	-0.501212320225234	0.17203755315768457
speech	pinna	2	-0.501212320225234	0.17203755315768457
speech	attero	2	-0.501212320225234	0.17203755315768457
speech	adamas	2	-0.501212320225234	0.17203755315768457
speech	centenus	2	-0.501212320225234	0.17203755315768457
speech	atrus	2	-0.501212320225234	0.17203755315768457
speech	saetiger	2	-0.501212320225234	0.17203755315768457
speech	protero	2	-0.501212320225234	0.17203755315768457
speech	canthus	2	-0.501212320225234	0.17203755315768457
speech	adsuetus	14	-0.501313853405786	0.17203167353001025
speech	serpens	24	-0.502090070437668	0.1719867240158012
speech	alterno	13	-0.50655810725993	0.1717279869920309
speech	quippe	13	-0.50655810725993	0.1717279869920309
speech	resoluo	20	-0.509809487743014	0.17153970463384924
speech	niueus	20	-0.509809487743014	0.17153970463384924
speech	uerto	94	-0.510519988421084	0.17149856065090024
speech	apex	8	-0.511295892526794	0.17145362925775634
speech	solor	12	-0.512644692139845	0.17137552238186746
speech	ungula	5	-0.514616315691695	0.17126134874586263
speech	tracto	5	-0.514616315691695	0.17126134874586263
speech	pollex	5	-0.514616315691695	0.17126134874586263
speech	pererro	5	-0.514616315691695	0.17126134874586263
speech	incutio	5	-0.514616315691695	0.17126134874586263
speech	senium	5	-0.514616315691695	0.17126134874586263
speech	mugitus	5	-0.514616315691695	0.17126134874586263
speech	sustineo	18	-0.515585008228176	0.17120525327623964
speech	recedo	18	-0.515585008228176	0.17120525327623964
speech	palor	3	-0.517142731606997	0.17111504795185972
speech	dirimo	3	-0.517142731606997	0.17111504795185972
speech	auratus	3	-0.517142731606997	0.17111504795185972
speech	tiphys	3	-0.517142731606997	0.17111504795185972
speech	flagello	3	-0.517142731606997	0.17111504795185972
speech	anteeo	3	-0.517142731606997	0.17111504795185972
speech	patefacio	3	-0.517142731606997	0.17111504795185972
speech	dissilio	3	-0.517142731606997	0.17111504795185972
speech	miror	38	-0.518114130540552	0.17105879575901536
speech	poenus	36	-0.518138249772912	0.1710573990519951
speech	pateo	40	-0.518382785220162	0.17104323838673097
speech	fames	17	-0.519101189128328	0.17100163674008884
speech	fatigo	17	-0.519101189128328	0.17100163674008884
speech	rubeo	11	-0.519731914618137	0.17096511241351298
speech	uterque	50	-0.5229524182571	0.17077861808507885
speech	albus	16	-0.523114306229435	0.17076924340581537
speech	caerulus	16	-0.523114306229435	0.17076924340581537
speech	inferus	16	-0.523114306229435	0.17076924340581537
speech	lauo	7	-0.523840320844125	0.1707272010350626
speech	langueo	7	-0.523840320844125	0.1707272010350626
speech	exercitus	7	-0.523840320844125	0.1707272010350626
speech	impedio	7	-0.523840320844125	0.1707272010350626
speech	ferueo	15	-0.527697084400699	0.1705038618899952
speech	incido	10	-0.528020891009589	0.17048511075575118
speech	roto	10	-0.528020891009589	0.17048511075575118
speech	imago	57	-0.528303605408238	0.17046873920712854
speech	signum	97	-0.529250772516832	0.17041389024136586
speech	auis	23	-0.52983999523045	0.17037976927564333
speech	deicio	14	-0.532937186367554	0.17020041578131462
speech	nymphe	14	-0.532937186367554	0.17020041578131462
speech	radius	14	-0.532937186367554	0.17020041578131462
speech	uirgo	92	-0.536796535840657	0.16997692688986574
speech	aetnaeus	4	-0.53700166176381	0.1699650483685003
speech	leuiter	4	-0.53700166176381	0.1699650483685003
speech	corusco	4	-0.53700166176381	0.1699650483685003
speech	sitis	4	-0.53700166176381	0.1699650483685003
speech	decido	4	-0.53700166176381	0.1699650483685003
speech	ornus	4	-0.53700166176381	0.1699650483685003
speech	gyro	4	-0.53700166176381	0.1699650483685003
speech	uelamen	9	-0.537771408396528	0.16992047354498624
speech	frigus	9	-0.537771408396528	0.16992047354498624
speech	subicio	13	-0.538941326011449	0.16985272544581373
speech	praecipito	13	-0.538941326011449	0.16985272544581373
speech	tydides	6	-0.539185953294913	0.1698385594624581
speech	prenso	6	-0.539185953294913	0.1698385594624581
speech	ministro	6	-0.539185953294913	0.1698385594624581
speech	solidus	6	-0.539185953294913	0.1698385594624581
speech	marmor	6	-0.539185953294913	0.1698385594624581
speech	motus	43	-0.539506171736838	0.16982001611335068
speech	aduerto	46	-0.54027180220293	0.1697756796506077
speech	manto	0	-0.540426982556324	0.16976669339906547
speech	terrifex	0	-0.540426982556324	0.16976669339906547
speech	futurus	0	-0.540426982556324	0.16976669339906547
speech	trepidantus	0	-0.540426982556324	0.16976669339906547
speech	messor	0	-0.540426982556324	0.16976669339906547
speech	responso	0	-0.540426982556324	0.16976669339906547
speech	rastrum	0	-0.540426982556324	0.16976669339906547
speech	augesco	0	-0.540426982556324	0.16976669339906547
speech	attigo	0	-0.540426982556324	0.16976669339906547
speech	eteocles	0	-0.540426982556324	0.16976669339906547
speech	monitor	0	-0.540426982556324	0.16976669339906547
speech	suffero	0	-0.540426982556324	0.16976669339906547
speech	radium	0	-0.540426982556324	0.16976669339906547
speech	exerto	0	-0.540426982556324	0.16976669339906547
speech	expo	0	-0.540426982556324	0.16976669339906547
speech	apollinea	0	-0.540426982556324	0.16976669339906547
speech	reclamo	0	-0.540426982556324	0.16976669339906547
speech	reclino	0	-0.540426982556324	0.16976669339906547
speech	extimulo	0	-0.540426982556324	0.16976669339906547
speech	successor	0	-0.540426982556324	0.16976669339906547
speech	relinco	0	-0.540426982556324	0.16976669339906547
speech	melampus	0	-0.540426982556324	0.16976669339906547
speech	arabs	0	-0.540426982556324	0.16976669339906547
speech	rhipaeus	0	-0.540426982556324	0.16976669339906547
speech	tepo	0	-0.540426982556324	0.16976669339906547
speech	rubefacio	0	-0.540426982556324	0.16976669339906547
speech	madesco	0	-0.540426982556324	0.16976669339906547
speech	titus	0	-0.540426982556324	0.16976669339906547
speech	imbrifer	0	-0.540426982556324	0.16976669339906547
speech	imilcus	0	-0.540426982556324	0.16976669339906547
speech	utiliter	0	-0.540426982556324	0.16976669339906547
speech	labefacio	0	-0.540426982556324	0.16976669339906547
speech	adiaceo	0	-0.540426982556324	0.16976669339906547
speech	immortuus	0	-0.540426982556324	0.16976669339906547
speech	immundus	0	-0.540426982556324	0.16976669339906547
speech	adfluo	0	-0.540426982556324	0.16976669339906547
speech	tiresia	0	-0.540426982556324	0.16976669339906547
speech	ismeni	0	-0.540426982556324	0.16976669339906547
speech	ismenes	0	-0.540426982556324	0.16976669339906547
speech	tinnitus	0	-0.540426982556324	0.16976669339906547
speech	inuergo	0	-0.540426982556324	0.16976669339906547
speech	implo	0	-0.540426982556324	0.16976669339906547
speech	impubes	0	-0.540426982556324	0.16976669339906547
speech	siren	0	-0.540426982556324	0.16976669339906547
speech	uulgaris	0	-0.540426982556324	0.16976669339906547
speech	aclys	0	-0.540426982556324	0.16976669339906547
speech	accensi	0	-0.540426982556324	0.16976669339906547
speech	spectatus	0	-0.540426982556324	0.16976669339906547
speech	inritatus	0	-0.540426982556324	0.16976669339906547
speech	acanthus	0	-0.540426982556324	0.16976669339906547
speech	inremeabilis	0	-0.540426982556324	0.16976669339906547
speech	zetes	0	-0.540426982556324	0.16976669339906547
speech	seruandus	0	-0.540426982556324	0.16976669339906547
speech	lanx	0	-0.540426982556324	0.16976669339906547
speech	aegeus	0	-0.540426982556324	0.16976669339906547
speech	liquens	0	-0.540426982556324	0.16976669339906547
speech	maca	0	-0.540426982556324	0.16976669339906547
speech	anser	0	-0.540426982556324	0.16976669339906547
speech	gesander	0	-0.540426982556324	0.16976669339906547
speech	anius	0	-0.540426982556324	0.16976669339906547
speech	anagnia	0	-0.540426982556324	0.16976669339906547
speech	luctamen	0	-0.540426982556324	0.16976669339906547
speech	salius	0	-0.540426982556324	0.16976669339906547
speech	saluus	0	-0.540426982556324	0.16976669339906547
speech	ambrosia	0	-0.540426982556324	0.16976669339906547
speech	erasinus	0	-0.540426982556324	0.16976669339906547
speech	scaena	0	-0.540426982556324	0.16976669339906547
speech	thapsus	0	-0.540426982556324	0.16976669339906547
speech	hymettus	0	-0.540426982556324	0.16976669339906547
speech	hamatus	0	-0.540426982556324	0.16976669339906547
speech	trachinius	0	-0.540426982556324	0.16976669339906547
speech	allium	0	-0.540426982556324	0.16976669339906547
speech	libyen	0	-0.540426982556324	0.16976669339906547
speech	trabalis	0	-0.540426982556324	0.16976669339906547
speech	aletes	0	-0.540426982556324	0.16976669339906547
speech	alcathous	0	-0.540426982556324	0.16976669339906547
speech	scrobis	0	-0.540426982556324	0.16976669339906547
speech	hinnit	0	-0.540426982556324	0.16976669339906547
speech	lenior	0	-0.540426982556324	0.16976669339906547
speech	affusus	0	-0.540426982556324	0.16976669339906547
speech	ambeo	0	-0.540426982556324	0.16976669339906547
speech	hyperionius	0	-0.540426982556324	0.16976669339906547
speech	cerealius	0	-0.540426982556324	0.16976669339906547
speech	ualua	0	-0.540426982556324	0.16976669339906547
speech	caneo	0	-0.540426982556324	0.16976669339906547
speech	daphnis	0	-0.540426982556324	0.16976669339906547
speech	pierius	0	-0.540426982556324	0.16976669339906547
speech	orontes	0	-0.540426982556324	0.16976669339906547
speech	pristis	0	-0.540426982556324	0.16976669339906547
speech	diuerbero	0	-0.540426982556324	0.16976669339906547
speech	orsilochus	0	-0.540426982556324	0.16976669339906547
speech	camena	0	-0.540426982556324	0.16976669339906547
speech	cytaeus	0	-0.540426982556324	0.16976669339906547
speech	cyrnus	0	-0.540426982556324	0.16976669339906547
speech	pictura	0	-0.540426982556324	0.16976669339906547
speech	clotho	0	-0.540426982556324	0.16976669339906547
speech	nexilis	0	-0.540426982556324	0.16976669339906547
speech	cyparissus	0	-0.540426982556324	0.16976669339906547
speech	uascus	0	-0.540426982556324	0.16976669339906547
speech	pinifer	0	-0.540426982556324	0.16976669339906547
speech	planities	0	-0.540426982556324	0.16976669339906547
speech	calefacio	0	-0.540426982556324	0.16976669339906547
speech	cethegus	0	-0.540426982556324	0.16976669339906547
speech	praesideo	0	-0.540426982556324	0.16976669339906547
speech	discindo	0	-0.540426982556324	0.16976669339906547
speech	catillus	0	-0.540426982556324	0.16976669339906547
speech	tartessus	0	-0.540426982556324	0.16976669339906547
speech	obnoxius	0	-0.540426982556324	0.16976669339906547
speech	cecropius	0	-0.540426982556324	0.16976669339906547
speech	discursus	0	-0.540426982556324	0.16976669339906547
speech	cedrus	0	-0.540426982556324	0.16976669339906547
speech	demonstro	0	-0.540426982556324	0.16976669339906547
speech	cerasta	0	-0.540426982556324	0.16976669339906547
speech	demeto	0	-0.540426982556324	0.16976669339906547
speech	cerastes	0	-0.540426982556324	0.16976669339906547
speech	deidamius	0	-0.540426982556324	0.16976669339906547
speech	ocrea	0	-0.540426982556324	0.16976669339906547
speech	uago	0	-0.540426982556324	0.16976669339906547
speech	phorcus	0	-0.540426982556324	0.16976669339906547
speech	cohaereo	0	-0.540426982556324	0.16976669339906547
speech	praesentia	0	-0.540426982556324	0.16976669339906547
speech	consessus	0	-0.540426982556324	0.16976669339906547
speech	conspeco	0	-0.540426982556324	0.16976669339906547
speech	contactus	0	-0.540426982556324	0.16976669339906547
speech	nasamon	0	-0.540426982556324	0.16976669339906547
speech	conuecto	0	-0.540426982556324	0.16976669339906547
speech	uinetum	0	-0.540426982556324	0.16976669339906547
speech	proseco	0	-0.540426982556324	0.16976669339906547
speech	contristo	0	-0.540426982556324	0.16976669339906547
speech	elephantus	0	-0.540426982556324	0.16976669339906547
speech	baliaris	0	-0.540426982556324	0.16976669339906547
speech	prostro	0	-0.540426982556324	0.16976669339906547
speech	auxiliaris	0	-0.540426982556324	0.16976669339906547
speech	prouideo	0	-0.540426982556324	0.16976669339906547
speech	peneius	0	-0.540426982556324	0.16976669339906547
speech	summergo	0	-0.540426982556324	0.16976669339906547
speech	pennatus	0	-0.540426982556324	0.16976669339906547
speech	perfuro	0	-0.540426982556324	0.16976669339906547
speech	congemo	0	-0.540426982556324	0.16976669339906547
speech	coipio	0	-0.540426982556324	0.16976669339906547
speech	creos	0	-0.540426982556324	0.16976669339906547
speech	neptunius	0	-0.540426982556324	0.16976669339906547
speech	cuncto	0	-0.540426982556324	0.16976669339906547
speech	bulla	0	-0.540426982556324	0.16976669339906547
speech	cumaeus	0	-0.540426982556324	0.16976669339906547
speech	bostar	0	-0.540426982556324	0.16976669339906547
speech	durius	0	-0.540426982556324	0.16976669339906547
speech	panchates	0	-0.540426982556324	0.16976669339906547
speech	pharetratus	0	-0.540426982556324	0.16976669339906547
speech	panopeus	0	-0.540426982556324	0.16976669339906547
speech	echidna	0	-0.540426982556324	0.16976669339906547
speech	cometes	0	-0.540426982556324	0.16976669339906547
speech	confestim	0	-0.540426982556324	0.16976669339906547
speech	confudo	0	-0.540426982556324	0.16976669339906547
speech	parthus	0	-0.540426982556324	0.16976669339906547
speech	perseius	0	-0.540426982556324	0.16976669339906547
speech	praeruptus	0	-0.540426982556324	0.16976669339906547
speech	proximus	19	-0.5406031998126	0.16975648893338185
speech	recens	19	-0.5406031998126	0.16975648893338185
speech	respicio	33	-0.541408899651973	0.169709832115906
speech	trabs	18	-0.544218731240676	0.16954711916355647
speech	iuuencus	18	-0.544218731240676	0.16954711916355647
speech	nouus	108	-0.544693585959134	0.16951962106954682
speech	igneus	12	-0.545840843486697	0.1694531851805898
speech	depono	12	-0.545840843486697	0.1694531851805898
speech	aperio	27	-0.54780142298547	0.1693396510884243
speech	horror	17	-0.548300703321849	0.16931073854508577
speech	infestus	17	-0.548300703321849	0.16931073854508577
speech	incedo	8	-0.549325549267976	0.16925139131934164
speech	sertum	8	-0.549325549267976	0.16925139131934164
speech	uenenum	25	-0.551320275871436	0.16913587982175435
speech	pestis	16	-0.552912724282969	0.16904366362504467
speech	sileo	24	-0.553417557811658	0.16901442950502543
speech	erumpo	11	-0.55379939528414	0.16899231789423885
speech	securis	11	-0.55379939528414	0.16899231789423885
speech	adflatus	2	-0.555976179042002	0.16886626375160185
speech	intexo	2	-0.555976179042002	0.16886626375160185
speech	cornus	2	-0.555976179042002	0.16886626375160185
speech	dependeo	2	-0.555976179042002	0.16886626375160185
speech	picea	2	-0.555976179042002	0.16886626375160185
speech	instructus	2	-0.555976179042002	0.16886626375160185
speech	semet	2	-0.555976179042002	0.16886626375160185
speech	falx	2	-0.555976179042002	0.16886626375160185
speech	aries	2	-0.555976179042002	0.16886626375160185
speech	nouitas	2	-0.555976179042002	0.16886626375160185
speech	praeuerto	2	-0.555976179042002	0.16886626375160185
speech	ingero	5	-0.558249031452344	0.16873464642356395
speech	ueneror	5	-0.558249031452344	0.16873464642356395
speech	deuius	5	-0.558249031452344	0.16873464642356395
speech	titubo	1	-0.558253064064964	0.16873441290127467
speech	alligo	1	-0.558253064064964	0.16873441290127467
speech	succendo	1	-0.558253064064964	0.16873441290127467
speech	eurytus	1	-0.558253064064964	0.16873441290127467
speech	sinuosus	1	-0.558253064064964	0.16873441290127467
speech	missus	1	-0.558253064064964	0.16873441290127467
speech	echion	1	-0.558253064064964	0.16873441290127467
speech	seditio	1	-0.558253064064964	0.16873441290127467
speech	udus	1	-0.558253064064964	0.16873441290127467
speech	discolor	1	-0.558253064064964	0.16873441290127467
speech	cumulus	1	-0.558253064064964	0.16873441290127467
speech	discumbo	1	-0.558253064064964	0.16873441290127467
speech	philomela	1	-0.558253064064964	0.16873441290127467
speech	luno	1	-0.558253064064964	0.16873441290127467
speech	aeolia	1	-0.558253064064964	0.16873441290127467
speech	adnitor	1	-0.558253064064964	0.16873441290127467
speech	calleo	1	-0.558253064064964	0.16873441290127467
speech	aduoco	1	-0.558253064064964	0.16873441290127467
speech	telamonius	1	-0.558253064064964	0.16873441290127467
speech	madefactus	1	-0.558253064064964	0.16873441290127467
speech	ufens	1	-0.558253064064964	0.16873441290127467
speech	tmolus	1	-0.558253064064964	0.16873441290127467
speech	cratis	1	-0.558253064064964	0.16873441290127467
speech	tarchon	1	-0.558253064064964	0.16873441290127467
speech	sponsa	1	-0.558253064064964	0.16873441290127467
speech	contus	1	-0.558253064064964	0.16873441290127467
speech	dispono	1	-0.558253064064964	0.16873441290127467
speech	canistrum	1	-0.558253064064964	0.16873441290127467
speech	incoho	1	-0.558253064064964	0.16873441290127467
speech	thracius	1	-0.558253064064964	0.16873441290127467
speech	conluceo	1	-0.558253064064964	0.16873441290127467
speech	poeni	22	-0.558406948034996	0.16872550172126521
speech	antrum	53	-0.562030180451253	0.16851568599925965
speech	pallas	35	-0.562214143901346	0.1685050329636082
speech	ludus	10	-0.563023772744436	0.16845814862367262
speech	increpito	10	-0.563023772744436	0.16845814862367262
speech	intra	7	-0.563143985518808	0.16845118728993758
speech	cornipes	14	-0.564045191527978	0.1683989998595532
speech	liqueo	3	-0.566648757777634	0.16824823141036133
speech	alueus	3	-0.566648757777634	0.16824823141036133
speech	reuincio	3	-0.566648757777634	0.16824823141036133
speech	pruina	3	-0.566648757777634	0.16824823141036133
speech	instruo	3	-0.566648757777634	0.16824823141036133
speech	sublimo	3	-0.566648757777634	0.16824823141036133
speech	umor	3	-0.566648757777634	0.16824823141036133
speech	detorqueo	3	-0.566648757777634	0.16824823141036133
speech	propior	30	-0.567181643909673	0.1682173728079601
speech	retro	27	-0.571997510316903	0.16793849351697626
speech	scipio	9	-0.573779465540109	0.1678353032772166
speech	simulo	9	-0.573779465540109	0.1678353032772166
speech	asto	9	-0.573779465540109	0.1678353032772166
speech	pharetra	26	-0.573993027825632	0.16782293621930192
speech	aurora	17	-0.577097916692285	0.1676431369614953
speech	toruus	24	-0.578683309026929	0.16755132937116163
speech	tendo	77	-0.579795770487675	0.1674869084680083
speech	onero	6	-0.579863795527299	0.1674829692443639
speech	sto	176	-0.581405783835116	0.16739367511333408
speech	rursus	38	-0.581642875094095	0.16737994552936902
speech	studium	16	-0.582281099673466	0.16734298694224622
speech	quatuor	4	-0.582410819443039	0.1673354750732893
speech	infigo	4	-0.582410819443039	0.1673354750732893
speech	exhalo	4	-0.582410819443039	0.1673354750732893
speech	expiro	4	-0.582410819443039	0.1673354750732893
speech	gradior	4	-0.582410819443039	0.1673354750732893
speech	lyra	4	-0.582410819443039	0.1673354750732893
speech	rubor	4	-0.582410819443039	0.1673354750732893
speech	medulla	4	-0.582410819443039	0.1673354750732893
speech	scutum	4	-0.582410819443039	0.1673354750732893
speech	maurus	4	-0.582410819443039	0.1673354750732893
speech	messapus	4	-0.582410819443039	0.1673354750732893
speech	lateo	34	-0.584926956656652	0.16718976950282396
speech	cingo	33	-0.586040280049179	0.16712529868654935
speech	nigro	8	-0.586413630195515	0.16710367856354458
speech	altum	11	-0.587205853969526	0.16705780212393548
speech	plaga	11	-0.587205853969526	0.16705780212393548
speech	nitidus	10	-0.597301617373145	0.16647317225635552
speech	praeda	26	-0.598297028428861	0.16641552955907496
speech	horridus	26	-0.598297028428861	0.16641552955907496
speech	humus	42	-0.599952345084014	0.1663196727607116
speech	daps	18	-0.600365488812152	0.16629574825362714
speech	focus	5	-0.600394627358557	0.16629406088598142
speech	inlido	5	-0.600394627358557	0.16629406088598142
speech	itero	5	-0.600394627358557	0.16629406088598142
speech	arripio	5	-0.600394627358557	0.16629406088598142
speech	medea	5	-0.600394627358557	0.16629406088598142
speech	diuinus	5	-0.600394627358557	0.16629406088598142
speech	phalanx	5	-0.600394627358557	0.16629406088598142
speech	lacer	5	-0.600394627358557	0.16629406088598142
speech	excito	5	-0.600394627358557	0.16629406088598142
speech	uomo	7	-0.601390000421877	0.1662364203887811
speech	cauo	7	-0.601390000421877	0.1662364203887811
speech	aeger	39	-0.601747729881111	0.16621570483533354
speech	unguo	0	-0.604217305092978	0.1660726955975601
speech	inflo	0	-0.604217305092978	0.1660726955975601
speech	edisco	0	-0.604217305092978	0.1660726955975601
speech	infremo	0	-0.604217305092978	0.1660726955975601
speech	incresco	0	-0.604217305092978	0.1660726955975601
speech	halaesus	0	-0.604217305092978	0.1660726955975601
speech	trilix	0	-0.604217305092978	0.1660726955975601
speech	uirago	0	-0.604217305092978	0.1660726955975601
speech	effultus	0	-0.604217305092978	0.1660726955975601
speech	acutus	0	-0.604217305092978	0.1660726955975601
speech	apricus	0	-0.604217305092978	0.1660726955975601
speech	xanthippus	0	-0.604217305092978	0.1660726955975601
speech	blande	0	-0.604217305092978	0.1660726955975601
speech	bimo	0	-0.604217305092978	0.1660726955975601
speech	ceraunia	0	-0.604217305092978	0.1660726955975601
speech	acamas	0	-0.604217305092978	0.1660726955975601
speech	amputo	0	-0.604217305092978	0.1660726955975601
speech	absyrtus	0	-0.604217305092978	0.1660726955975601
speech	allabor	0	-0.604217305092978	0.1660726955975601
speech	uulnificus	0	-0.604217305092978	0.1660726955975601
speech	androgeus	0	-0.604217305092978	0.1660726955975601
speech	calaber	0	-0.604217305092978	0.1660726955975601
speech	diuortium	0	-0.604217305092978	0.1660726955975601
speech	fragosus	0	-0.604217305092978	0.1660726955975601
speech	breuior	0	-0.604217305092978	0.1660726955975601
speech	excello	0	-0.604217305092978	0.1660726955975601
speech	hostus	0	-0.604217305092978	0.1660726955975601
speech	asilas	0	-0.604217305092978	0.1660726955975601
speech	uiator	0	-0.604217305092978	0.1660726955975601
speech	frutex	0	-0.604217305092978	0.1660726955975601
speech	castellum	0	-0.604217305092978	0.1660726955975601
speech	adgnosco	0	-0.604217305092978	0.1660726955975601
speech	euryalis	0	-0.604217305092978	0.1660726955975601
speech	adclino	0	-0.604217305092978	0.1660726955975601
speech	crispo	0	-0.604217305092978	0.1660726955975601
speech	distinctus	0	-0.604217305092978	0.1660726955975601
speech	daniel	0	-0.604217305092978	0.1660726955975601
speech	crepido	0	-0.604217305092978	0.1660726955975601
speech	ueru	0	-0.604217305092978	0.1660726955975601
speech	crebresco	0	-0.604217305092978	0.1660726955975601
speech	cymba	0	-0.604217305092978	0.1660726955975601
speech	adficio	0	-0.604217305092978	0.1660726955975601
speech	antiphus	0	-0.604217305092978	0.1660726955975601
speech	antiquitus	0	-0.604217305092978	0.1660726955975601
speech	anchisiades	0	-0.604217305092978	0.1660726955975601
speech	hyrtacides	0	-0.604217305092978	0.1660726955975601
speech	spumosus	0	-0.604217305092978	0.1660726955975601
speech	merio	0	-0.604217305092978	0.1660726955975601
speech	latebrosus	0	-0.604217305092978	0.1660726955975601
speech	palpito	0	-0.604217305092978	0.1660726955975601
speech	iuuenilis	0	-0.604217305092978	0.1660726955975601
speech	tepefacio	0	-0.604217305092978	0.1660726955975601
speech	tepens	0	-0.604217305092978	0.1660726955975601
speech	thestorides	0	-0.604217305092978	0.1660726955975601
speech	sceptrifer	0	-0.604217305092978	0.1660726955975601
speech	proflo	0	-0.604217305092978	0.1660726955975601
speech	perforo	0	-0.604217305092978	0.1660726955975601
speech	perlibro	0	-0.604217305092978	0.1660726955975601
speech	sabaeus	0	-0.604217305092978	0.1660726955975601
speech	tergeo	0	-0.604217305092978	0.1660726955975601
speech	laquear	0	-0.604217305092978	0.1660726955975601
speech	robustus	0	-0.604217305092978	0.1660726955975601
speech	subrideo	0	-0.604217305092978	0.1660726955975601
speech	olenium	0	-0.604217305092978	0.1660726955975601
speech	laurentum	0	-0.604217305092978	0.1660726955975601
speech	ternus	0	-0.604217305092978	0.1660726955975601
speech	recurso	0	-0.604217305092978	0.1660726955975601
speech	lichas	0	-0.604217305092978	0.1660726955975601
speech	liger	0	-0.604217305092978	0.1660726955975601
speech	pila	0	-0.604217305092978	0.1660726955975601
speech	pluuia	0	-0.604217305092978	0.1660726955975601
speech	tessera	0	-0.604217305092978	0.1660726955975601
speech	puluerulentus	0	-0.604217305092978	0.1660726955975601
speech	sulphureus	0	-0.604217305092978	0.1660726955975601
speech	pristinus	0	-0.604217305092978	0.1660726955975601
speech	proculco	0	-0.604217305092978	0.1660726955975601
speech	propugnaculum	0	-0.604217305092978	0.1660726955975601
speech	seru	0	-0.604217305092978	0.1660726955975601
speech	prodeo	0	-0.604217305092978	0.1660726955975601
speech	numa	0	-0.604217305092978	0.1660726955975601
speech	noctiuagus	0	-0.604217305092978	0.1660726955975601
speech	tartarea	0	-0.604217305092978	0.1660726955975601
speech	innoxius	0	-0.604217305092978	0.1660726955975601
speech	intego	0	-0.604217305092978	0.1660726955975601
speech	spiramen	0	-0.604217305092978	0.1660726955975601
speech	nomino	0	-0.604217305092978	0.1660726955975601
speech	nealces	0	-0.604217305092978	0.1660726955975601
speech	nebulosus	0	-0.604217305092978	0.1660726955975601
speech	sonorus	2	-0.607546528484678	0.16587990547829723
speech	uerbero	2	-0.607546528484678	0.16587990547829723
speech	hydra	2	-0.607546528484678	0.16587990547829723
speech	scruto	2	-0.607546528484678	0.16587990547829723
speech	croceus	2	-0.607546528484678	0.16587990547829723
speech	albeo	2	-0.607546528484678	0.16587990547829723
speech	ingressus	2	-0.607546528484678	0.16587990547829723
speech	aspiro	2	-0.607546528484678	0.16587990547829723
speech	contineo	2	-0.607546528484678	0.16587990547829723
speech	circumfero	2	-0.607546528484678	0.16587990547829723
speech	chalybs	2	-0.607546528484678	0.16587990547829723
speech	rubesco	2	-0.607546528484678	0.16587990547829723
speech	tractus	2	-0.607546528484678	0.16587990547829723
speech	splendeo	2	-0.607546528484678	0.16587990547829723
speech	euolo	2	-0.607546528484678	0.16587990547829723
speech	tela	2	-0.607546528484678	0.16587990547829723
speech	lis	2	-0.607546528484678	0.16587990547829723
speech	torreo	9	-0.608987857158989	0.1657964403891986
speech	aequo	32	-0.609603402574784	0.16576079511696523
speech	trunco	12	-0.610441651961726	0.16571225340610152
speech	aspectus	3	-0.61386752609619	0.16551386639349985
speech	conterreo	3	-0.61386752609619	0.16551386639349985
speech	arrigo	3	-0.61386752609619	0.16551386639349985
speech	sollers	3	-0.61386752609619	0.16551386639349985
speech	furialis	3	-0.61386752609619	0.16551386639349985
speech	pauito	1	-0.614809055593811	0.16545934389297062
speech	perlustro	1	-0.614809055593811	0.16545934389297062
speech	maeonia	1	-0.614809055593811	0.16545934389297062
speech	concha	1	-0.614809055593811	0.16545934389297062
speech	scala	1	-0.614809055593811	0.16545934389297062
speech	incursus	1	-0.614809055593811	0.16545934389297062
speech	abstineo	1	-0.614809055593811	0.16545934389297062
speech	capulum	1	-0.614809055593811	0.16545934389297062
speech	ignipotens	1	-0.614809055593811	0.16545934389297062
speech	frendo	1	-0.614809055593811	0.16545934389297062
speech	aonia	1	-0.614809055593811	0.16545934389297062
speech	carchesium	1	-0.614809055593811	0.16545934389297062
speech	dissipo	1	-0.614809055593811	0.16545934389297062
speech	commemoro	1	-0.614809055593811	0.16545934389297062
speech	uergo	1	-0.614809055593811	0.16545934389297062
speech	insterno	1	-0.614809055593811	0.16545934389297062
speech	senilis	1	-0.614809055593811	0.16545934389297062
speech	lacon	1	-0.614809055593811	0.16545934389297062
speech	exspiro	1	-0.614809055593811	0.16545934389297062
speech	adsentio	1	-0.614809055593811	0.16545934389297062
speech	reflecto	1	-0.614809055593811	0.16545934389297062
speech	adsurgo	1	-0.614809055593811	0.16545934389297062
speech	fornax	1	-0.614809055593811	0.16545934389297062
speech	remigium	1	-0.614809055593811	0.16545934389297062
speech	attollo	29	-0.615102024668423	0.16544237851210264
speech	flumen	50	-0.616900676430326	0.16533822140190263
speech	gramen	15	-0.61763042998574	0.16529596251494072
speech	pastor	15	-0.61763042998574	0.16529596251494072
speech	aratrum	6	-0.619343804369601	0.16519674368431791
speech	musa	6	-0.619343804369601	0.16519674368431791
speech	collis	27	-0.619723849557627	0.16517473586192083
speech	uicina	11	-0.619981040181773	0.16515984235515704
speech	omnis	382	-0.622107422260715	0.16503670689491134
speech	bacchus	26	-0.622372336086567	0.1650213661496169
speech	sulco	8	-0.622614353347092	0.16500735130860725
speech	socius	119	-0.624297935322975	0.16490985770973116
speech	conus	4	-0.626087206755075	0.16480624379975795
speech	metallum	4	-0.626087206755075	0.16480624379975795
speech	stipes	4	-0.626087206755075	0.16480624379975795
speech	illinc	4	-0.626087206755075	0.16480624379975795
speech	euryalus	4	-0.626087206755075	0.16480624379975795
speech	carbasa	4	-0.626087206755075	0.16480624379975795
speech	urgueo	4	-0.626087206755075	0.16480624379975795
speech	rumor	4	-0.626087206755075	0.16480624379975795
speech	euoluo	4	-0.626087206755075	0.16480624379975795
speech	exsto	4	-0.626087206755075	0.16480624379975795
speech	excipio	33	-0.629984525529208	0.16458055616547548
speech	orior	10	-0.630889336925354	0.16452815995277065
speech	rudis	10	-0.630889336925354	0.16452815995277065
speech	includo	13	-0.632833250214434	0.1644155909747403
speech	aliter	17	-0.633536005742368	0.16437489550132123
speech	foris	17	-0.633536005742368	0.16437489550132123
speech	longe	56	-0.634641245971576	0.16431089276839128
speech	sibilo	7	-0.638644795281873	0.1640790534899183
speech	corpus	226	-0.638699181494541	0.16407590406941003
speech	impatiens	5	-0.641171740774428	0.163932722028925
speech	inficio	5	-0.641171740774428	0.163932722028925
speech	defleo	5	-0.641171740774428	0.163932722028925
speech	forte	40	-0.641595944559567	0.16390815705123904
speech	cresco	27	-0.643263457929297	0.16381159396021183
speech	sacerdos	20	-0.644509283724468	0.16373945013705155
speech	aureus	26	-0.646223915826064	0.16364015847396196
speech	mollis	35	-0.648165879810756	0.16352770237709974
speech	interdum	11	-0.652152739410838	0.1632968295736404
speech	passus	11	-0.652152739410838	0.1632968295736404
speech	aditus	11	-0.652152739410838	0.1632968295736404
speech	uerbum	66	-0.652972700845346	0.16324934688949733
speech	retineo	14	-0.654465802359386	0.16316288371622964
speech	suffundo	2	-0.656363272275565	0.16305300420128033
speech	prauus	2	-0.656363272275565	0.16305300420128033
speech	exardesco	2	-0.656363272275565	0.16305300420128033
speech	intimus	2	-0.656363272275565	0.16305300420128033
speech	sedo	2	-0.656363272275565	0.16305300420128033
speech	agricola	2	-0.656363272275565	0.16305300420128033
speech	minyas	6	-0.657708692327888	0.16297509303046712
speech	appello	6	-0.657708692327888	0.16297509303046712
speech	filum	6	-0.657708692327888	0.16297509303046712
speech	dispergo	6	-0.657708692327888	0.16297509303046712
speech	aenus	6	-0.657708692327888	0.16297509303046712
speech	letalis	6	-0.657708692327888	0.16297509303046712
speech	gemma	6	-0.657708692327888	0.16297509303046712
speech	lacrimo	8	-0.657977370120494	0.1629595343197453
speech	uolucer	43	-0.658436258405766	0.16293296081690783
speech	auro	3	-0.659048271264773	0.16289752010951267
speech	impiger	3	-0.659048271264773	0.16289752010951267
speech	dumus	3	-0.659048271264773	0.16289752010951267
speech	sopor	17	-0.661200705248378	0.16277287602421658
speech	caligo	17	-0.661200705248378	0.16277287602421658
speech	lympho	0	-0.661888615299147	0.16273304022915985
speech	galerum	0	-0.661888615299147	0.16273304022915985
speech	gaza	0	-0.661888615299147	0.16273304022915985
speech	fest	0	-0.661888615299147	0.16273304022915985
speech	fuscus	0	-0.661888615299147	0.16273304022915985
speech	myrtus	0	-0.661888615299147	0.16273304022915985
speech	congeries	0	-0.661888615299147	0.16273304022915985
speech	entellus	0	-0.661888615299147	0.16273304022915985
speech	extructus	0	-0.661888615299147	0.16273304022915985
speech	metiscus	0	-0.661888615299147	0.16273304022915985
speech	fo	0	-0.661888615299147	0.16273304022915985
speech	diores	0	-0.661888615299147	0.16273304022915985
speech	exsertus	0	-0.661888615299147	0.16273304022915985
speech	deuolo	0	-0.661888615299147	0.16273304022915985
speech	cepheus	0	-0.661888615299147	0.16273304022915985
speech	phocus	0	-0.661888615299147	0.16273304022915985
speech	fenestra	0	-0.661888615299147	0.16273304022915985
speech	piscosus	0	-0.661888615299147	0.16273304022915985
speech	cio	0	-0.661888615299147	0.16273304022915985
speech	massicus	0	-0.661888615299147	0.16273304022915985
speech	marceo	0	-0.661888615299147	0.16273304022915985
speech	eurytion	0	-0.661888615299147	0.16273304022915985
speech	enceladus	0	-0.661888615299147	0.16273304022915985
speech	eburneus	0	-0.661888615299147	0.16273304022915985
speech	helicon	0	-0.661888615299147	0.16273304022915985
speech	pylus	0	-0.661888615299147	0.16273304022915985
speech	aurata	0	-0.661888615299147	0.16273304022915985
speech	pumex	0	-0.661888615299147	0.16273304022915985
speech	haemonides	0	-0.661888615299147	0.16273304022915985
speech	uirido	0	-0.661888615299147	0.16273304022915985
speech	adleuo	0	-0.661888615299147	0.16273304022915985
speech	impes	0	-0.661888615299147	0.16273304022915985
speech	lente	0	-0.661888615299147	0.16273304022915985
speech	immodicus	0	-0.661888615299147	0.16273304022915985
speech	incessus	0	-0.661888615299147	0.16273304022915985
speech	uoro	0	-0.661888615299147	0.16273304022915985
speech	atauus	0	-0.661888615299147	0.16273304022915985
speech	arruns	0	-0.661888615299147	0.16273304022915985
speech	thiodamantus	0	-0.661888615299147	0.16273304022915985
speech	aeacus	0	-0.661888615299147	0.16273304022915985
speech	adglomero	0	-0.661888615299147	0.16273304022915985
speech	ligur	0	-0.661888615299147	0.16273304022915985
speech	accommodo	0	-0.661888615299147	0.16273304022915985
speech	abscisus	0	-0.661888615299147	0.16273304022915985
speech	scipiada	0	-0.661888615299147	0.16273304022915985
speech	agrestus	0	-0.661888615299147	0.16273304022915985
speech	gracilis	0	-0.661888615299147	0.16273304022915985
speech	proruo	0	-0.661888615299147	0.16273304022915985
speech	aconteus	0	-0.661888615299147	0.16273304022915985
speech	uolcens	0	-0.661888615299147	0.16273304022915985
speech	scitus	0	-0.661888615299147	0.16273304022915985
speech	ammentum	0	-0.661888615299147	0.16273304022915985
speech	flagrans	13	-0.663114381979886	0.1626620579979412
speech	sudor	13	-0.663114381979886	0.1626620579979412
speech	nutrio	10	-0.663819378025656	0.16262123277963872
speech	premo	108	-0.66524802201164	0.16253850224100058
speech	arbor	37	-0.665852833993021	0.16250347852516558
speech	aeson	1	-0.667480849307203	0.1624092027047549
speech	arboreus	1	-0.667480849307203	0.1624092027047549
speech	colubra	1	-0.667480849307203	0.1624092027047549
speech	persono	1	-0.667480849307203	0.1624092027047549
speech	uorago	1	-0.667480849307203	0.1624092027047549
speech	hortatus	1	-0.667480849307203	0.1624092027047549
speech	aggero	1	-0.667480849307203	0.1624092027047549
speech	perlabor	1	-0.667480849307203	0.1624092027047549
speech	tamquam	1	-0.667480849307203	0.1624092027047549
speech	faustus	1	-0.667480849307203	0.1624092027047549
speech	daedalus	1	-0.667480849307203	0.1624092027047549
speech	fibula	1	-0.667480849307203	0.1624092027047549
speech	uilla	1	-0.667480849307203	0.1624092027047549
speech	docilis	1	-0.667480849307203	0.1624092027047549
speech	uirgultum	1	-0.667480849307203	0.1624092027047549
speech	defessus	1	-0.667480849307203	0.1624092027047549
speech	tunica	1	-0.667480849307203	0.1624092027047549
speech	typhoeus	1	-0.667480849307203	0.1624092027047549
speech	domitor	1	-0.667480849307203	0.1624092027047549
speech	dimoueo	1	-0.667480849307203	0.1624092027047549
speech	sicanius	1	-0.667480849307203	0.1624092027047549
speech	mollio	4	-0.668186779363288	0.162368323399376
speech	uociferor	4	-0.668186779363288	0.162368323399376
speech	ros	4	-0.668186779363288	0.162368323399376
speech	propello	4	-0.668186779363288	0.162368323399376
speech	amphion	4	-0.668186779363288	0.162368323399376
speech	clangor	4	-0.668186779363288	0.162368323399376
speech	lucifer	4	-0.668186779363288	0.162368323399376
speech	plangor	4	-0.668186779363288	0.162368323399376
speech	immitto	12	-0.672816567847016	0.16210021958989143
speech	adfatus	7	-0.674968699401208	0.16197559301780964
speech	pallor	7	-0.674968699401208	0.16197559301780964
speech	pingo	15	-0.675411173335093	0.16194997004438674
speech	terror	19	-0.675971070601454	0.16191754726944596
speech	adrastus	9	-0.677168081511085	0.16184823023995432
speech	egredior	9	-0.677168081511085	0.16184823023995432
speech	torus	42	-0.678998207417095	0.16174225051129884
speech	subsido	5	-0.680685227164604	0.16164455783644502
speech	amarus	5	-0.680685227164604	0.16164455783644502
speech	uagor	5	-0.680685227164604	0.16164455783644502
speech	suspicio	5	-0.680685227164604	0.16164455783644502
speech	lignum	5	-0.680685227164604	0.16164455783644502
speech	adgredior	5	-0.680685227164604	0.16164455783644502
speech	bracchium	40	-0.681613359223735	0.16159081116062335
speech	libro	11	-0.683746940338973	0.16146725881544602
speech	pinguis	11	-0.683746940338973	0.16146725881544602
speech	facies	38	-0.684671735851749	0.16141370535380498
speech	limen	66	-0.685570169743398	0.16136167845241028
speech	induo	22	-0.685937080452691	0.16134043122713254
speech	acies	71	-0.686124657809309	0.16132956891580685
speech	placidus	28	-0.686424693419598	0.16131219432291083
speech	ripa	53	-0.688418254630368	0.16119675031139136
speech	fessus	52	-0.688975687879836	0.1611644702238148
speech	fumo	27	-0.689717862665999	0.16112149204280868
speech	uigil	8	-0.692548259318531	0.1609575881997793
speech	admoneo	8	-0.692548259318531	0.1609575881997793
speech	conuerto	26	-0.693274963625057	0.16091550589005107
speech	transeo	16	-0.695730644978066	0.16077330122391226
speech	fauces	16	-0.695730644978066	0.16077330122391226
speech	saucius	10	-0.696121946236448	0.16075064158008684
speech	profero	10	-0.696121946236448	0.16075064158008684
speech	auersus	10	-0.696121946236448	0.16075064158008684
speech	hector	20	-0.696232984465736	0.1607442115299074
speech	gelidus	32	-0.69714275760856	0.16069152799021327
speech	porta	68	-0.701704921947366	0.16042734018918792
speech	incurro	3	-0.702400918991696	0.1603870360889832
speech	tentorium	3	-0.702400918991696	0.1603870360889832
speech	conuiuium	3	-0.702400918991696	0.1603870360889832
speech	rutilus	3	-0.702400918991696	0.1603870360889832
speech	crebro	2	-0.702779272087516	0.1603651262529991
speech	emineo	2	-0.702779272087516	0.1603651262529991
speech	baculum	2	-0.702779272087516	0.1603651262529991
speech	primaeuus	2	-0.702779272087516	0.1603651262529991
speech	planta	12	-0.70322487029385	0.16033932235784545
speech	amens	12	-0.70322487029385	0.16033932235784545
speech	caeruleus	15	-0.703692804460522	0.16031222502216508
speech	feruor	4	-0.708845065263137	0.16001386565791031
speech	dehinc	4	-0.708845065263137	0.16001386565791031
speech	missilis	4	-0.708845065263137	0.16001386565791031
speech	nuto	9	-0.710213585523665	0.1599346167901718
speech	raucus	9	-0.710213585523665	0.1599346167901718
speech	amictus	7	-0.710416660282181	0.1599228570485422
speech	dorsum	7	-0.710416660282181	0.1599228570485422
speech	miro	7	-0.710416660282181	0.1599228570485422
speech	nebula	7	-0.710416660282181	0.1599228570485422
speech	palleo	22	-0.710645781964635	0.15990958897028823
speech	caedo	22	-0.710645781964635	0.15990958897028823
speech	campus	146	-0.712699685147945	0.1597906506495219
speech	remulus	0	-0.71492327235183	0.15966188619253258
speech	iacchus	0	-0.71492327235183	0.15966188619253258
speech	dilato	0	-0.71492327235183	0.15966188619253258
speech	albesco	0	-0.71492327235183	0.15966188619253258
speech	corrumpo	0	-0.71492327235183	0.15966188619253258
speech	gelo	0	-0.71492327235183	0.15966188619253258
speech	laertius	0	-0.71492327235183	0.15966188619253258
speech	sonor	0	-0.71492327235183	0.15966188619253258
speech	insido	0	-0.71492327235183	0.15966188619253258
speech	extraho	0	-0.71492327235183	0.15966188619253258
speech	grato	0	-0.71492327235183	0.15966188619253258
speech	proscindo	0	-0.71492327235183	0.15966188619253258
speech	inlatus	0	-0.71492327235183	0.15966188619253258
speech	niobe	0	-0.71492327235183	0.15966188619253258
speech	neuter	0	-0.71492327235183	0.15966188619253258
speech	proclamo	0	-0.71492327235183	0.15966188619253258
speech	ambrosius	0	-0.71492327235183	0.15966188619253258
speech	pelorus	0	-0.71492327235183	0.15966188619253258
speech	inhorreo	0	-0.71492327235183	0.15966188619253258
speech	effluo	0	-0.71492327235183	0.15966188619253258
speech	neglego	0	-0.71492327235183	0.15966188619253258
speech	meo	0	-0.71492327235183	0.15966188619253258
speech	echo	0	-0.71492327235183	0.15966188619253258
speech	squalor	0	-0.71492327235183	0.15966188619253258
speech	autololes	0	-0.71492327235183	0.15966188619253258
speech	taureus	0	-0.71492327235183	0.15966188619253258
speech	taeter	0	-0.71492327235183	0.15966188619253258
speech	itys	0	-0.71492327235183	0.15966188619253258
speech	stridulus	0	-0.71492327235183	0.15966188619253258
speech	phoebe	0	-0.71492327235183	0.15966188619253258
speech	orithyia	0	-0.71492327235183	0.15966188619253258
speech	immugo	0	-0.71492327235183	0.15966188619253258
speech	aen	0	-0.71492327235183	0.15966188619253258
speech	tritonis	0	-0.71492327235183	0.15966188619253258
speech	matutinus	0	-0.71492327235183	0.15966188619253258
speech	agamemnon	0	-0.71492327235183	0.15966188619253258
speech	perspicio	0	-0.71492327235183	0.15966188619253258
speech	uitreus	0	-0.71492327235183	0.15966188619253258
speech	phegeus	0	-0.71492327235183	0.15966188619253258
speech	plurimus	17	-0.715476959615148	0.1596298230291547
speech	canis	21	-0.715928965703592	0.15960364806357086
speech	crudesco	1	-0.716919250574609	0.1595463022156282
speech	infrendo	1	-0.716919250574609	0.1595463022156282
speech	perterreo	1	-0.716919250574609	0.1595463022156282
speech	eburnus	1	-0.716919250574609	0.1595463022156282
speech	crepo	1	-0.716919250574609	0.1595463022156282
speech	effodio	1	-0.716919250574609	0.1595463022156282
speech	picus	1	-0.716919250574609	0.1595463022156282
speech	perstringo	1	-0.716919250574609	0.1595463022156282
speech	amburo	1	-0.716919250574609	0.1595463022156282
speech	proturbo	1	-0.716919250574609	0.1595463022156282
speech	stratum	1	-0.716919250574609	0.1595463022156282
speech	qualiter	1	-0.716919250574609	0.1595463022156282
speech	incesso	1	-0.716919250574609	0.1595463022156282
speech	liquefacio	1	-0.716919250574609	0.1595463022156282
speech	trinacrius	1	-0.716919250574609	0.1595463022156282
speech	imperfectus	1	-0.716919250574609	0.1595463022156282
speech	montanus	1	-0.716919250574609	0.1595463022156282
speech	trano	1	-0.716919250574609	0.1595463022156282
speech	addo	67	-0.717756161148515	0.1594978380333333
speech	ambo	32	-0.718612822497431	0.15944823011455048
speech	habena	32	-0.718612822497431	0.15944823011455048
speech	inguen	5	-0.719028202674972	0.1594241760981792
speech	infundo	5	-0.719028202674972	0.1594241760981792
speech	thetis	5	-0.719028202674972	0.1594241760981792
speech	exanimis	5	-0.719028202674972	0.1594241760981792
speech	transtrum	5	-0.719028202674972	0.1594241760981792
speech	rus	13	-0.722265672474489	0.15923669928592474
speech	qua	13	-0.722265672474489	0.15923669928592474
speech	curuus	16	-0.723150461512232	0.15918546253667737
speech	gradus	30	-0.724622015359259	0.159100247155103
speech	subitus	24	-0.725086047395195	0.15907337578571007
speech	uero	51	-0.725436354760182	0.15905309003413123
speech	obicio	8	-0.726368956789415	0.1589990845093326
speech	chorus	10	-0.727825205720286	0.15891475541151387
speech	patulus	10	-0.727825205720286	0.15891475541151387
speech	ostento	10	-0.727825205720286	0.15891475541151387
speech	dens	19	-0.727902429744749	0.1589102834890459
speech	gaudeo	47	-0.729720340822324	0.1588050111019995
speech	ager	46	-0.730993970073682	0.15873125722417974
speech	ululatus	6	-0.731383297280176	0.1587087118946115
speech	tego	69	-0.733344436724213	0.15859514537689157
speech	silentium	18	-0.7346958871174	0.15851688499847122
speech	coruscus	9	-0.742607344351358	0.15805874488462945
speech	legio	3	-0.744103926214723	0.1579720801697761
speech	squama	3	-0.744103926214723	0.1579720801697761
speech	uallo	3	-0.744103926214723	0.1579720801697761
speech	calidus	7	-0.745038860406619	0.15791793959308545
speech	resono	7	-0.745038860406619	0.15791793959308545
speech	largus	11	-0.745298702721125	0.15790289253108053
speech	prorumpo	2	-0.747081927737027	0.15779962875961195
speech	cithaeron	2	-0.747081927737027	0.15779962875961195
speech	strepo	2	-0.747081927737027	0.15779962875961195
speech	tinguo	2	-0.747081927737027	0.15779962875961195
speech	duplico	2	-0.747081927737027	0.15779962875961195
speech	statio	2	-0.747081927737027	0.15779962875961195
speech	aeratus	4	-0.748180570083858	0.15773600809973048
speech	teres	4	-0.748180570083858	0.15773600809973048
speech	lapis	4	-0.748180570083858	0.15773600809973048
speech	ebur	4	-0.748180570083858	0.15773600809973048
speech	murus	86	-0.748990688350202	0.15768909541805978
speech	ramus	36	-0.749605699882618	0.1576534810621778
speech	gressus	29	-0.749975842702579	0.15763204667042674
speech	fleo	29	-0.749975842702579	0.15763204667042674
speech	prope	13	-0.751169987004994	0.1575628956416752
speech	tegmen	13	-0.751169987004994	0.1575628956416752
speech	augeo	13	-0.751169987004994	0.1575628956416752
speech	donec	35	-0.752206461894707	0.15750287500199722
speech	questus	5	-0.756283724571737	0.1572667670977543
speech	fastigium	5	-0.756283724571737	0.1572667670977543
speech	truncus	10	-0.758955457380059	0.15711205122977168
speech	attono	15	-0.759104344571747	0.15710342940538047
speech	candidus	8	-0.759478130396735	0.15708178405290643
speech	moles	52	-0.759771792808491	0.1570647785219689
speech	uestigium	40	-0.760158954772882	0.1570423585781841
speech	nudus	26	-0.762288907567685	0.15691901634336797
speech	progredior	1	-0.763617985968874	0.15684205149201141
speech	delecto	1	-0.763617985968874	0.15684205149201141
speech	breuiter	1	-0.763617985968874	0.15684205149201141
speech	decorus	1	-0.763617985968874	0.15684205149201141
speech	erilis	1	-0.763617985968874	0.15684205149201141
speech	procne	1	-0.763617985968874	0.15684205149201141
speech	hypseus	1	-0.763617985968874	0.15684205149201141
speech	impositus	1	-0.763617985968874	0.15684205149201141
speech	calx	1	-0.763617985968874	0.15684205149201141
speech	priamides	1	-0.763617985968874	0.15684205149201141
speech	fraxinus	1	-0.763617985968874	0.15684205149201141
speech	arethusa	1	-0.763617985968874	0.15684205149201141
speech	transuerbero	1	-0.763617985968874	0.15684205149201141
speech	improuisus	1	-0.763617985968874	0.15684205149201141
speech	serestus	0	-0.764287112704142	0.1568033034093757
speech	materia	0	-0.764287112704142	0.1568033034093757
speech	cogito	0	-0.764287112704142	0.1568033034093757
speech	uernus	0	-0.764287112704142	0.1568033034093757
speech	tapete	0	-0.764287112704142	0.1568033034093757
speech	subtexo	0	-0.764287112704142	0.1568033034093757
speech	hopleus	0	-0.764287112704142	0.1568033034093757
speech	butes	0	-0.764287112704142	0.1568033034093757
speech	resulto	0	-0.764287112704142	0.1568033034093757
speech	othrys	0	-0.764287112704142	0.1568033034093757
speech	theron	0	-0.764287112704142	0.1568033034093757
speech	praeuehor	0	-0.764287112704142	0.1568033034093757
speech	refringo	0	-0.764287112704142	0.1568033034093757
speech	grauiter	0	-0.764287112704142	0.1568033034093757
speech	spectabilis	0	-0.764287112704142	0.1568033034093757
speech	harenosus	0	-0.764287112704142	0.1568033034093757
speech	scribo	0	-0.764287112704142	0.1568033034093757
speech	tempe	0	-0.764287112704142	0.1568033034093757
speech	ilioneus	0	-0.764287112704142	0.1568033034093757
speech	limo	0	-0.764287112704142	0.1568033034093757
speech	languesco	0	-0.764287112704142	0.1568033034093757
speech	flebilis	6	-0.766820850480861	0.1566565786178305
speech	praecordia	6	-0.766820850480861	0.1566565786178305
speech	uireo	6	-0.766820850480861	0.1566565786178305
speech	circumdatus	6	-0.766820850480861	0.1566565786178305
speech	hiatus	14	-0.768874517418342	0.15653765397769062
speech	iuba	14	-0.768874517418342	0.15653765397769062
speech	paulum	14	-0.768874517418342	0.15653765397769062
speech	fluo	20	-0.77170684906054	0.15637363808243626
speech	horrendus	20	-0.77170684906054	0.15637363808243626
speech	armo	29	-0.771820937356324	0.15636703140767677
speech	impello	35	-0.772585658857101	0.15632274758169343
speech	clarus	43	-0.773174643480828	0.15628864040338408
speech	iugum	54	-0.774922187232017	0.1561874428781448
speech	ad	506	-0.778726270827252	0.15596715434724
speech	iaculum	7	-0.778881248876884	0.1559581798107922
speech	filius	3	-0.784310268030037	0.15564379380334487
speech	frenum	26	-0.78489392976345	0.1556099948652879
speech	uicis	18	-0.786215381364169	0.15553347167001721
speech	fragor	18	-0.786215381364169	0.15553347167001721
speech	barbaricus	4	-0.786297505323296	0.155528715999997
speech	pulsus	4	-0.786297505323296	0.155528715999997
speech	stamen	4	-0.786297505323296	0.155528715999997
speech	spuma	4	-0.786297505323296	0.155528715999997
speech	rumpo	59	-0.786821320845832	0.15549838266240446
speech	remus	30	-0.789446742545771	0.1553463485982715
speech	suscito	2	-0.789508474318926	0.15534277380784486
speech	stagno	2	-0.789508474318926	0.15534277380784486
speech	exundo	2	-0.789508474318926	0.15534277380784486
speech	patera	2	-0.789508474318926	0.15534277380784486
speech	acriter	2	-0.789508474318926	0.15534277380784486
speech	euboicus	2	-0.789508474318926	0.15534277380784486
speech	insono	2	-0.789508474318926	0.15534277380784486
speech	fragmen	2	-0.789508474318926	0.15534277380784486
speech	pyrrhus	2	-0.789508474318926	0.15534277380784486
speech	interior	2	-0.789508474318926	0.15534277380784486
speech	laetitia	2	-0.789508474318926	0.15534277380784486
speech	mulciber	2	-0.789508474318926	0.15534277380784486
speech	sonipes	10	-0.7895372981771	0.15534110466330237
speech	extemplo	10	-0.7895372981771	0.15534110466330237
speech	uates	44	-0.789889365508006	0.15532071699484998
speech	genu	12	-0.791569455001445	0.1552234256401695
speech	plaudo	8	-0.791911508391024	0.1552036178633962
speech	excio	5	-0.792526183442109	0.15516802299262183
speech	uapor	5	-0.792526183442109	0.15516802299262183
speech	instauro	5	-0.792526183442109	0.15516802299262183
speech	scopulus	35	-0.792827181457304	0.155150592668363
speech	uitta	17	-0.794410701318106	0.15505889351006072
speech	ferox	28	-0.797805535925912	0.15486230394789785
speech	insignis	23	-0.800903893578355	0.15468288290249044
speech	auium	6	-0.801400640787923	0.1546541170485634
speech	siccus	6	-0.801400640787923	0.1546541170485634
speech	agrestis	6	-0.801400640787923	0.1546541170485634
speech	obstipesco	6	-0.801400640787923	0.1546541170485634
speech	niger	32	-0.802919414004729	0.1545661672671425
speech	celer	19	-0.803634625480239	0.1545247504892821
speech	loco	9	-0.805559632962404	0.15441327631695898
speech	stabulum	9	-0.805559632962404	0.15441327631695898
speech	tollo	83	-0.806292642183903	0.15437082889946638
speech	flamma	97	-0.806349882040023	0.15436751422892925
speech	rupes	26	-0.807305876942835	0.15431215405941123
speech	ibi	13	-0.807714581121069	0.1542884866397177
speech	augustus	1	-0.807960978528298	0.15427421815126355
speech	munimen	1	-0.807960978528298	0.15427421815126355
speech	iactus	1	-0.807960978528298	0.15427421815126355
speech	plumbum	1	-0.807960978528298	0.15427421815126355
speech	ardesco	1	-0.807960978528298	0.15427421815126355
speech	uer	1	-0.807960978528298	0.15427421815126355
speech	tremo	36	-0.809760231129852	0.15417002624737916
speech	callaicus	0	-0.810651006881322	0.1541184428169039
speech	uirrius	0	-0.810651006881322	0.1541184428169039
speech	scopulosus	0	-0.810651006881322	0.1541184428169039
speech	populeus	0	-0.810651006881322	0.1541184428169039
speech	mapalis	0	-0.810651006881322	0.1541184428169039
speech	fluctuo	0	-0.810651006881322	0.1541184428169039
speech	cloanthus	0	-0.810651006881322	0.1541184428169039
speech	bibulus	0	-0.810651006881322	0.1541184428169039
speech	cephalus	0	-0.810651006881322	0.1541184428169039
speech	assuetus	0	-0.810651006881322	0.1541184428169039
speech	tagus	0	-0.810651006881322	0.1541184428169039
speech	ignesco	0	-0.810651006881322	0.1541184428169039
speech	palma	30	-0.810725065127357	0.154114154219713
speech	cunctor	18	-0.811535511615421	0.15406722253123586
speech	cursus	68	-0.811982813264479	0.1540413199923785
speech	umeo	7	-0.811986001534092	0.15404113536467207
speech	conicio	7	-0.811986001534092	0.15404113536467207
speech	unguis	12	-0.820116777794491	0.1535702948290534
speech	multus	112	-0.822730916225366	0.15341891416138342
speech	uentus	76	-0.82287998888466	0.15341028159685327
speech	neptunium	3	-0.823152070978004	0.15339452574840048
speech	auriga	3	-0.823152070978004	0.15339452574840048
speech	traicio	3	-0.823152070978004	0.15339452574840048
speech	uicissim	4	-0.823287993989993	0.15338665465937795
speech	iacio	14	-0.82370504525009	0.15336250387322967
speech	luna	14	-0.82370504525009	0.15336250387322967
speech	ingredior	5	-0.827822464142309	0.15312407058537486
speech	alium	19	-0.828331295191824	0.15309460497517724
speech	coetus	16	-0.82939743178097	0.15303286667287994
speech	raptim	2	-0.830257064528053	0.15298308668507687
speech	costa	2	-0.830257064528053	0.15298308668507687
speech	antiquo	2	-0.830257064528053	0.15298308668507687
speech	phineus	2	-0.830257064528053	0.15298308668507687
speech	uenator	2	-0.830257064528053	0.15298308668507687
speech	coerceo	2	-0.830257064528053	0.15298308668507687
speech	successus	2	-0.830257064528053	0.15298308668507687
speech	frango	50	-0.832580695981001	0.1528485288221069
speech	nubilum	25	-0.835019371721077	0.15270730892441398
speech	caelo	6	-0.835172902642187	0.15269841818891539
speech	palla	6	-0.835172902642187	0.15269841818891539
speech	decurro	6	-0.835172902642187	0.15269841818891539
speech	armus	6	-0.835172902642187	0.15269841818891539
speech	paulatim	9	-0.836173074732345	0.15264049978757718
speech	arduus	40	-0.836811796099092	0.1526035124322745
speech	turma	21	-0.83742324489052	0.15256810438915053
speech	cum	461	-0.839126455728398	0.15246947411357847
speech	pugna	71	-0.840673023600704	0.15237991478713214
speech	protinus	38	-0.842685640509329	0.15226336728995554
speech	notus	38	-0.842685640509329	0.15226336728995554
speech	umbo	7	-0.844391920711982	0.15216455927227027
speech	nox	164	-0.848799853248335	0.1519093027936858
speech	rigeo	10	-0.849146457680168	0.15188923147317404
speech	transigo	1	-0.850253033707211	0.15182515138628083
speech	gyas	1	-0.850253033707211	0.15182515138628083
speech	arctos	1	-0.850253033707211	0.15182515138628083
speech	pernix	1	-0.850253033707211	0.15182515138628083
speech	sex	1	-0.850253033707211	0.15182515138628083
speech	reprimo	1	-0.850253033707211	0.15182515138628083
speech	monile	1	-0.850253033707211	0.15182515138628083
speech	testudo	1	-0.850253033707211	0.15182515138628083
speech	uelo	14	-0.850571712725157	0.15180669718280815
speech	lingua	26	-0.851565876632933	0.15174912670591412
speech	dulichius	0	-0.854503410347422	0.15157901872320348
speech	offenso	0	-0.854503410347422	0.15157901872320348
speech	ancora	0	-0.854503410347422	0.15157901872320348
speech	lucius	0	-0.854503410347422	0.15157901872320348
speech	rado	0	-0.854503410347422	0.15157901872320348
speech	destringo	0	-0.854503410347422	0.15157901872320348
speech	sergestus	0	-0.854503410347422	0.15157901872320348
speech	stupefacio	0	-0.854503410347422	0.15157901872320348
speech	porticus	0	-0.854503410347422	0.15157901872320348
speech	arbustum	0	-0.854503410347422	0.15157901872320348
speech	hiems	16	-0.855151243961861	0.15154150369188968
speech	uenus	25	-0.857303623799287	0.15141686274211416
speech	piger	4	-0.85923386871289	0.1513050852783285
speech	oliua	4	-0.85923386871289	0.1513050852783285
speech	flammo	4	-0.85923386871289	0.1513050852783285
speech	tremulus	3	-0.860744242552953	0.15121762189167706
speech	glisco	3	-0.860744242552953	0.15121762189167706
speech	incito	3	-0.860744242552953	0.15121762189167706
speech	subsisto	3	-0.860744242552953	0.15121762189167706
speech	turris	21	-0.860999718405096	0.15120282768467785
speech	alacer	5	-0.862232919825702	0.15113141491930243
speech	apertus	5	-0.862232919825702	0.15113141491930243
speech	sinus	24	-0.863417095774455	0.15106284114231963
speech	cantus	15	-0.865650646692791	0.15093349970221104
speech	nodus	9	-0.866244952695048	0.15089908437119437
speech	figo	50	-0.867280945194111	0.1508390916660044
speech	noto	20	-0.868687462202112	0.15075764246605167
speech	nemus	49	-0.869352065834237	0.15071915630924426
speech	mox	49	-0.869352065834237	0.15071915630924426
speech	sensim	2	-0.869494953540922	0.1507108819056456
speech	respondeo	2	-0.869494953540922	0.1507108819056456
speech	praefigo	2	-0.869494953540922	0.1507108819056456
speech	tonsa	2	-0.869494953540922	0.1507108819056456
speech	castor	2	-0.869494953540922	0.1507108819056456
speech	tacitus	12	-0.875956687369537	0.15033669300664604
speech	prora	7	-0.876134783818253	0.15032637971986756
speech	glomero	7	-0.876134783818253	0.15032637971986756
speech	intorqueo	7	-0.876134783818253	0.15032637971986756
speech	gladius	7	-0.876134783818253	0.15032637971986756
speech	occurro	10	-0.87821566506416	0.15020587914169353
speech	scindo	10	-0.87821566506416	0.15020587914169353
speech	immanis	25	-0.879398916763012	0.15013735888657687
speech	turbidus	16	-0.880600426067169	0.1500677813620943
speech	aestus	16	-0.880600426067169	0.1500677813620943
speech	litus	141	-0.880770437144215	0.15005793628654263
speech	aduersus	21	-0.884348444938486	0.14985073945165892
speech	cauus	21	-0.884348444938486	0.14985073945165892
speech	mulceo	8	-0.885475880462604	0.1497854514239171
speech	uerso	13	-0.889583450007877	0.14954758849633826
speech	aeacides	11	-0.890604953842744	0.14948843480702967
speech	infesto	1	-0.890740467055066	0.14948058744886486
speech	candor	1	-0.890740467055066	0.14948058744886486
speech	assisto	1	-0.890740467055066	0.14948058744886486
speech	iactans	1	-0.890740467055066	0.14948058744886486
speech	tuba	15	-0.891458778478647	0.14943899115786038
speech	incipio	20	-0.892322569147678	0.1493889703913009
speech	diua	4	-0.894208149006823	0.14927977941095677
speech	atrium	5	-0.895812193828143	0.14918689168429466
speech	autumnus	0	-0.896213066557044	0.14916367777158254
speech	claua	0	-0.896213066557044	0.14916367777158254
speech	anfractus	0	-0.896213066557044	0.14916367777158254
speech	congemino	0	-0.896213066557044	0.14916367777158254
speech	tegimen	0	-0.896213066557044	0.14916367777158254
speech	talis	157	-0.898718088731537	0.14901861585564724
speech	abdo	6	-0.900474486732514	0.14891690559465193
speech	ceruus	6	-0.900474486732514	0.14891690559465193
speech	bellator	6	-0.900474486732514	0.14891690559465193
speech	mico	14	-0.90326512486534	0.14875530410531107
speech	aequor	143	-0.904093000762202	0.1487073631070324
speech	capillus	16	-0.905753559432878	0.14861120275174927
speech	nouo	10	-0.90682045864708	0.14854942028702783
speech	ordior	10	-0.90682045864708	0.14854942028702783
speech	nescius	7	-0.907247648352733	0.1485246823993553
speech	sublimus	2	-0.907364648412415	0.14851790710890284
speech	spumeus	2	-0.907364648412415	0.14851790710890284
speech	oborior	2	-0.907364648412415	0.14851790710890284
speech	fatidicus	2	-0.907364648412415	0.14851790710890284
speech	uallis	18	-0.910063055009083	0.14836164660355844
speech	pondus	35	-0.911502913407897	0.14827826665581417
speech	colligo	8	-0.91551397685367	0.1480459922455089
speech	implico	8	-0.91551397685367	0.1480459922455089
speech	aer	8	-0.91551397685367	0.1480459922455089
speech	comminus	20	-0.915725233633293	0.1480337586958348
speech	mixtus	20	-0.915725233633293	0.1480337586958348
speech	furo	48	-0.923668805219664	0.14757375889007593
speech	primus	231	-0.924038351841596	0.14755235902322017
speech	luceo	9	-0.924855090511707	0.1475050629643225
speech	diffundo	4	-0.928276263701113	0.14730694817609624
speech	roseus	4	-0.928276263701113	0.14730694817609624
speech	tramitto	4	-0.928276263701113	0.14730694817609624
speech	retorqueo	1	-0.929625390466498	0.14722882235532742
speech	murmur	21	-0.930383307953995	0.14718493253911072
speech	conor	16	-0.930618866140303	0.14717129173298613
speech	grando	3	-0.93256990090066	0.14705831036169303
speech	hastile	3	-0.93256990090066	0.14705831036169303
speech	lapsus	3	-0.93256990090066	0.14705831036169303
speech	aesonides	10	-0.934978792042674	0.1469188152434868
speech	nestor	0	-0.9360664517454	0.1468558305713471
speech	insilio	0	-0.9360664517454	0.1468558305713471
speech	discurro	0	-0.9360664517454	0.1468558305713471
speech	pilum	0	-0.9360664517454	0.1468558305713471
speech	irruo	0	-0.9360664517454	0.1468558305713471
speech	menoetes	0	-0.9360664517454	0.1468558305713471
speech	sagax	0	-0.9360664517454	0.1468558305713471
speech	compleo	7	-0.937761119691563	0.14675769500127203
speech	intentus	2	-0.943988599587593	0.14639707138110403
speech	immitis	2	-0.943988599587593	0.14639707138110403
speech	corono	2	-0.943988599587593	0.14639707138110403
speech	monstro	28	-0.94645750923109	0.14625410068535383
speech	lumen	97	-0.952237965923411	0.14591936347970857
speech	uacuus	27	-0.95260040680907	0.14589837509492604
speech	ceres	9	-0.95343533509669	0.14585002570372943
speech	tres	9	-0.95343533509669	0.14585002570372943
speech	tenuis	26	-0.959093870521067	0.14552234876800962
speech	incubo	5	-0.960671301711078	0.14543100219510935
speech	stridor	5	-0.960671301711078	0.14543100219510935
speech	intono	4	-0.961497069289143	0.14538318328627448
speech	radio	4	-0.961497069289143	0.14538318328627448
speech	uadum	20	-0.961854772821746	0.1453624692341976
speech	bipennis	3	-0.966970240417373	0.14506624050701003
speech	conclamo	3	-0.966970240417373	0.14506624050701003
speech	minax	3	-0.966970240417373	0.14506624050701003
speech	eminus	3	-0.966970240417373	0.14506624050701003
speech	seco	15	-0.967047836719401	0.14506174702653057
speech	crista	15	-0.967047836719401	0.14506174702653057
speech	frondeo	1	-0.967075864385736	0.14506012398821214
speech	columna	1	-0.967075864385736	0.14506012398821214
speech	abies	1	-0.967075864385736	0.14506012398821214
speech	iaculus	17	-0.968249598853262	0.1449921548610753
speech	aqua	50	-0.969403651585263	0.1449253254724579
speech	attonitus	11	-0.972619551277679	0.14473909775136712
speech	pendeo	24	-0.973241132978781	0.1447031029272932
speech	denso	8	-0.974016504304828	0.14465820238658622
speech	redimio	0	-0.974291384828613	0.1446422844854037
speech	immisceo	0	-0.974291384828613	0.1446422844854037
speech	uoluto	2	-0.979472829932804	0.14434223510389282
speech	postis	9	-0.981558215441469	0.14422147369090776
speech	prospicio	9	-0.981558215441469	0.14422147369090776
speech	lacrima	76	-0.982965026120778	0.14414000748490896
speech	sedeo	51	-0.98337780774331	0.14411610394679375
speech	urgeo	20	-0.984591953007395	0.1440457946936361
speech	uulgus	25	-0.987169321781705	0.14389654329926513
speech	purpureus	10	-0.9900228019089	0.14373130272832366
speech	ouo	15	-0.991661208651475	0.14363642515654831
speech	tectum	54	-0.991943550132042	0.1436200752030285
speech	passim	17	-0.992015056007354	0.14361593440963394
speech	ardens	5	-0.992037652095598	0.14361462590550703
speech	profor	5	-0.992037652095598	0.14361462590550703
speech	thorax	4	-0.99392370358946	0.14350540761353414
speech	lampas	7	-0.997101431191902	0.14332139037846753
speech	late	33	-0.998164865899754	0.14325980853788986
speech	uibro	11	-0.999187057139275	0.14320061504205295
speech	luctor	8	-1.00252564064602	0.14300728289316827
speech	libo	8	-1.00252564064602	0.14300728289316827
speech	arista	1	-1.0032332757998	0.14296630484824885
speech	aereus	1	-1.0032332757998	0.14296630484824885
speech	latratus	1	-1.0032332757998	0.14296630484824885
speech	tremefacio	1	-1.0032332757998	0.14296630484824885
speech	coepio	14	-1.00478066034208	0.1428766982297217
speech	puppis	60	-1.00960692347965	0.14259721688034577
speech	demitto	22	-1.01100483027314	0.14251626628444786
speech	frons	76	-1.01144950110737	0.14249051609196223
speech	lanio	2	-1.01390977721506	0.14234804535076664
speech	uulnus	137	-1.01552331413472	0.1422546079515366
speech	spargo	57	-1.01652686436705	0.14219649392726907
speech	occupo	19	-1.01699311178912	0.1421694942683303
speech	atrox	5	-1.02274680135916	0.14183630710486894
speech	leo	23	-1.02404662872674	0.14176103613511618
speech	misceo	39	-1.02513605869339	0.1416979489497616
speech	refugio	4	-1.02560430555058	0.1416708335066624
speech	consurgo	7	-1.02597921023179	0.14164912336297455
speech	spumo	18	-1.0275364798687	0.141558944314079
speech	niteo	8	-1.03056745983263	0.14138342500522566
speech	iam	574	-1.03543625440133	0.14110148072719786
speech	pulso	21	-1.04182866738843	0.14073130608970336
speech	excutio	21	-1.04182866738843	0.14073130608970336
speech	harundo	10	-1.04347199511462	0.14063614355146395
speech	remex	0	-1.04656226794211	0.14045719068562385
speech	aspecto	0	-1.04656226794211	0.14045719068562385
speech	femur	0	-1.04656226794211	0.14045719068562385
speech	freno	2	-1.0473805459588	0.14040980548557352
speech	orno	2	-1.0473805459588	0.14040980548557352
speech	concieo	2	-1.0473805459588	0.14040980548557352
speech	contra	80	-1.04795299682372	0.1403766557513757
speech	ex	174	-1.05032053509343	0.14023955531332316
speech	nimbus	16	-1.05089298671255	0.14020640553545077
speech	auidus	20	-1.05155135133332	0.14016828067003229
speech	ostrum	6	-1.05238309594183	0.1401201156407132
speech	taceo	37	-1.0525732506694	0.14010910407786703
speech	obliquo	5	-1.05283349100438	0.14009403396711903
speech	ligo	5	-1.05283349100438	0.14009403396711903
speech	tumultus	14	-1.05375145483987	0.14004087611722396
speech	contorqueo	7	-1.05435982234629	0.14000564650649527
speech	fulgeo	27	-1.05503432787541	0.13996658694632078
speech	horreo	26	-1.06248859244324	0.13953492214466406
speech	rostrum	9	-1.06335687480524	0.1394846412711903
speech	achates	1	-1.07213255934022	0.13897645510611342
speech	osculum	20	-1.07346900617493	0.13889906356029688
speech	praeceps	33	-1.07412351113581	0.13886116220174557
speech	qualis	47	-1.07929404714651	0.13856174454877548
speech	desilio	2	-1.0799567100183	0.13852337077836344
speech	quasso	6	-1.08106862095463	0.13845898175521792
speech	parma	6	-1.08106862095463	0.13845898175521792
speech	ico	7	-1.08226465242503	0.13838972144352019
speech	utrimque	5	-1.0823296993648	0.1383859546769802
speech	miserabilis	5	-1.0823296993648	0.1383859546769802
speech	continuo	4	-1.08689854536353	0.13812137995147966
speech	effero	23	-1.08736303799783	0.13809448190955592
speech	maereo	9	-1.08981955574317	0.13795222880924546
speech	concutio	13	-1.09287251670978	0.13777543661490815
speech	insto	30	-1.09300262831518	0.1377679020553514
speech	fremo	27	-1.09496839143692	0.13765406778768774
speech	in	1491	-1.09701805579749	0.1375353749305162
speech	iuuentus	16	-1.09724055660814	0.13752249025659247
speech	uarius	35	-1.09959185604979	0.1373863301836732
speech	unda	181	-1.10126543888788	0.1372894156192267
speech	ater	66	-1.10166475760275	0.1372662916970364
speech	mnestheus	1	-1.10506671498531	0.1370692896661285
speech	ut	347	-1.1071012995976	0.13695147005359312
speech	celsus	40	-1.10907668448508	0.1368370786045252
speech	torqueo	40	-1.10907668448508	0.1368370786045252
speech	creber	6	-1.10924964551865	0.13682706270160533
speech	intendo	5	-1.11126492783603	0.1367103608547768
speech	acer	33	-1.11139924264488	0.1367025828942826
speech	boreas	8	-1.11207308085492	0.13666356197751225
speech	singultus	0	-1.114156405145	0.13654291992647144
speech	appareo	4	-1.11658852377905	0.13640207974053226
speech	certatim	4	-1.11658852377905	0.13640207974053226
speech	imber	18	-1.11742956459577	0.1363533763823363
speech	membrum	71	-1.11951391072679	0.1362326751580849
speech	caecus	31	-1.12427992867735	0.1359566825132572
speech	lorica	3	-1.12643719110447	0.13583175882034954
speech	prosilio	3	-1.12643719110447	0.13583175882034954
speech	liquidus	11	-1.12680782610119	0.13581029592741214
speech	gena	19	-1.12771029081792	0.13575803560724176
speech	fluctus	47	-1.12884727665958	0.1356921945355491
speech	quatio	25	-1.13107402631574	0.13556324694589503
speech	strido	15	-1.13375870728701	0.1354077812700487
speech	ter	35	-1.13587716651599	0.13528510460965193
speech	cacumen	7	-1.13672570766835	0.13523596691875056
speech	procurro	1	-1.13709798986315	0.1352144086391488
speech	paueo	18	-1.1393788426705	0.13508232802063386
speech	exterreo	5	-1.13966645108088	0.13506567306744677
speech	procedo	5	-1.13966645108088	0.13506567306744677
speech	cornu	57	-1.14085218765474	0.13499700891710506
speech	adfor	4	-1.14568597951562	0.13471709159113818
speech	rigo	0	-1.14646046202624	0.13467224252034238
speech	totus	139	-1.14780792532204	0.13459421302849534
speech	erigo	21	-1.14850169241046	0.13455403806154936
speech	stupeo	11	-1.15136570015778	0.13438818785259307
speech	gurges	32	-1.15479945182416	0.13418934466443966
speech	senex	41	-1.15582153279387	0.13413015755415503
speech	flexus	3	-1.15617964997681	0.13410941954823413
speech	uallum	12	-1.15748290911122	0.13403394985023193
speech	anhelo	12	-1.15748290911122	0.13403394985023193
speech	lego	20	-1.15924206462907	0.13393207990574765
speech	per	527	-1.1651635784834	0.1335891743004827
speech	piceus	1	-1.16829456586957	0.13340786371823243
speech	pes	61	-1.1737667369145	0.1330909788522276
speech	oculus	103	-1.17444740654688	0.13305156233847476
speech	naeuius	0	-1.17787921535237	0.1328528316583566
speech	ubi	168	-1.18134538403625	0.1326521112514243
speech	arcus	33	-1.18461095262998	0.13246300728194726
speech	alo	101	-1.18910578172293	0.1322027187596881
speech	ingemo	7	-1.18950781306209	0.1321794377536681
speech	pauor	10	-1.19530623466084	0.13184366022839103
speech	necnon	1	-1.19871662753884	0.13164616971113646
speech	uir	285	-1.20000496227865	0.1315715642614818
speech	sagitta	20	-1.20104483755503	0.1315113467107306
speech	defigo	4	-1.20222374047259	0.13144307828673646
speech	spiculum	12	-1.20470548969745	0.13129936407091236
speech	cuneus	0	-1.20848171688433	0.1310806886610443
speech	laxo	13	-1.21049487508105	0.1309641098187208
speech	parum	13	-1.21049487508105	0.1309641098187208
speech	subito	27	-1.21146365807603	0.13090800911078762
speech	laeuus	29	-1.21380291985455	0.1307725461201117
speech	conspicio	8	-1.2152344682133	0.13068964739378947
speech	ceruix	26	-1.22021088639642	0.13040147080058828
speech	sicut	1	-1.22841759783921	0.12992623297733014
speech	infio	0	-1.23832848358262	0.12935230908587952
speech	ingemino	0	-1.23832848358262	0.12935230908587952
speech	uiridis	17	-1.23840288901596	0.12934800038361485
speech	corripio	18	-1.24620973450805	0.12889591817211793
speech	neruus	5	-1.24841463111076	0.12876823605860804
speech	fuluus	13	-1.255786331956	0.12834135239298577
speech	uisus	26	-1.25828322635109	0.12819676114404277
speech	fremitus	2	-1.2597511648951	0.12811175511901127
speech	atque	437	-1.26389315635358	0.12787189887227907
speech	uultus	108	-1.26412219181298	0.1278586357870673
speech	sonitus	11	-1.26984740718633	0.12752709751979882
speech	cassis	12	-1.27359486629811	0.12731008802416266
speech	concito	5	-1.27449279922114	0.12725809013307715
speech	gemo	20	-1.28262645235689	0.1267870830021067
speech	uestis	34	-1.28398247654236	0.12670855776252923
speech	commoueo	1	-1.28584198604931	0.12660087647550322
speech	pronus	16	-1.29489612186096	0.1260765656325294
speech	ab	356	-1.29551858677821	0.12604051966278979
speech	ualidus	12	-1.29606761400636	0.1260087263547596
speech	penna	23	-1.30729343117575	0.125358656841159
speech	glaucus	1	-1.31364660112706	0.12499075470648577
speech	aduolo	1	-1.31364660112706	0.12499075470648577
speech	pellis	2	-1.31474852262071	0.12492694415634102
speech	agger	19	-1.31517278333907	0.12490237588174127
speech	densus	16	-1.31585626461317	0.12486279655021423
speech	aeneas	69	-1.3200117937141	0.12462215635978242
speech	increpo	3	-1.32271773782413	0.12446545936882893
speech	emico	5	-1.32544717902282	0.12430740169822371
speech	accendo	18	-1.32841959579913	0.1241352736919648
speech	sonus	11	-1.33778135384717	0.12359314892644392
speech	hinc	115	-1.34688116729848	0.12306619296280331
speech	ferio	18	-1.34855094552435	0.12296949871749954
speech	ardeo	50	-1.35140594300448	0.12280417027902295
speech	rapidus	34	-1.35267669343013	0.12273058310949711
speech	castra	59	-1.35551041009039	0.12256648701001313
speech	effundo	29	-1.35909589832768	0.1223588569943746
speech	nisus	6	-1.3676033520234	0.12186620365765036
speech	secus	26	-1.36951840671658	0.12175530583576986
speech	effor	3	-1.37434739690502	0.12147566656714352
speech	exclamo	3	-1.37434739690502	0.12147566656714352
speech	ensis	102	-1.3797244422951	0.1211642902790218
speech	aura	82	-1.38794471006089	0.12068826743030263
speech	aurum	69	-1.38794565261552	0.12068821284843828
speech	ceu	45	-1.39338018529986	0.12037350756102379
speech	super	94	-1.39599110207021	0.12022231345467568
speech	for	39	-1.39947516537327	0.12002055679833626
speech	umerus	39	-1.39947516537327	0.12002055679833626
speech	uoluo	23	-1.40160505972063	0.11989721794812014
speech	obuius	22	-1.41329919030982	0.11922002913688372
speech	collum	44	-1.4147498390324	0.11913602433836765
speech	heros	21	-1.42554981017664	0.11851061490200338
speech	circum	42	-1.42721388883513	0.1184142507097317
speech	ruo	84	-1.43288092629481	0.11808608143444584
speech	sermo	6	-1.43819640843114	0.11777827017805562
speech	percutio	13	-1.44877878009906	0.11716546158701037
speech	perfundo	7	-1.45486873349871	0.1168128019111379
speech	nec	7	-1.45486873349871	0.1168128019111379
speech	mons	85	-1.4549666555172	0.11680713140021026
speech	undique	23	-1.45667479507429	0.1167082157102178
speech	maestus	42	-1.45832150874299	0.1166128570973437
speech	grauis	52	-1.45977295501308	0.1165288061140988
speech	aether	41	-1.48053809446501	0.11532632936789164
speech	diuersus	20	-1.49449700995251	0.11451799040562044
speech	ductor	62	-1.50996831765997	0.11362207117547496
speech	nudo	10	-1.51005026446663	0.11361732576407704
speech	iuuenis	101	-1.52139888182196	0.11296014508378457
speech	sterno	39	-1.54134821978372	0.11180491012585056
speech	sanguineus	7	-1.5427563504556	0.11172336748114661
speech	laetus	55	-1.54373810421133	0.1116665156567464
speech	geminus	42	-1.56509022106608	0.11043004796725306
speech	ira	147	-1.58722495242037	0.10914826029620504
speech	clamo	10	-1.59191805803148	0.10887648989091024
speech	pectus	216	-1.59536630581611	0.10867680725522284
speech	ille	695	-1.59769310484315	0.1085420659629917
speech	coma	34	-1.59793433473384	0.10852809671733764
speech	inter	115	-1.60144834359826	0.1083246059603787
speech	impleo	28	-1.60806724210911	0.1079413159004575
speech	tunc	94	-1.608890404825	0.10789364783511685
speech	subeo	78	-1.61326475364301	0.10764033613713223
speech	sono	34	-1.61364714557583	0.10761819241841471
speech	uertex	43	-1.61741913685883	0.10739976230311482
speech	tergum	83	-1.61984688707655	0.10725917508533256
speech	pariter	45	-1.63250999590802	0.1065258742596972
speech	nubes	51	-1.63618569256058	0.10631302041582841
speech	uox	125	-1.6549064981896	0.10522892784369456
speech	trepidus	35	-1.66663696484245	0.10454963486784606
speech	saxum	74	-1.69056085603914	0.10316423974880984
speech	currus	52	-1.6990278097796	0.10267393170114736
speech	gemitus	30	-1.69960090439908	0.10264074468812988
speech	crinis	34	-1.70639180335705	0.10224749435134765
speech	aes	34	-1.70639180335705	0.10224749435134765
speech	ala	25	-1.75669442203449	0.09933454838375744
speech	ingens	123	-1.76259815104636	0.09899267267090146
speech	os	318	-1.77752299900622	0.09812839807000341
speech	galea	27	-1.7801413497804	0.0979767734721213
speech	at	189	-1.78427980593278	0.09773712194943564
speech	silua	69	-1.78706771595609	0.09757567844064974
speech	ictus	23	-1.83079046388849	0.09504376249610731
speech	interea	33	-1.83623626527511	0.09472840465576954
speech	telum	159	-1.8367490631922	0.09469870933047535
speech	ac	150	-1.85313648658617	0.09374973927385151
speech	et	3336	-1.8636968903959	0.09313820280711338
speech	hortor	5	-1.86420098854693	0.09310901127166413
speech	haereo	31	-1.87209571830507	0.09265183981978299
speech	dico	277	-1.88476709882683	0.09191805999350099
speech	leuis	38	-1.90280158128956	0.0908737113224258
speech	cuspis	22	-1.92364603396278	0.08966664167163022
speech	sic	197	-1.93762847268495	0.08885694051563277
speech	turbo	71	-1.9808622329353	0.08635334108291574
speech	medius	190	-1.99025267171755	0.08580955546093727
speech	fundo	60	-2.04536972518824	0.08261781310488958
speech	altus	63	-2.05035536563299	0.0823291024649423
speech	uelut	14	-2.15161701965178	0.07646519846747823
speech	latus	53	-2.15508398616509	0.07626443185949157
speech	clamor	42	-2.17288427293859	0.07523364509446631
speech	suus	246	-2.22253198548752	0.07235862371641741
speech	clipeus	32	-2.23837162912224	0.07144137472885095
speech	inde	56	-2.27511979528116	0.06931334590563243
speech	pars	100	-2.33408250410387	0.06589890766326836
speech	equus	88	-2.35078324422097	0.06493179392527729
speech	agmen	80	-2.42484922379735	0.06064274889710272
speech	simul	67	-2.62222555017817	0.04921299455935024
speech	hasta	58	-2.64877489735764	0.04767556339091536
speech	postquam	32	-2.68614658279267	0.04551142754168486
speech	sui	240	-2.91345315765904	0.03234845932904404
speech	inquam	9	-3.13888092789713	0.019294289753725297
speech	tum	155	-3.42426985831344	0.0027678631797563025
speech	aio	43	-3.47206709438706	0.0
